service,hour,day_of_week,is_weekend,queue_length,counters_open,wait_minutes
General Enquiry,15,4,0,29,2,63.15
Document Verification,15,5,1,16,4,29.18
Document Verification,14,2,0,14,4,19.14
Customer Support,16,1,0,21,3,58.2
Document Verification,16,5,1,5,1,32.64
Customer Support,15,2,0,13,4,22.36
Account Services,10,4,0,38,2,169.55
Document Verification,15,0,0,42,2,118.28
Bill Payment,15,4,0,1,1,4.08
Account Services,15,1,0,20,4,34.49
Account Services,15,4,0,28,2,114.32
General Enquiry,14,5,1,25,2,50.0
Customer Support,16,0,0,17,1,125.18
General Enquiry,14,3,0,25,4,23.23
Bill Payment,9,0,0,40,1,139.39
Customer Support,10,3,0,25,3,59.43
Document Verification,12,6,1,33,1,210.82
Account Services,11,5,1,34,4,60.37
General Enquiry,9,3,0,14,4,15.03
Account Services,10,3,0,49,4,102.49
General Enquiry,14,0,0,27,3,36.29
General Enquiry,11,4,0,18,1,80.16
Customer Support,14,3,0,4,2,9.81
Account Services,16,0,0,33,1,271.01
Account Services,13,5,1,33,2,111.1
Bill Payment,16,0,0,33,4,28.02
General Enquiry,11,1,0,30,3,46.56
Customer Support,11,1,0,14,1,104.76
Customer Support,11,1,0,17,4,33.53
General Enquiry,10,3,0,60,1,258.18
Customer Support,17,1,0,18,4,33.64
Account Services,12,6,1,13,1,92.0
General Enquiry,10,0,0,15,4,19.02
General Enquiry,10,1,0,65,2,116.1
Customer Support,9,1,0,37,1,253.75
Customer Support,15,5,1,29,3,75.08
Customer Support,10,3,0,30,1,208.36
Account Services,14,2,0,48,4,96.87
General Enquiry,14,5,1,25,1,106.91
General Enquiry,17,5,1,47,4,41.99
Bill Payment,16,1,0,26,4,23.77
Document Verification,14,2,0,24,2,79.71
Bill Payment,13,3,0,39,1,122.91
Customer Support,9,3,0,45,3,91.02
Customer Support,17,4,0,9,1,50.1
Document Verification,9,1,0,32,1,188.3
Customer Support,11,6,1,41,3,87.41
Customer Support,11,1,0,16,1,105.62
Customer Support,13,6,1,7,1,44.45
Customer Support,16,5,1,55,4,101.1
Document Verification,16,5,1,32,1,193.39
Document Verification,12,4,0,5,3,5.53
Document Verification,11,2,0,12,2,37.86
Bill Payment,11,5,1,24,4,22.87
Customer Support,16,3,0,31,3,67.92
General Enquiry,15,0,0,42,1,173.88
Document Verification,9,4,0,50,3,113.61
General Enquiry,16,2,0,45,3,53.94
Document Verification,14,0,0,15,1,94.73
Account Services,13,4,0,48,3,137.0
General Enquiry,17,5,1,7,1,27.91
Customer Support,15,1,0,30,3,65.84
Document Verification,12,3,0,5,2,17.12
Document Verification,12,0,0,43,3,85.95
General Enquiry,12,4,0,37,4,41.78
Customer Support,14,0,0,50,1,345.51
Document Verification,16,3,0,24,2,82.09
Document Verification,16,3,0,53,1,349.01
General Enquiry,9,4,0,43,4,49.34
Customer Support,9,1,0,43,1,340.38
Bill Payment,14,6,1,5,1,16.29
Customer Support,11,2,0,23,4,42.74
Customer Support,15,5,1,7,4,16.52
General Enquiry,16,3,0,13,1,54.7
Account Services,17,5,1,32,3,96.69
Account Services,15,2,0,6,1,43.98
Account Services,16,1,0,9,3,26.8
Account Services,14,3,0,55,3,148.26
Document Verification,12,6,1,6,2,17.33
Document Verification,12,5,1,19,3,32.78
Customer Support,14,4,0,21,2,72.87
General Enquiry,14,2,0,39,3,49.43
Bill Payment,16,2,0,32,3,41.11
Customer Support,15,3,0,22,4,41.49
Bill Payment,11,3,0,5,4,5.76
Customer Support,9,0,0,15,2,58.94
Customer Support,9,3,0,27,4,51.19
Document Verification,10,3,0,70,2,199.13
Document Verification,15,1,0,22,3,39.95
Document Verification,13,3,0,42,1,260.14
Bill Payment,16,5,1,25,4,18.5
Customer Support,15,0,0,8,2,28.78
Customer Support,9,4,0,29,1,205.81
General Enquiry,9,1,0,45,1,188.9
Document Verification,15,4,0,19,1,127.37
Bill Payment,13,3,0,32,4,28.3
General Enquiry,16,2,0,28,2,52.87
Customer Support,17,4,0,17,3,36.08
Document Verification,17,4,0,30,2,83.84
General Enquiry,15,3,0,27,3,40.82
Document Verification,17,3,0,47,3,80.54
Account Services,15,5,1,28,2,133.44
General Enquiry,11,5,1,17,3,16.9
Account Services,15,6,1,24,2,87.77
General Enquiry,16,4,0,42,1,185.12
Bill Payment,9,0,0,10,2,18.95
Document Verification,15,0,0,40,4,55.8
General Enquiry,14,1,0,25,4,20.48
Document Verification,12,4,0,10,4,8.53
Document Verification,16,6,1,26,2,86.36
Customer Support,10,4,0,43,1,347.99
Document Verification,11,5,1,20,2,53.91
Account Services,17,1,0,18,2,62.03
Account Services,9,2,0,24,2,108.19
Customer Support,15,3,0,29,3,59.35
Customer Support,17,2,0,34,3,75.32
Customer Support,11,2,0,26,2,93.76
Bill Payment,16,4,0,25,4,24.77
Bill Payment,16,4,0,12,4,10.35
Account Services,14,2,0,25,4,59.94
Document Verification,9,2,0,6,1,33.98
Document Verification,11,0,0,15,1,97.87
Account Services,10,6,1,30,2,105.99
Account Services,16,1,0,26,1,198.71
Account Services,16,3,0,17,4,26.5
Customer Support,15,2,0,31,1,211.25
Customer Support,15,1,0,5,1,30.63
Customer Support,10,5,1,39,1,281.47
Bill Payment,14,4,0,41,4,34.76
Customer Support,15,6,1,34,4,58.5
Customer Support,17,0,0,25,2,91.94
Bill Payment,10,3,0,7,2,12.16
Bill Payment,9,4,0,48,1,161.21
General Enquiry,17,1,0,8,3,7.87
Document Verification,13,0,0,3,4,8.93
Bill Payment,10,4,0,38,4,29.47
Document Verification,9,3,0,39,3,62.44
General Enquiry,14,1,0,18,1,71.8
Account Services,12,5,1,26,3,78.97
General Enquiry,12,6,1,26,3,34.11
Customer Support,9,5,1,48,4,96.4
Bill Payment,10,4,0,63,1,216.88
Customer Support,15,4,0,18,4,37.08
Account Services,16,6,1,47,3,134.13
Account Services,9,0,0,6,1,52.33
Customer Support,15,6,1,13,4,32.2
Bill Payment,12,0,0,26,3,30.49
Bill Payment,12,5,1,24,1,92.75
Document Verification,11,1,0,35,1,189.57
Customer Support,10,3,0,18,3,42.55
General Enquiry,17,1,0,8,3,9.99
Bill Payment,15,2,0,41,4,39.19
Account Services,9,2,0,33,1,283.38
Document Verification,14,2,0,14,3,30.21
Bill Payment,14,3,0,21,3,26.96
General Enquiry,15,0,0,8,1,27.8
Bill Payment,11,1,0,13,4,11.28
Customer Support,15,0,0,19,4,32.22
Bill Payment,11,2,0,38,1,132.9
Bill Payment,13,3,0,26,3,27.03
General Enquiry,17,0,0,15,2,28.31
General Enquiry,11,6,1,31,1,129.44
General Enquiry,13,6,1,14,2,25.98
Customer Support,15,2,0,28,2,81.52
Customer Support,12,0,0,36,4,58.7
Bill Payment,17,3,0,2,2,1.36
Customer Support,9,2,0,10,2,33.58
General Enquiry,17,4,0,27,2,54.96
General Enquiry,13,4,0,11,4,13.32
Account Services,9,6,1,61,2,248.23
Document Verification,14,1,0,25,2,75.98
Customer Support,14,1,0,51,3,126.56
Account Services,12,4,0,5,2,22.09
General Enquiry,14,5,1,20,3,31.2
Customer Support,16,5,1,10,1,61.64
Bill Payment,11,1,0,10,3,13.23
Document Verification,17,4,0,30,3,71.08
Account Services,12,3,0,12,3,33.05
Bill Payment,12,1,0,14,4,13.58
Account Services,14,5,1,54,2,239.98
Customer Support,17,0,0,54,3,131.2
Document Verification,11,4,0,9,3,18.58
Bill Payment,10,4,0,14,4,11.56
Account Services,16,0,0,45,4,83.46
Account Services,17,2,0,20,1,189.77
Bill Payment,17,4,0,37,1,144.54
Bill Payment,14,3,0,13,1,45.82
Bill Payment,13,2,0,58,3,61.17
Document Verification,15,0,0,20,4,27.44
Bill Payment,15,5,1,39,2,65.43
Bill Payment,11,1,0,21,3,21.55
Account Services,16,6,1,29,1,197.71
Bill Payment,9,0,0,7,2,13.06
Bill Payment,10,0,0,71,1,271.93
General Enquiry,9,2,0,19,2,38.11
Account Services,15,5,1,10,2,41.28
Customer Support,10,5,1,13,1,91.11
Document Verification,17,5,1,29,1,193.84
Customer Support,17,6,1,14,4,21.93
Bill Payment,15,0,0,38,3,40.56
Account Services,9,6,1,21,3,57.14
General Enquiry,16,2,0,15,3,19.56
Account Services,14,4,0,2,3,1.56
Document Verification,14,5,1,35,1,239.86
Account Services,9,2,0,15,1,106.74
Customer Support,9,2,0,13,1,100.55
General Enquiry,11,2,0,11,2,23.21
Account Services,10,5,1,11,4,15.05
Account Services,14,2,0,47,1,383.07
General Enquiry,17,3,0,18,1,72.74
Customer Support,16,6,1,35,1,237.71
Document Verification,14,3,0,12,1,83.63
General Enquiry,14,4,0,25,2,56.51
Customer Support,17,5,1,27,2,97.66
Bill Payment,14,2,0,20,3,20.44
Bill Payment,10,3,0,15,3,18.22
Account Services,11,3,0,26,4,46.92
Document Verification,17,5,1,40,2,103.44
Customer Support,15,6,1,24,3,49.86
Bill Payment,13,3,0,22,1,74.04
Customer Support,14,0,0,49,2,167.42
Bill Payment,17,0,0,16,4,14.24
Account Services,12,0,0,26,1,237.28
Document Verification,14,6,1,27,2,85.33
Bill Payment,16,0,0,53,2,93.04
Account Services,13,3,0,34,3,93.82
General Enquiry,9,4,0,15,2,27.0
Account Services,12,1,0,18,1,165.81
Bill Payment,9,4,0,45,3,50.3
Bill Payment,9,1,0,69,3,85.93
Account Services,11,3,0,26,4,41.9
Bill Payment,9,0,0,38,4,33.21
Document Verification,12,5,1,32,2,89.12
Account Services,11,1,0,25,4,58.02
General Enquiry,17,4,0,10,4,10.72
Bill Payment,13,6,1,52,4,40.89
Customer Support,12,1,0,4,2,12.13
Document Verification,13,1,0,4,4,6.58
Bill Payment,17,5,1,56,1,178.52
Account Services,9,2,0,12,1,110.1
Bill Payment,13,4,0,41,3,56.18
Document Verification,17,0,0,15,2,53.41
Customer Support,12,2,0,8,4,18.57
General Enquiry,15,1,0,23,2,53.22
Document Verification,10,5,1,38,1,223.47
Bill Payment,17,0,0,29,2,52.67
Bill Payment,11,5,1,32,3,43.9
Bill Payment,13,5,1,46,1,156.98
Account Services,14,1,0,22,4,47.41
Customer Support,17,4,0,41,2,153.8
Account Services,13,3,0,10,1,86.64
General Enquiry,15,1,0,5,4,2.15
Bill Payment,10,2,0,55,2,102.72
Customer Support,10,5,1,13,2,43.38
Bill Payment,10,4,0,7,3,7.31
Account Services,15,0,0,36,4,66.99
General Enquiry,10,1,0,16,2,30.14
General Enquiry,11,2,0,11,1,37.32
Account Services,15,0,0,29,4,60.49
Account Services,14,3,0,50,4,90.89
Document Verification,9,4,0,27,2,83.01
Document Verification,16,6,1,43,1,292.25
Document Verification,16,0,0,26,4,39.99
Document Verification,17,3,0,17,2,47.29
Document Verification,9,4,0,50,4,66.56
Document Verification,10,1,0,52,4,82.49
Customer Support,16,2,0,46,1,315.69
Customer Support,12,4,0,31,2,119.37
Customer Support,10,4,0,63,1,403.34
Customer Support,13,5,1,24,4,35.84
Bill Payment,10,1,0,30,1,107.51
Document Verification,15,0,0,18,4,25.51
Customer Support,15,0,0,18,4,24.55
Account Services,13,1,0,55,2,203.33
Document Verification,11,0,0,35,2,97.6
Account Services,16,4,0,9,2,39.2
General Enquiry,10,2,0,59,4,53.59
Customer Support,16,3,0,41,2,155.54
General Enquiry,17,0,0,56,3,79.82
General Enquiry,16,1,0,7,3,6.95
Document Verification,13,3,0,43,3,78.25
Document Verification,15,2,0,8,3,19.14
General Enquiry,15,5,1,19,4,18.69
General Enquiry,17,1,0,44,1,191.65
Document Verification,12,4,0,14,4,19.43
Bill Payment,14,2,0,4,3,2.86
Bill Payment,14,4,0,18,2,26.31
Customer Support,12,2,0,21,4,40.36
Bill Payment,15,5,1,20,4,15.51
Document Verification,11,2,0,31,1,199.95
Customer Support,13,0,0,45,2,178.71
Customer Support,16,0,0,12,2,44.24
Document Verification,17,5,1,13,2,37.07
Bill Payment,9,0,0,11,4,8.54
General Enquiry,15,0,0,34,3,47.88
Account Services,13,4,0,11,2,38.22
Account Services,10,5,1,28,1,250.1
Customer Support,9,6,1,17,4,31.24
General Enquiry,11,6,1,21,3,31.66
General Enquiry,14,6,1,46,1,159.48
Document Verification,13,0,0,16,2,49.3
Document Verification,11,5,1,32,4,44.88
General Enquiry,14,5,1,35,4,35.7
General Enquiry,9,2,0,57,3,76.38
Customer Support,17,3,0,12,2,31.06
Document Verification,12,2,0,3,4,3.25
General Enquiry,17,6,1,22,1,85.2
Bill Payment,15,1,0,22,1,85.13
Bill Payment,17,5,1,16,1,57.62
Document Verification,17,0,0,43,4,67.82
Bill Payment,10,2,0,23,3,31.95
Account Services,17,6,1,19,4,34.96
General Enquiry,14,1,0,25,3,34.03
Account Services,11,3,0,26,1,186.83
General Enquiry,15,6,1,11,3,14.33
Customer Support,11,4,0,17,1,130.98
General Enquiry,10,3,0,28,3,42.98
Document Verification,17,0,0,53,1,283.72
Customer Support,10,5,1,47,3,106.49
Account Services,11,6,1,10,2,40.55
Account Services,15,2,0,23,1,195.87
Account Services,16,1,0,22,3,50.55
General Enquiry,9,6,1,31,1,135.35
Account Services,17,3,0,3,1,29.24
Account Services,9,6,1,74,4,147.74
Document Verification,9,0,0,50,4,75.14
Account Services,10,4,0,39,3,96.99
Document Verification,13,3,0,47,2,129.32
Bill Payment,10,5,1,60,2,114.44
Document Verification,12,1,0,20,4,24.76
General Enquiry,15,4,0,4,4,2.6
Bill Payment,9,2,0,21,2,38.07
Document Verification,13,2,0,52,4,68.32
Bill Payment,16,4,0,9,2,12.58
Account Services,11,3,0,15,1,111.31
Account Services,9,4,0,39,3,82.77
Account Services,11,2,0,28,2,113.12
Bill Payment,14,1,0,21,1,63.56
General Enquiry,16,5,1,31,4,29.14
Document Verification,16,3,0,57,3,111.03
Customer Support,13,3,0,52,1,358.55
General Enquiry,16,3,0,50,2,89.98
Bill Payment,9,5,1,34,4,28.14
General Enquiry,17,5,1,20,3,29.43
General Enquiry,13,0,0,32,2,72.38
Bill Payment,10,4,0,22,2,41.61
Account Services,10,3,0,22,3,64.59
Account Services,13,4,0,36,2,162.88
Account Services,12,5,1,6,1,60.7
Bill Payment,10,2,0,44,4,40.12
Document Verification,17,3,0,25,2,67.01
Account Services,14,2,0,18,1,125.98
Document Verification,11,2,0,8,2,20.04
Account Services,12,6,1,5,2,19.45
Bill Payment,15,4,0,22,4,17.52
General Enquiry,15,0,0,46,4,50.99
Document Verification,16,5,1,9,2,32.89
General Enquiry,9,1,0,41,3,55.53
Account Services,16,2,0,21,1,166.98
Account Services,11,6,1,35,2,156.88
Customer Support,12,5,1,18,2,63.24
General Enquiry,10,5,1,32,2,61.04
Document Verification,17,0,0,62,4,92.89
Account Services,10,1,0,19,4,32.55
Bill Payment,14,2,0,30,3,31.77
Account Services,13,2,0,9,2,36.82
Bill Payment,10,1,0,46,2,71.16
Document Verification,9,5,1,61,4,104.61
Customer Support,9,6,1,77,1,513.85
Document Verification,13,5,1,53,2,168.92
Document Verification,9,4,0,24,1,127.02
Document Verification,17,6,1,11,3,20.01
Customer Support,13,3,0,19,2,64.33
General Enquiry,10,4,0,27,2,53.25
Customer Support,15,0,0,45,2,176.04
Customer Support,16,2,0,36,1,251.6
General Enquiry,9,3,0,41,3,58.17
Customer Support,16,4,0,41,3,104.04
General Enquiry,9,0,0,61,3,79.83
General Enquiry,10,6,1,18,2,38.52
Document Verification,15,0,0,39,1,239.82
Bill Payment,11,4,0,21,2,30.25
Customer Support,15,6,1,22,4,31.09
General Enquiry,11,5,1,24,3,37.63
Customer Support,9,2,0,21,2,68.53
General Enquiry,15,5,1,3,2,4.08
Document Verification,9,2,0,17,2,56.65
Account Services,13,5,1,51,3,133.96
General Enquiry,15,1,0,19,4,14.59
Document Verification,9,3,0,42,3,95.36
Document Verification,16,0,0,5,1,25.48
Account Services,13,5,1,35,2,160.58
Account Services,10,4,0,26,4,54.76
Customer Support,15,5,1,15,2,51.15
Account Services,11,4,0,12,2,55.01
Bill Payment,14,4,0,50,1,154.48
Account Services,9,0,0,83,1,716.09
General Enquiry,9,5,1,30,3,40.84
General Enquiry,17,6,1,9,2,19.72
Bill Payment,16,4,0,47,4,38.75
Document Verification,11,6,1,34,2,97.06
General Enquiry,13,6,1,15,2,25.49
Customer Support,17,5,1,42,1,333.76
Customer Support,15,0,0,31,1,238.12
Customer Support,15,6,1,27,3,62.93
General Enquiry,14,2,0,59,2,108.59
Document Verification,13,2,0,5,2,14.93
Document Verification,14,2,0,39,3,79.25
Customer Support,13,0,0,19,3,48.3
Account Services,15,2,0,9,1,74.46
Bill Payment,14,6,1,29,3,32.84
Bill Payment,13,1,0,9,2,16.74
Customer Support,17,2,0,7,3,20.76
Customer Support,12,5,1,7,4,9.24
General Enquiry,12,1,0,38,1,155.3
Document Verification,10,5,1,5,4,7.41
Account Services,16,5,1,48,2,191.22
Document Verification,14,6,1,10,2,22.99
Bill Payment,16,2,0,27,1,83.87
Bill Payment,14,5,1,61,2,119.38
General Enquiry,17,6,1,39,4,41.57
Account Services,9,0,0,63,4,107.45
Customer Support,13,2,0,20,3,53.24
Account Services,10,4,0,32,2,140.59
Document Verification,17,2,0,4,2,12.47
Customer Support,9,5,1,57,3,138.15
Bill Payment,12,3,0,19,1,57.97
Document Verification,14,4,0,34,4,49.9
Customer Support,16,6,1,5,1,25.51
Document Verification,10,2,0,22,1,128.76
General Enquiry,12,5,1,32,4,37.64
Account Services,9,2,0,67,2,282.76
Account Services,13,4,0,9,4,23.02
Document Verification,14,0,0,64,2,202.71
General Enquiry,11,0,0,33,2,76.35
Bill Payment,16,6,1,51,4,42.27
Document Verification,14,2,0,14,2,43.49
Customer Support,16,3,0,23,3,46.29
Bill Payment,16,2,0,42,1,163.48
Bill Payment,11,5,1,36,4,35.65
General Enquiry,17,1,0,43,2,95.7
Bill Payment,12,2,0,7,3,9.89
Customer Support,12,3,0,29,1,176.27
Document Verification,14,2,0,27,2,79.38
Bill Payment,14,1,0,45,3,52.32
Document Verification,16,4,0,28,4,44.64
Bill Payment,11,5,1,19,3,20.0
General Enquiry,16,1,0,12,4,12.25
Customer Support,12,6,1,24,4,45.69
Account Services,15,0,0,14,2,56.76
Customer Support,17,0,0,10,1,67.86
Bill Payment,13,3,0,27,4,25.55
Bill Payment,12,4,0,23,2,35.27
General Enquiry,12,3,0,9,4,9.66
Account Services,11,4,0,17,2,74.55
Customer Support,9,2,0,43,4,84.42
General Enquiry,10,5,1,5,1,23.4
Account Services,16,0,0,58,1,496.1
Account Services,15,3,0,35,3,90.92
General Enquiry,9,4,0,42,4,48.83
Bill Payment,10,2,0,6,4,4.92
Document Verification,14,3,0,9,3,18.35
General Enquiry,14,1,0,36,2,71.91
Account Services,17,3,0,6,2,23.77
Customer Support,16,0,0,26,3,62.94
Bill Payment,17,0,0,34,2,53.78
Document Verification,11,4,0,6,3,12.94
Bill Payment,15,2,0,16,1,57.78
Bill Payment,12,0,0,28,4,29.07
Customer Support,17,6,1,15,3,35.54
General Enquiry,10,6,1,58,2,121.9
Customer Support,14,3,0,5,2,15.85
Account Services,12,5,1,21,1,149.45
General Enquiry,15,5,1,18,2,33.35
Account Services,15,1,0,17,4,35.29
Document Verification,13,1,0,22,2,66.55
Document Verification,14,2,0,31,4,35.21
Account Services,11,6,1,11,1,87.42
Account Services,9,0,0,38,1,310.82
Bill Payment,10,2,0,10,1,31.3
Customer Support,17,3,0,53,3,138.71
Account Services,10,6,1,28,3,68.58
Account Services,17,3,0,52,2,236.24
Bill Payment,14,4,0,28,3,33.34
Bill Payment,10,5,1,6,1,23.0
Account Services,9,6,1,8,1,62.83
Account Services,14,3,0,36,2,148.36
Document Verification,16,6,1,21,3,36.21
Document Verification,9,1,0,46,4,62.53
Document Verification,12,0,0,48,2,129.03
General Enquiry,15,1,0,23,1,81.23
Account Services,9,2,0,56,1,392.22
Document Verification,14,0,0,25,2,75.32
Customer Support,10,1,0,11,2,41.77
Account Services,16,1,0,40,3,110.3
Customer Support,11,5,1,4,1,21.45
Customer Support,13,6,1,53,1,347.91
Customer Support,13,6,1,42,3,110.0
Document Verification,9,4,0,18,4,19.39
Bill Payment,15,4,0,3,3,3.32
Bill Payment,17,3,0,17,4,17.89
Bill Payment,9,4,0,24,2,38.15
General Enquiry,14,1,0,15,2,34.04
Document Verification,12,3,0,8,4,9.91
General Enquiry,15,5,1,7,3,8.91
Bill Payment,17,4,0,38,4,30.98
Bill Payment,14,4,0,46,4,44.21
General Enquiry,16,4,0,33,3,40.58
Account Services,11,1,0,9,3,22.9
General Enquiry,13,6,1,43,2,74.83
Account Services,17,0,0,60,4,113.3
General Enquiry,14,0,0,17,3,27.53
Bill Payment,16,5,1,13,4,10.65
Document Verification,17,2,0,50,4,71.28
Customer Support,9,1,0,17,1,133.65
Bill Payment,10,0,0,55,4,46.49
Document Verification,14,3,0,21,1,133.75
Account Services,14,0,0,14,2,50.57
Customer Support,11,4,0,12,1,80.18
Document Verification,10,1,0,38,3,71.6
Bill Payment,17,3,0,32,1,123.81
Account Services,9,0,0,25,4,58.83
General Enquiry,9,1,0,48,4,54.39
Bill Payment,10,2,0,24,1,77.56
Account Services,11,0,0,33,1,304.56
General Enquiry,17,6,1,39,1,136.04
General Enquiry,10,3,0,63,1,266.88
Account Services,17,3,0,39,3,91.9
General Enquiry,13,4,0,26,4,21.25
Customer Support,9,6,1,14,3,31.77
Document Verification,9,1,0,43,3,87.86
Account Services,9,3,0,54,1,487.32
Document Verification,14,3,0,2,4,1.15
Customer Support,9,4,0,52,2,168.22
Customer Support,15,1,0,8,2,24.99
Account Services,16,0,0,12,4,26.14
Account Services,10,2,0,28,3,83.63
Bill Payment,9,3,0,52,1,174.87
Document Verification,11,4,0,34,4,42.9
Customer Support,14,2,0,53,2,213.91
Account Services,13,2,0,4,2,10.93
Customer Support,11,1,0,3,3,3.35
General Enquiry,13,5,1,13,2,29.66
Bill Payment,10,6,1,48,4,46.01
Account Services,16,1,0,18,2,76.93
Account Services,9,0,0,15,2,62.44
General Enquiry,12,0,0,16,1,63.41
Account Services,13,1,0,48,2,185.49
General Enquiry,9,0,0,21,4,19.22
Bill Payment,9,3,0,50,3,58.46
Document Verification,14,3,0,36,2,97.24
Document Verification,11,2,0,25,1,152.67
Bill Payment,16,6,1,35,2,67.44
Account Services,11,4,0,12,1,93.91
Account Services,16,5,1,22,2,77.39
General Enquiry,9,4,0,52,3,76.76
Bill Payment,12,6,1,2,1,8.34
Bill Payment,12,3,0,24,3,25.69
General Enquiry,12,1,0,13,3,17.69
Bill Payment,14,2,0,49,1,188.96
General Enquiry,10,2,0,3,3,4.83
Bill Payment,17,0,0,66,2,105.88
Account Services,15,6,1,23,3,54.12
Bill Payment,15,1,0,21,4,17.62
Document Verification,9,0,0,9,3,20.31
Account Services,17,0,0,38,4,76.2
Document Verification,9,5,1,33,3,61.44
Document Verification,11,3,0,4,3,12.92
Account Services,12,1,0,6,3,15.74
Customer Support,16,4,0,33,4,65.18
Account Services,11,5,1,15,1,102.79
Account Services,14,2,0,4,2,13.72
General Enquiry,12,0,0,18,3,22.92
Customer Support,14,4,0,48,1,379.32
General Enquiry,17,0,0,33,1,111.4
Bill Payment,11,5,1,29,4,23.22
Document Verification,17,5,1,33,2,102.01
Document Verification,12,5,1,45,4,68.31
Bill Payment,15,0,0,33,4,28.69
Document Verification,13,2,0,41,3,68.02
Account Services,16,1,0,23,3,62.77
Customer Support,14,2,0,42,1,290.96
Account Services,16,4,0,46,3,143.16
Bill Payment,17,3,0,35,4,31.76
Customer Support,15,3,0,6,3,14.16
Customer Support,12,4,0,25,1,154.05
Customer Support,9,0,0,49,2,159.54
Document Verification,14,5,1,54,1,363.36
Account Services,11,0,0,22,2,84.43
Bill Payment,16,3,0,19,4,15.17
General Enquiry,16,6,1,43,2,91.09
Document Verification,13,0,0,62,4,106.21
General Enquiry,13,3,0,40,4,37.31
Customer Support,13,1,0,44,2,165.21
General Enquiry,9,0,0,36,4,42.6
Customer Support,16,6,1,47,2,180.75
General Enquiry,11,1,0,2,4,3.94
Document Verification,16,2,0,16,4,23.86
Customer Support,10,3,0,9,4,9.89
Bill Payment,11,2,0,21,3,25.1
Account Services,15,3,0,10,2,37.19
Bill Payment,11,5,1,32,2,62.96
Bill Payment,15,6,1,5,3,7.47
Document Verification,12,3,0,24,3,48.3
Account Services,13,4,0,40,2,135.84
Document Verification,15,1,0,9,2,29.38
Customer Support,10,6,1,22,2,71.31
Customer Support,12,4,0,7,4,14.63
Bill Payment,15,2,0,8,1,27.1
General Enquiry,14,6,1,22,2,46.56
Document Verification,16,2,0,16,2,50.52
General Enquiry,10,6,1,15,2,30.18
Bill Payment,17,4,0,4,3,1.79
Document Verification,13,1,0,18,4,21.76
General Enquiry,12,5,1,21,4,20.14
General Enquiry,10,4,0,30,2,65.2
General Enquiry,15,6,1,39,4,43.66
Account Services,16,5,1,38,4,83.46
General Enquiry,12,5,1,45,4,45.34
General Enquiry,15,3,0,25,4,24.78
Document Verification,17,1,0,44,2,122.61
Account Services,10,0,0,10,4,15.6
Customer Support,16,5,1,7,2,23.67
General Enquiry,15,4,0,10,2,23.35
Bill Payment,10,1,0,7,4,3.85
Account Services,16,5,1,38,3,115.14
Bill Payment,17,2,0,45,3,59.4
Document Verification,9,5,1,10,4,20.03
Account Services,11,2,0,41,3,104.22
Document Verification,15,0,0,2,1,11.8
General Enquiry,14,3,0,26,3,29.39
Bill Payment,10,0,0,4,2,7.99
Document Verification,14,4,0,35,4,53.27
Bill Payment,9,5,1,31,2,56.24
Customer Support,16,4,0,30,4,54.64
Bill Payment,13,2,0,49,2,82.74
Account Services,14,5,1,20,2,82.13
Customer Support,9,5,1,46,4,83.55
General Enquiry,14,0,0,52,4,48.52
General Enquiry,11,3,0,12,2,24.64
Bill Payment,10,2,0,43,4,36.67
Customer Support,9,6,1,64,3,149.65
General Enquiry,11,1,0,14,3,14.98
Customer Support,10,4,0,3,4,9.48
Customer Support,12,2,0,31,3,78.49
Bill Payment,9,4,0,64,4,49.92
Customer Support,14,3,0,52,3,107.11
General Enquiry,12,6,1,6,1,24.99
Bill Payment,13,0,0,60,2,106.39
Document Verification,16,1,0,44,3,85.1
General Enquiry,11,2,0,24,3,29.67
Customer Support,16,1,0,14,2,53.55
Document Verification,16,0,0,40,1,237.41
Document Verification,9,4,0,21,2,62.73
Document Verification,9,2,0,12,1,61.79
Bill Payment,16,2,0,40,1,136.3
Bill Payment,17,4,0,6,4,3.62
General Enquiry,17,4,0,17,1,72.0
Customer Support,11,6,1,17,2,57.16
General Enquiry,10,4,0,29,4,27.56
Document Verification,10,6,1,32,1,167.24
Account Services,12,0,0,16,3,35.7
General Enquiry,13,0,0,78,4,68.7
Customer Support,11,0,0,4,1,33.5
General Enquiry,10,4,0,50,3,71.31
Account Services,10,0,0,14,2,49.95
Customer Support,10,1,0,31,4,52.06
Customer Support,13,6,1,17,1,110.28
Account Services,17,5,1,45,4,90.13
Document Verification,17,2,0,32,3,56.05
General Enquiry,12,4,0,17,2,35.51
Account Services,15,4,0,21,1,154.76
Bill Payment,11,2,0,37,2,67.04
Account Services,13,4,0,20,4,37.29
Account Services,16,3,0,11,4,16.17
General Enquiry,16,4,0,50,2,97.26
Account Services,14,4,0,3,2,11.72
Account Services,14,0,0,27,1,232.26
General Enquiry,11,3,0,24,3,26.8
Document Verification,10,3,0,56,1,304.69
Bill Payment,11,1,0,26,3,28.04
Account Services,14,3,0,48,3,136.96
General Enquiry,15,4,0,12,4,14.52
Document Verification,13,2,0,31,4,40.26
Account Services,13,4,0,54,4,124.72
Document Verification,10,0,0,62,3,132.99
Document Verification,14,0,0,37,2,110.74
General Enquiry,16,5,1,27,3,30.06
General Enquiry,12,3,0,2,2,3.06
General Enquiry,12,6,1,19,1,78.99
General Enquiry,9,2,0,25,4,24.17
Document Verification,11,3,0,22,4,22.93
Customer Support,12,2,0,34,3,88.82
Bill Payment,11,4,0,23,4,22.26
Document Verification,17,1,0,32,3,67.92
Customer Support,16,4,0,5,1,27.28
Account Services,15,6,1,15,3,34.71
General Enquiry,16,4,0,11,1,40.04
General Enquiry,14,0,0,17,3,23.21
Document Verification,10,5,1,32,3,67.64
General Enquiry,10,0,0,65,3,78.96
Bill Payment,9,5,1,16,2,27.5
Customer Support,10,6,1,64,3,158.04
Bill Payment,15,4,0,12,1,48.79
Document Verification,16,6,1,31,4,47.99
Account Services,16,2,0,38,1,269.38
General Enquiry,10,3,0,8,3,11.28
Account Services,17,6,1,60,2,263.79
Customer Support,15,4,0,28,3,72.07
Account Services,17,3,0,49,2,167.44
Account Services,12,6,1,26,4,50.0
General Enquiry,14,5,1,14,1,50.65
Account Services,17,6,1,5,3,10.48
Account Services,16,2,0,31,2,132.01
Customer Support,13,1,0,24,3,48.99
Bill Payment,13,1,0,40,2,76.68
Bill Payment,11,5,1,20,4,20.7
General Enquiry,16,5,1,37,2,69.44
Customer Support,10,6,1,46,3,119.0
Customer Support,9,4,0,26,4,43.08
Bill Payment,9,6,1,58,1,180.18
Document Verification,14,0,0,71,1,474.74
Document Verification,13,3,0,5,4,5.85
Account Services,17,1,0,20,3,51.64
Document Verification,11,5,1,43,3,84.24
Document Verification,14,3,0,17,1,105.15
General Enquiry,10,6,1,46,3,69.25
Bill Payment,9,6,1,17,3,23.84
Account Services,17,3,0,34,2,121.52
General Enquiry,15,1,0,15,3,16.7
Account Services,15,2,0,32,1,224.46
Account Services,11,5,1,39,2,173.58
Document Verification,10,3,0,40,2,112.04
Customer Support,15,6,1,1,3,2.05
Document Verification,10,3,0,34,3,61.85
Account Services,10,0,0,22,1,195.01
General Enquiry,12,5,1,35,3,45.45
Bill Payment,11,3,0,29,1,89.26
Customer Support,13,4,0,32,2,124.5
Account Services,17,4,0,30,3,67.9
Document Verification,14,2,0,27,1,152.73
Bill Payment,17,4,0,9,1,35.31
Customer Support,11,0,0,27,4,49.25
General Enquiry,14,2,0,43,3,53.11
Customer Support,14,6,1,51,4,97.51
General Enquiry,10,5,1,39,2,90.59
Document Verification,9,0,0,37,2,120.65
General Enquiry,15,3,0,22,1,76.22
Account Services,12,5,1,27,2,114.95
Document Verification,13,6,1,9,4,12.9
Customer Support,11,4,0,4,4,8.45
Customer Support,16,2,0,39,3,81.8
Customer Support,13,4,0,35,4,57.12
General Enquiry,9,0,0,15,3,20.34
General Enquiry,9,2,0,23,4,26.85
Bill Payment,11,0,0,4,3,4.56
Account Services,15,2,0,31,2,102.01
Bill Payment,15,4,0,9,4,6.27
Account Services,14,6,1,32,4,63.38
General Enquiry,16,5,1,49,1,215.37
Customer Support,9,5,1,42,2,163.15
Document Verification,17,4,0,29,3,61.54
General Enquiry,16,5,1,44,1,161.44
General Enquiry,17,6,1,19,2,39.92
Bill Payment,17,4,0,38,4,34.73
Customer Support,10,5,1,71,1,525.22
Document Verification,13,5,1,10,2,32.57
Document Verification,13,1,0,41,1,216.47
Document Verification,14,1,0,12,4,16.44
General Enquiry,13,4,0,34,2,63.62
General Enquiry,15,1,0,7,1,27.77
Account Services,9,2,0,66,2,252.34
Customer Support,13,1,0,10,4,11.9
Account Services,16,0,0,13,1,114.79
Account Services,13,1,0,25,1,192.95
Bill Payment,16,4,0,15,2,24.97
General Enquiry,14,4,0,8,1,36.62
Document Verification,17,6,1,48,1,284.69
Account Services,16,5,1,16,3,45.68
Account Services,12,2,0,17,3,48.14
Account Services,17,6,1,23,2,85.82
Customer Support,9,3,0,20,2,65.68
Bill Payment,14,3,0,13,4,14.33
General Enquiry,13,2,0,31,1,128.49
Document Verification,9,5,1,23,2,71.92
General Enquiry,11,2,0,9,4,8.06
Document Verification,15,1,0,19,1,106.65
Account Services,16,2,0,3,2,9.11
Bill Payment,16,6,1,29,1,99.29
Customer Support,17,1,0,50,3,130.07
Bill Payment,13,6,1,38,3,40.24
Account Services,14,0,0,46,3,117.45
Document Verification,9,0,0,7,2,16.1
Document Verification,11,5,1,37,3,78.02
Bill Payment,17,6,1,43,4,39.56
Account Services,13,5,1,57,1,413.65
Customer Support,10,3,0,53,2,167.55
Account Services,9,2,0,50,2,205.06
Account Services,12,2,0,25,3,75.09
Document Verification,12,0,0,20,1,123.79
Bill Payment,15,3,0,27,2,46.45
Customer Support,10,6,1,71,2,236.65
General Enquiry,15,4,0,27,3,31.18
Customer Support,10,5,1,36,1,247.33
Bill Payment,12,0,0,25,2,47.15
General Enquiry,10,2,0,11,3,15.39
Account Services,13,4,0,15,3,44.3
Bill Payment,11,6,1,7,4,4.17
Bill Payment,12,6,1,11,3,15.66
Document Verification,13,2,0,35,3,67.56
Account Services,10,6,1,27,3,76.3
Customer Support,9,0,0,74,3,166.45
Account Services,12,3,0,19,2,71.97
Document Verification,16,4,0,16,4,27.48
General Enquiry,15,6,1,8,3,10.69
Document Verification,10,1,0,56,2,181.76
Bill Payment,15,0,0,23,3,25.06
Account Services,16,4,0,12,2,57.45
Bill Payment,11,3,0,30,4,27.26
Document Verification,10,5,1,49,2,164.2
Bill Payment,9,1,0,39,3,47.86
Account Services,16,5,1,16,3,35.1
Customer Support,17,4,0,41,1,269.38
Document Verification,15,1,0,15,1,79.18
Bill Payment,9,0,0,5,2,8.05
Customer Support,9,1,0,41,2,141.34
Account Services,10,5,1,73,4,132.6
Document Verification,10,1,0,38,2,126.18
Bill Payment,9,3,0,49,1,174.52
Bill Payment,11,6,1,15,1,48.79
Account Services,14,1,0,4,4,10.07
Document Verification,14,5,1,17,3,32.33
Customer Support,15,5,1,19,1,138.74
Customer Support,12,4,0,36,4,65.62
Bill Payment,14,5,1,37,2,54.46
Customer Support,16,0,0,41,1,324.42
Document Verification,10,3,0,18,4,24.7
Account Services,12,2,0,11,1,82.83
Document Verification,17,5,1,33,1,220.97
Account Services,11,0,0,28,3,69.48
Document Verification,10,6,1,58,2,180.06
General Enquiry,12,2,0,11,2,23.5
Customer Support,13,4,0,26,4,43.68
Customer Support,15,5,1,19,1,150.99
General Enquiry,12,3,0,32,4,30.63
General Enquiry,15,5,1,38,2,79.6
Customer Support,14,4,0,36,4,55.62
Customer Support,14,5,1,13,4,23.91
Document Verification,16,2,0,41,1,216.36
General Enquiry,17,1,0,5,3,6.99
Account Services,11,0,0,26,2,102.86
General Enquiry,10,5,1,27,4,25.98
Bill Payment,13,2,0,5,4,3.43
Bill Payment,16,4,0,18,3,21.47
Bill Payment,16,0,0,58,4,52.92
General Enquiry,9,6,1,7,2,13.18
Account Services,14,2,0,52,2,181.04
Customer Support,12,4,0,15,3,34.9
Customer Support,11,4,0,32,3,68.55
Customer Support,9,1,0,27,1,197.19
Account Services,12,4,0,3,1,17.44
Document Verification,13,3,0,35,4,44.93
General Enquiry,15,0,0,25,4,28.88
Bill Payment,13,6,1,12,2,17.54
Document Verification,9,6,1,9,1,50.87
Customer Support,11,0,0,23,4,34.99
Document Verification,9,2,0,8,2,18.84
Account Services,9,3,0,10,2,36.43
General Enquiry,11,6,1,21,4,22.04
Account Services,14,5,1,26,1,188.03
Customer Support,11,0,0,19,2,65.77
Account Services,10,3,0,34,1,253.11
General Enquiry,16,3,0,36,4,34.34
Account Services,10,6,1,14,3,35.28
Bill Payment,9,5,1,73,2,147.46
Document Verification,16,4,0,23,4,35.41
Customer Support,15,5,1,43,1,343.15
General Enquiry,12,6,1,27,1,100.3
Account Services,14,5,1,55,2,239.64
Customer Support,14,1,0,15,4,32.6
General Enquiry,14,5,1,3,3,4.5
Account Services,11,6,1,16,1,133.3
Document Verification,12,0,0,33,2,95.26
Account Services,9,5,1,7,3,15.98
Customer Support,14,1,0,20,4,36.89
Bill Payment,11,3,0,26,1,96.56
Bill Payment,16,1,0,4,2,8.85
Customer Support,11,2,0,30,1,192.44
Account Services,17,2,0,36,4,80.25
Document Verification,14,2,0,44,2,114.69
Customer Support,10,5,1,76,4,142.38
General Enquiry,16,0,0,57,2,116.96
General Enquiry,14,3,0,38,3,58.4
Bill Payment,10,5,1,17,3,19.41
Document Verification,9,1,0,57,1,328.11
Customer Support,17,0,0,28,2,95.32
Bill Payment,15,0,0,11,1,34.59
General Enquiry,13,2,0,11,3,14.47
Customer Support,11,0,0,9,4,18.2
Bill Payment,9,0,0,26,4,22.82
Document Verification,16,0,0,48,1,313.58
Document Verification,17,1,0,23,3,45.31
Bill Payment,15,1,0,10,1,32.07
General Enquiry,10,2,0,51,4,44.4
Bill Payment,16,2,0,24,2,42.97
Account Services,15,6,1,27,1,226.7
Account Services,10,0,0,12,1,105.46
Bill Payment,9,2,0,12,4,9.4
Bill Payment,14,4,0,15,1,47.35
Customer Support,10,0,0,79,2,234.49
Bill Payment,12,6,1,44,2,68.57
Document Verification,12,4,0,22,3,46.46
Account Services,16,2,0,20,2,75.1
Customer Support,10,4,0,34,3,76.07
Customer Support,16,1,0,25,3,56.37
Bill Payment,9,1,0,12,4,10.35
Document Verification,12,2,0,24,1,162.63
Customer Support,11,0,0,44,1,334.61
Customer Support,13,5,1,54,2,195.71
Account Services,12,5,1,28,1,233.2
General Enquiry,13,4,0,40,2,79.89
Customer Support,11,6,1,8,1,61.87
Customer Support,11,3,0,7,2,26.32
Document Verification,9,1,0,20,1,105.37
Document Verification,10,3,0,3,4,4.98
Customer Support,11,0,0,37,1,274.1
Account Services,15,3,0,24,2,114.6
Bill Payment,14,0,0,44,2,84.6
Bill Payment,14,4,0,37,1,124.78
General Enquiry,14,3,0,6,2,13.0
Account Services,13,3,0,30,3,82.2
Document Verification,9,3,0,38,3,69.81
General Enquiry,12,0,0,5,4,3.14
Account Services,14,1,0,30,3,88.96
General Enquiry,9,4,0,13,2,21.87
Customer Support,10,2,0,41,3,96.03
General Enquiry,12,0,0,20,4,15.02
Customer Support,12,1,0,19,1,129.7
Bill Payment,11,6,1,39,1,146.38
Document Verification,12,3,0,6,1,36.39
Customer Support,11,4,0,32,4,59.69
Document Verification,12,4,0,32,3,66.94
Bill Payment,15,2,0,16,2,29.18
Customer Support,12,5,1,7,1,54.28
Bill Payment,13,0,0,60,1,188.58
Account Services,17,4,0,37,4,68.6
Customer Support,15,4,0,31,3,58.36
Document Verification,14,3,0,55,4,70.67
Account Services,10,3,0,10,4,19.81
Bill Payment,9,2,0,56,1,204.94
Customer Support,11,2,0,10,4,17.92
Document Verification,17,5,1,43,1,291.57
General Enquiry,12,1,0,30,3,42.53
Account Services,9,0,0,86,1,594.86
Document Verification,12,2,0,5,4,12.78
Document Verification,13,3,0,6,1,39.61
Bill Payment,17,5,1,22,2,33.99
Customer Support,15,5,1,13,4,22.11
Bill Payment,9,4,0,46,3,62.61
Customer Support,17,1,0,16,2,57.91
Customer Support,16,5,1,49,4,74.76
General Enquiry,10,6,1,40,4,42.52
Account Services,12,6,1,33,2,133.36
Bill Payment,15,6,1,5,3,5.9
Document Verification,9,4,0,36,3,68.24
Account Services,10,2,0,42,2,175.95
General Enquiry,10,3,0,38,2,79.48
Account Services,16,2,0,17,3,46.8
Bill Payment,9,6,1,35,4,30.33
Customer Support,11,4,0,18,2,71.81
Customer Support,10,4,0,67,1,397.76
Customer Support,11,2,0,24,1,171.17
Customer Support,11,3,0,18,3,39.39
Account Services,11,2,0,6,4,16.88
Account Services,11,4,0,6,1,43.84
Account Services,10,0,0,24,3,71.14
Document Verification,17,2,0,13,2,43.94
Customer Support,9,0,0,43,4,62.21
Document Verification,15,2,0,22,1,143.77
Account Services,9,4,0,33,1,274.39
General Enquiry,14,4,0,48,2,100.9
Account Services,11,4,0,30,2,132.39
Bill Payment,11,3,0,21,2,38.18
Account Services,10,3,0,60,4,136.31
Document Verification,11,5,1,11,2,30.92
Account Services,12,4,0,29,3,72.74
Bill Payment,16,6,1,5,1,15.39
Document Verification,14,6,1,30,2,87.12
Bill Payment,14,5,1,38,3,36.01
General Enquiry,10,6,1,47,2,105.74
General Enquiry,11,2,0,16,3,20.26
Account Services,17,1,0,36,4,60.1
General Enquiry,14,6,1,54,3,76.78
Document Verification,12,3,0,32,1,172.01
Account Services,15,4,0,25,4,51.14
Customer Support,16,0,0,34,4,53.01
General Enquiry,13,4,0,48,3,72.22
Customer Support,15,6,1,7,1,47.06
Account Services,16,3,0,57,3,134.1
Document Verification,16,0,0,14,4,28.41
Bill Payment,10,2,0,10,2,19.74
Bill Payment,16,3,0,12,4,10.96
Document Verification,9,5,1,45,4,64.94
Account Services,9,2,0,28,2,126.02
Document Verification,11,1,0,5,1,34.04
General Enquiry,16,5,1,11,3,13.54
Customer Support,16,2,0,15,2,58.8
General Enquiry,9,2,0,45,1,186.4
Document Verification,12,6,1,11,1,68.03
Document Verification,9,6,1,40,1,232.04
General Enquiry,15,4,0,18,1,78.57
Document Verification,12,3,0,24,1,146.6
Document Verification,10,3,0,31,4,49.83
General Enquiry,10,0,0,10,2,18.43
Bill Payment,17,3,0,23,2,44.56
Account Services,9,1,0,41,1,280.84
Bill Payment,11,3,0,15,1,45.68
Bill Payment,14,2,0,18,3,20.9
Document Verification,10,6,1,16,1,84.9
Account Services,14,1,0,45,3,137.83
Customer Support,15,5,1,17,4,28.53
Bill Payment,9,3,0,2,2,2.48
General Enquiry,14,6,1,58,2,119.41
Document Verification,13,6,1,66,2,192.79
Document Verification,12,5,1,36,2,107.72
Customer Support,12,0,0,37,1,237.09
General Enquiry,15,0,0,25,3,34.58
Bill Payment,10,6,1,6,1,22.59
Document Verification,10,6,1,43,2,116.89
Customer Support,15,2,0,2,2,3.58
Account Services,15,2,0,10,2,41.53
Bill Payment,15,2,0,16,1,55.23
General Enquiry,10,3,0,27,3,34.05
Account Services,12,3,0,29,4,51.9
General Enquiry,9,4,0,55,2,113.53
General Enquiry,10,2,0,14,1,64.98
Document Verification,17,2,0,42,3,80.52
Bill Payment,12,2,0,28,4,27.79
Document Verification,11,0,0,3,4,2.75
Bill Payment,16,1,0,4,1,13.23
General Enquiry,10,4,0,4,3,2.55
Document Verification,14,1,0,38,3,73.14
Account Services,9,6,1,38,4,68.84
Bill Payment,17,3,0,53,3,57.75
General Enquiry,16,2,0,17,4,12.2
Customer Support,13,5,1,42,3,100.37
Account Services,16,0,0,13,2,55.74
Customer Support,10,0,0,43,3,104.51
Document Verification,14,6,1,54,1,336.67
Bill Payment,10,5,1,31,4,26.13
Account Services,13,5,1,28,3,60.64
Account Services,15,3,0,37,4,74.69
Customer Support,14,6,1,35,4,67.75
Document Verification,17,0,0,19,4,26.77
Customer Support,13,3,0,31,2,120.34
Customer Support,12,4,0,18,2,70.19
Bill Payment,15,5,1,11,2,18.03
Customer Support,13,3,0,41,3,86.35
General Enquiry,16,3,0,45,2,79.13
Account Services,14,6,1,35,2,151.81
Account Services,10,0,0,17,3,42.2
General Enquiry,13,1,0,57,1,236.83
General Enquiry,10,2,0,31,1,126.89
Customer Support,10,0,0,61,2,200.21
Document Verification,13,4,0,7,3,12.5
Bill Payment,12,0,0,16,2,25.24
Account Services,17,3,0,26,3,79.08
Bill Payment,14,5,1,60,2,97.23
General Enquiry,10,1,0,42,3,52.68
General Enquiry,11,6,1,25,2,47.75
General Enquiry,15,5,1,11,3,18.13
Document Verification,11,0,0,14,3,27.93
Document Verification,16,5,1,61,2,163.23
General Enquiry,9,6,1,19,4,23.58
General Enquiry,13,6,1,67,4,61.66
General Enquiry,14,3,0,19,1,83.26
Account Services,10,2,0,24,4,40.48
Bill Payment,14,4,0,31,4,29.39
General Enquiry,9,6,1,37,4,42.08
General Enquiry,10,5,1,14,1,58.58
Customer Support,14,5,1,59,1,358.61
Customer Support,10,0,0,30,2,104.68
Bill Payment,9,2,0,51,2,86.56
Account Services,10,3,0,33,1,292.96
General Enquiry,11,1,0,10,4,7.98
General Enquiry,14,0,0,57,3,86.13
Customer Support,9,5,1,59,1,460.6
Document Verification,11,0,0,6,2,15.2
Customer Support,15,5,1,26,3,63.79
General Enquiry,13,6,1,30,3,45.9
Account Services,17,0,0,44,4,83.85
Bill Payment,13,5,1,53,2,89.39
Document Verification,11,5,1,32,3,62.51
Account Services,9,0,0,10,2,37.01
Customer Support,15,0,0,13,1,79.33
Account Services,15,2,0,5,2,22.94
Bill Payment,12,1,0,9,4,6.89
Bill Payment,9,0,0,59,2,105.3
Bill Payment,10,2,0,7,3,8.47
Bill Payment,16,3,0,32,2,55.08
Document Verification,9,4,0,20,4,26.29
General Enquiry,9,2,0,24,1,109.54
Document Verification,15,3,0,14,3,30.01
Account Services,16,1,0,43,2,190.42
Customer Support,11,5,1,23,3,62.72
General Enquiry,12,1,0,16,2,27.62
Bill Payment,12,6,1,15,4,15.23
Account Services,14,0,0,24,4,54.88
Bill Payment,14,3,0,5,2,9.88
Bill Payment,13,0,0,11,2,19.17
Customer Support,11,2,0,7,3,13.02
Account Services,10,3,0,12,3,37.6
Customer Support,11,0,0,40,3,94.93
Account Services,14,2,0,22,2,76.11
Bill Payment,12,0,0,11,2,19.69
Document Verification,16,3,0,46,3,107.97
General Enquiry,9,6,1,28,3,38.17
Bill Payment,9,5,1,8,1,25.97
Document Verification,13,0,0,18,3,40.09
Account Services,12,5,1,41,1,303.97
Customer Support,9,1,0,48,3,116.14
General Enquiry,16,2,0,24,2,50.22
Customer Support,13,6,1,26,4,47.9
Bill Payment,12,3,0,14,3,16.54
Account Services,14,0,0,50,3,146.73
Bill Payment,12,5,1,27,2,47.88
Account Services,15,6,1,8,1,66.0
Bill Payment,13,5,1,56,2,111.51
Document Verification,12,5,1,11,4,12.04
Document Verification,13,2,0,13,1,84.99
Bill Payment,14,6,1,5,4,6.38
Document Verification,9,4,0,48,4,80.42
General Enquiry,11,5,1,8,4,9.63
Bill Payment,17,6,1,62,4,49.33
Bill Payment,14,5,1,26,1,104.15
Bill Payment,17,5,1,27,2,44.56
Document Verification,11,1,0,4,2,12.86
Bill Payment,9,0,0,30,2,44.9
Account Services,14,4,0,34,3,82.35
General Enquiry,11,2,0,10,3,13.05
Customer Support,9,6,1,55,3,143.15
Customer Support,12,4,0,24,2,83.75
Customer Support,9,5,1,10,1,62.9
Customer Support,14,3,0,29,4,47.04
General Enquiry,13,4,0,49,4,46.14
Account Services,15,1,0,29,3,82.57
General Enquiry,11,4,0,32,3,43.89
Account Services,12,1,0,29,1,263.59
Document Verification,11,2,0,26,3,54.5
General Enquiry,17,6,1,15,3,22.79
Account Services,13,2,0,42,3,115.46
Customer Support,15,5,1,41,4,77.82
Account Services,15,0,0,23,2,97.65
Bill Payment,12,2,0,15,1,54.02
Bill Payment,13,5,1,38,1,128.01
Document Verification,11,5,1,3,4,5.56
Document Verification,16,0,0,71,3,152.41
Customer Support,11,6,1,4,3,8.22
Customer Support,10,0,0,47,2,178.38
Customer Support,15,3,0,31,2,114.41
Account Services,14,1,0,29,3,63.34
Bill Payment,9,4,0,52,3,64.49
Document Verification,11,5,1,2,4,4.57
Account Services,17,3,0,25,4,52.31
Document Verification,14,6,1,14,4,22.59
Account Services,10,3,0,40,3,120.56
General Enquiry,14,0,0,16,1,70.57
General Enquiry,12,2,0,11,2,18.22
Account Services,12,6,1,14,2,44.5
Customer Support,14,2,0,3,2,8.77
Bill Payment,12,0,0,46,4,40.82
General Enquiry,14,5,1,33,1,128.56
Customer Support,11,3,0,28,4,55.29
Bill Payment,16,6,1,47,1,156.49
General Enquiry,10,6,1,42,2,89.43
Customer Support,15,0,0,16,2,43.79
Customer Support,12,5,1,4,2,11.44
Customer Support,14,6,1,11,3,26.85
Document Verification,15,0,0,46,3,97.03
Customer Support,11,2,0,1,3,5.95
Bill Payment,11,6,1,18,4,17.42
Customer Support,13,3,0,22,3,55.8
Account Services,10,3,0,13,1,112.1
Bill Payment,15,2,0,30,1,114.83
Bill Payment,15,2,0,27,3,29.63
Customer Support,16,0,0,69,3,143.28
Customer Support,14,2,0,46,2,159.08
Bill Payment,15,4,0,2,1,7.14
General Enquiry,15,1,0,1,3,2.28
Customer Support,17,4,0,22,2,75.67
Bill Payment,9,0,0,25,2,44.99
Bill Payment,13,3,0,29,2,58.38
Document Verification,10,2,0,46,4,60.61
Account Services,17,6,1,32,3,78.6
Bill Payment,14,4,0,40,3,49.38
Customer Support,9,6,1,23,3,52.28
Account Services,10,1,0,37,3,86.99
Bill Payment,11,5,1,17,1,56.84
Document Verification,12,5,1,18,3,35.87
Bill Payment,16,6,1,40,3,46.8
Document Verification,17,0,0,46,4,72.03
Account Services,13,2,0,32,4,61.94
Bill Payment,17,6,1,45,3,54.46
Bill Payment,9,5,1,21,3,27.48
Document Verification,12,1,0,2,4,6.16
Bill Payment,15,0,0,30,2,54.08
General Enquiry,9,5,1,58,1,253.25
Customer Support,10,2,0,22,3,56.92
Document Verification,10,3,0,50,3,108.85
Bill Payment,14,1,0,51,2,90.81
Customer Support,13,0,0,12,1,81.56
Account Services,11,0,0,16,2,69.31
General Enquiry,17,0,0,5,2,11.13
Customer Support,17,5,1,55,3,120.96
Document Verification,12,4,0,16,1,94.85
Customer Support,17,1,0,9,3,21.91
Account Services,11,4,0,10,4,19.57
Document Verification,13,3,0,4,2,12.46
Document Verification,14,0,0,48,2,134.51
Bill Payment,14,4,0,54,2,86.39
General Enquiry,9,6,1,71,1,265.09
General Enquiry,16,6,1,37,3,42.8
Customer Support,17,2,0,19,2,75.58
Bill Payment,9,3,0,38,1,114.48
Account Services,11,6,1,8,2,30.68
Customer Support,17,3,0,49,2,173.77
Bill Payment,11,1,0,20,2,39.98
Document Verification,14,6,1,45,3,81.62
General Enquiry,14,4,0,15,3,19.84
Bill Payment,9,1,0,17,1,60.66
Account Services,10,4,0,34,4,73.18
Account Services,14,5,1,3,3,6.04
Account Services,12,0,0,47,1,403.92
Document Verification,10,5,1,49,1,272.54
Document Verification,11,1,0,36,2,116.59
Document Verification,16,5,1,31,1,163.01
Account Services,17,4,0,11,4,25.6
Bill Payment,14,2,0,23,1,76.59
Account Services,13,0,0,29,2,115.32
Bill Payment,17,0,0,23,3,24.16
Customer Support,9,3,0,49,1,382.01
Document Verification,15,6,1,28,2,82.88
Account Services,15,4,0,19,1,164.99
Document Verification,16,5,1,38,3,67.57
Document Verification,15,3,0,31,3,58.57
Document Verification,9,6,1,33,1,178.38
General Enquiry,11,4,0,16,4,15.02
Document Verification,9,1,0,19,2,60.42
Bill Payment,16,0,0,57,1,208.59
Bill Payment,17,3,0,27,3,27.19
Document Verification,9,2,0,21,4,36.47
Customer Support,17,0,0,52,2,204.03
General Enquiry,11,0,0,14,1,48.1
Document Verification,14,0,0,53,4,71.05
Bill Payment,12,0,0,49,1,145.66
Customer Support,12,0,0,10,2,38.11
Customer Support,12,0,0,35,1,232.98
Document Verification,17,6,1,41,4,58.37
Account Services,15,3,0,37,2,144.33
Account Services,14,3,0,50,4,94.2
Document Verification,17,2,0,38,4,54.55
Customer Support,16,2,0,40,2,134.54
Bill Payment,15,3,0,13,1,53.25
Account Services,17,6,1,35,1,315.99
Document Verification,14,2,0,25,1,150.61
Account Services,12,0,0,19,1,159.02
General Enquiry,11,3,0,11,1,46.94
Customer Support,11,2,0,7,3,18.19
Customer Support,15,1,0,16,1,120.61
Document Verification,17,3,0,40,1,251.85
Document Verification,13,3,0,47,4,70.94
General Enquiry,13,1,0,58,2,131.27
Document Verification,15,3,0,3,2,7.76
Bill Payment,15,4,0,2,2,2.55
Customer Support,11,2,0,13,1,78.23
Bill Payment,14,6,1,37,1,126.49
Document Verification,13,1,0,22,1,130.33
Bill Payment,16,5,1,17,2,30.7
Bill Payment,16,5,1,13,4,12.04
Account Services,12,5,1,6,4,11.73
Bill Payment,10,5,1,25,3,34.23
Account Services,12,3,0,4,3,12.88
Document Verification,13,4,0,49,4,78.09
Customer Support,14,0,0,65,2,254.0
Account Services,16,6,1,11,2,43.77
Account Services,14,5,1,21,2,86.78
Bill Payment,9,5,1,67,3,68.98
Bill Payment,9,5,1,57,1,180.21
Account Services,16,4,0,42,1,335.15
Customer Support,11,1,0,30,2,108.87
Customer Support,11,2,0,7,3,19.08
General Enquiry,15,0,0,21,1,75.67
Document Verification,16,6,1,15,2,50.79
Document Verification,12,2,0,5,4,8.74
Document Verification,11,5,1,21,3,47.23
Document Verification,13,4,0,20,3,45.75
Document Verification,10,6,1,51,4,89.28
Account Services,15,2,0,24,1,182.62
Bill Payment,15,2,0,29,3,29.38
Account Services,14,4,0,27,1,198.27
General Enquiry,15,1,0,24,3,31.43
Document Verification,16,2,0,40,1,251.09
Customer Support,9,4,0,47,1,277.77
Customer Support,10,5,1,6,3,14.49
Customer Support,9,3,0,36,3,97.27
Account Services,17,0,0,20,2,71.81
Document Verification,12,5,1,26,2,80.4
Account Services,17,2,0,19,1,154.52
General Enquiry,9,5,1,26,4,31.12
Bill Payment,14,3,0,32,4,29.65
General Enquiry,12,6,1,15,4,13.5
Document Verification,17,5,1,48,4,72.67
Document Verification,12,5,1,36,4,46.55
Document Verification,12,1,0,12,1,64.08
Document Verification,10,1,0,14,3,27.1
General Enquiry,14,6,1,43,1,177.32
General Enquiry,11,5,1,12,4,12.92
Document Verification,14,1,0,41,4,60.07
Account Services,11,2,0,7,1,59.02
Customer Support,15,3,0,21,1,125.69
Bill Payment,9,2,0,30,3,37.67
Document Verification,17,5,1,61,4,90.14
General Enquiry,17,3,0,46,4,51.49
Document Verification,17,5,1,38,3,64.59
Bill Payment,16,3,0,8,1,23.82
Document Verification,17,6,1,21,3,46.38
General Enquiry,15,2,0,34,3,47.27
Account Services,15,0,0,2,3,8.94
General Enquiry,15,2,0,8,2,17.84
General Enquiry,12,3,0,14,1,64.65
Customer Support,14,0,0,39,3,76.75
Document Verification,16,5,1,7,2,21.31
General Enquiry,12,4,0,33,4,37.12
Bill Payment,17,2,0,23,3,30.14
Document Verification,15,5,1,25,4,38.99
Account Services,16,0,0,33,3,99.41
Bill Payment,10,0,0,12,1,42.04
General Enquiry,13,6,1,62,1,212.82
Customer Support,11,3,0,10,4,11.4
Document Verification,14,5,1,66,1,390.14
Bill Payment,9,1,0,16,2,27.03
General Enquiry,16,3,0,25,1,92.16
Document Verification,10,3,0,47,3,86.6
Customer Support,16,1,0,17,3,45.31
General Enquiry,15,6,1,29,1,109.74
Bill Payment,15,2,0,27,2,55.98
General Enquiry,12,2,0,24,2,48.98
Customer Support,17,0,0,21,4,38.82
General Enquiry,9,3,0,18,4,16.9
Document Verification,12,5,1,12,3,27.11
Customer Support,9,4,0,37,3,88.99
Bill Payment,17,1,0,13,4,9.7
Account Services,13,1,0,21,1,178.96
Account Services,17,6,1,55,1,450.22
General Enquiry,13,1,0,40,1,160.53
Bill Payment,12,5,1,24,2,40.21
General Enquiry,17,6,1,37,2,76.8
Customer Support,16,0,0,66,1,480.22
Document Verification,10,3,0,3,2,3.88
Document Verification,14,6,1,26,2,77.14
Bill Payment,17,4,0,40,2,66.09
General Enquiry,9,5,1,32,4,29.39
Customer Support,16,2,0,17,2,63.41
General Enquiry,10,0,0,21,4,21.07
Bill Payment,14,6,1,53,4,48.9
Document Verification,12,6,1,49,1,330.8
Bill Payment,10,3,0,22,1,75.34
General Enquiry,10,5,1,55,3,81.41
Document Verification,11,4,0,14,4,24.37
Account Services,17,6,1,64,3,186.92
Customer Support,12,6,1,34,2,108.25
Document Verification,12,5,1,42,2,122.59
General Enquiry,14,3,0,8,2,16.51
Bill Payment,17,0,0,45,2,78.74
Document Verification,9,3,0,41,3,68.48
General Enquiry,12,6,1,10,3,16.48
Customer Support,10,3,0,26,3,65.54
Bill Payment,11,2,0,8,1,30.86
General Enquiry,16,5,1,4,2,8.43
Document Verification,17,3,0,33,4,57.14
Document Verification,13,2,0,7,1,36.07
Bill Payment,15,2,0,12,4,11.55
Bill Payment,14,2,0,45,3,54.33
Document Verification,10,1,0,48,1,314.15
Document Verification,10,3,0,46,3,98.73
General Enquiry,10,5,1,41,1,164.79
Customer Support,17,6,1,23,1,153.42
Account Services,13,1,0,35,1,300.3
General Enquiry,16,2,0,26,2,46.26
Customer Support,11,4,0,33,1,231.03
Account Services,14,0,0,32,3,75.89
General Enquiry,13,4,0,59,3,77.1
Document Verification,10,4,0,64,3,119.13
Bill Payment,15,6,1,31,4,28.24
Document Verification,11,2,0,39,1,219.7
General Enquiry,9,1,0,46,2,86.21
Bill Payment,13,3,0,49,4,35.6
Bill Payment,9,3,0,50,4,42.48
Bill Payment,16,2,0,36,4,28.16
Account Services,12,6,1,15,4,27.21
Bill Payment,16,6,1,10,4,7.02
Account Services,9,2,0,47,4,107.66
Account Services,14,3,0,41,3,105.57
General Enquiry,13,4,0,25,3,31.95
Document Verification,9,1,0,45,2,128.82
Customer Support,16,0,0,48,1,364.71
Document Verification,16,3,0,36,4,46.84
Account Services,17,6,1,41,2,145.91
General Enquiry,17,0,0,3,3,2.77
Customer Support,14,2,0,31,3,78.11
Account Services,16,2,0,27,2,100.42
General Enquiry,14,4,0,28,4,29.75
Bill Payment,12,5,1,7,4,4.12
Bill Payment,15,6,1,24,3,25.79
Customer Support,17,0,0,9,3,23.13
General Enquiry,11,0,0,12,1,48.13
Account Services,13,6,1,49,3,137.95
Bill Payment,14,1,0,47,4,42.85
Customer Support,15,3,0,14,2,48.28
General Enquiry,11,3,0,30,2,64.9
General Enquiry,16,2,0,48,3,73.12
Bill Payment,13,4,0,33,1,118.18
General Enquiry,12,2,0,23,3,24.22
Bill Payment,12,4,0,20,2,39.16
Bill Payment,13,1,0,40,1,136.61
General Enquiry,12,6,1,11,3,13.55
Document Verification,12,6,1,13,1,71.43
General Enquiry,15,4,0,4,3,5.31
Bill Payment,15,5,1,42,1,133.17
Document Verification,15,4,0,9,2,25.38
Customer Support,16,1,0,2,3,4.47
General Enquiry,13,4,0,30,2,55.85
Account Services,17,1,0,17,1,143.25
General Enquiry,11,2,0,13,2,30.97
Account Services,10,1,0,12,2,47.29
Customer Support,12,2,0,32,2,96.16
Account Services,14,2,0,36,2,124.49
General Enquiry,12,4,0,5,4,6.31
Bill Payment,15,5,1,8,4,5.3
Bill Payment,16,3,0,36,1,108.44
General Enquiry,16,5,1,3,3,3.79
Account Services,13,1,0,11,1,84.29
Bill Payment,13,3,0,26,1,81.99
Account Services,9,4,0,43,1,373.78
General Enquiry,15,2,0,6,1,23.63
Customer Support,9,3,0,45,4,78.92
Account Services,17,6,1,9,4,15.09
General Enquiry,13,4,0,43,2,87.86
Document Verification,12,0,0,2,4,1.32
Document Verification,15,6,1,28,3,58.6
Document Verification,13,3,0,43,3,81.88
Customer Support,11,1,0,12,2,45.84
General Enquiry,9,5,1,32,2,68.93
Customer Support,17,0,0,8,3,17.16
Account Services,15,0,0,18,3,54.73
General Enquiry,11,2,0,29,3,41.35
General Enquiry,11,1,0,13,3,17.43
Bill Payment,16,1,0,32,2,52.48
Account Services,14,2,0,11,1,77.62
Customer Support,10,2,0,4,4,10.17
Customer Support,16,6,1,41,4,77.66
Bill Payment,11,3,0,32,4,26.51
General Enquiry,12,5,1,40,3,56.9
Account Services,17,3,0,6,1,44.55
Account Services,14,5,1,37,2,138.32
Account Services,15,0,0,7,1,62.8
General Enquiry,14,4,0,46,4,41.56
General Enquiry,10,1,0,36,1,160.08
General Enquiry,17,6,1,13,2,28.98
Account Services,14,0,0,9,1,70.86
Account Services,14,5,1,4,3,8.37
Customer Support,11,6,1,9,4,13.16
Bill Payment,17,5,1,26,3,27.12
Bill Payment,14,5,1,44,4,43.37
Bill Payment,11,1,0,8,2,12.72
Customer Support,10,0,0,69,1,550.14
Document Verification,11,6,1,22,2,60.06
Bill Payment,13,1,0,25,3,29.17
Customer Support,10,1,0,29,4,46.54
General Enquiry,12,4,0,27,2,54.3
Document Verification,12,6,1,6,3,15.41
Account Services,17,6,1,23,1,166.17
General Enquiry,10,2,0,53,1,182.2
Customer Support,15,2,0,10,2,33.23
General Enquiry,17,4,0,34,2,58.44
Document Verification,14,2,0,38,1,217.34
General Enquiry,10,6,1,61,3,89.16
Customer Support,12,6,1,11,4,17.31
General Enquiry,17,5,1,34,3,48.75
Customer Support,16,3,0,17,3,30.87
General Enquiry,12,1,0,5,4,0.56
Customer Support,17,0,0,62,4,119.68
General Enquiry,11,0,0,2,2,5.75
Customer Support,13,6,1,26,3,70.04
General Enquiry,11,1,0,27,4,28.29
Customer Support,16,3,0,54,2,203.12
Bill Payment,13,1,0,4,4,1.24
Account Services,17,3,0,28,2,121.83
Bill Payment,14,6,1,8,2,13.27
Document Verification,14,0,0,18,2,60.98
Document Verification,12,3,0,34,1,226.5
Bill Payment,17,3,0,4,3,7.23
Account Services,17,3,0,13,2,45.26
Bill Payment,14,4,0,13,3,16.56
General Enquiry,15,1,0,24,3,28.92
Customer Support,12,5,1,6,2,19.54
General Enquiry,9,3,0,37,2,76.32
General Enquiry,13,2,0,13,1,52.19
General Enquiry,12,1,0,15,3,19.6
Bill Payment,15,4,0,9,3,12.73
Customer Support,12,4,0,17,4,25.16
Account Services,16,1,0,33,1,271.05
Bill Payment,17,5,1,49,4,41.24
Bill Payment,14,2,0,8,2,14.45
General Enquiry,14,0,0,38,1,143.59
Customer Support,10,4,0,18,2,51.71
Customer Support,15,3,0,14,1,97.24
Bill Payment,12,4,0,21,3,23.0
General Enquiry,9,2,0,21,1,90.58
Customer Support,14,2,0,34,2,106.18
Bill Payment,10,2,0,10,3,13.29
General Enquiry,13,0,0,6,2,11.13
Document Verification,12,5,1,45,4,67.01
Bill Payment,15,3,0,11,3,12.55
Document Verification,13,1,0,16,1,94.4
Account Services,10,3,0,23,4,49.3
Customer Support,14,6,1,45,2,155.89
Document Verification,10,3,0,39,1,271.44
General Enquiry,16,5,1,24,1,103.88
Bill Payment,9,6,1,65,4,54.44
Customer Support,9,4,0,58,4,101.53
Bill Payment,12,1,0,39,3,45.97
Account Services,9,5,1,42,2,164.94
Bill Payment,14,1,0,19,4,17.22
Bill Payment,16,1,0,47,1,160.78
Account Services,17,3,0,47,1,399.15
Bill Payment,13,5,1,63,4,58.34
Customer Support,17,0,0,6,3,15.04
Account Services,11,6,1,49,4,85.61
General Enquiry,13,1,0,36,1,125.15
Customer Support,12,0,0,6,4,9.4
Document Verification,9,5,1,10,4,12.99
General Enquiry,11,5,1,15,3,19.71
Account Services,12,6,1,21,3,57.05
Document Verification,10,1,0,25,4,33.96
General Enquiry,15,1,0,20,2,41.69
Account Services,13,6,1,34,1,251.86
General Enquiry,14,2,0,27,3,37.6
Document Verification,11,1,0,23,1,145.68
General Enquiry,14,0,0,54,2,116.68
Account Services,13,4,0,41,2,190.85
General Enquiry,14,3,0,15,3,19.27
Account Services,13,0,0,46,4,100.67
General Enquiry,15,1,0,20,4,22.49
Customer Support,10,3,0,20,4,35.94
Bill Payment,12,6,1,24,2,46.68
Bill Payment,16,1,0,28,1,101.22
General Enquiry,10,1,0,38,3,57.5
Customer Support,15,1,0,21,3,54.54
Bill Payment,14,5,1,41,2,67.94
Document Verification,12,0,0,47,1,271.14
Account Services,15,4,0,4,3,9.97
Account Services,10,1,0,12,3,31.7
Bill Payment,16,1,0,28,2,54.8
General Enquiry,14,6,1,37,2,73.93
General Enquiry,17,3,0,35,3,46.59
Document Verification,13,1,0,50,1,327.11
Account Services,15,0,0,9,3,26.59
Bill Payment,17,2,0,13,4,12.78
Bill Payment,11,6,1,25,1,92.91
Customer Support,9,1,0,21,1,147.07
Customer Support,15,4,0,38,2,148.61
General Enquiry,14,4,0,34,3,51.23
Document Verification,17,4,0,52,2,134.13
General Enquiry,10,5,1,60,1,250.9
Document Verification,14,4,0,30,3,61.26
Document Verification,10,3,0,32,3,60.04
General Enquiry,16,3,0,52,1,194.33
Customer Support,10,5,1,5,4,7.23
Customer Support,14,0,0,50,3,117.44
General Enquiry,14,3,0,51,4,52.63
Bill Payment,11,1,0,29,3,35.6
Account Services,13,0,0,45,3,118.29
Account Services,10,6,1,40,4,68.69
General Enquiry,9,4,0,35,2,72.62
Bill Payment,10,3,0,43,1,138.17
Document Verification,16,2,0,8,1,45.77
Bill Payment,15,5,1,7,1,20.91
Document Verification,9,1,0,14,3,33.81
Bill Payment,16,0,0,51,2,95.51
Account Services,9,0,0,41,4,79.01
Document Verification,15,3,0,8,3,17.21
Customer Support,10,3,0,34,4,64.62
Document Verification,17,1,0,14,3,25.17
General Enquiry,9,4,0,47,1,200.26
Bill Payment,17,6,1,46,3,53.55
Bill Payment,17,3,0,54,3,62.49
Bill Payment,14,2,0,46,1,152.11
Customer Support,15,1,0,6,1,38.7
Account Services,12,0,0,18,3,49.54
Bill Payment,10,3,0,57,3,58.46
Document Verification,17,3,0,38,2,125.21
Account Services,9,5,1,81,3,240.8
Account Services,11,1,0,23,4,39.69
General Enquiry,14,1,0,23,3,27.28
Customer Support,17,6,1,2,2,12.64
Account Services,9,0,0,17,1,112.69
Customer Support,13,2,0,25,2,79.41
Bill Payment,9,4,0,22,1,67.53
Account Services,15,4,0,25,4,45.5
General Enquiry,16,3,0,22,4,19.44
Document Verification,16,0,0,68,1,389.69
Bill Payment,14,6,1,17,4,18.14
Document Verification,11,1,0,9,2,25.19
Document Verification,9,3,0,43,1,249.24
General Enquiry,14,6,1,56,3,84.52
Account Services,16,4,0,53,1,358.62
Customer Support,14,4,0,32,2,102.93
Account Services,16,3,0,18,1,142.89
Customer Support,11,6,1,5,3,15.4
General Enquiry,15,2,0,6,3,12.7
Customer Support,15,2,0,16,4,24.52
General Enquiry,13,0,0,26,3,36.85
Document Verification,11,5,1,3,1,20.8
Customer Support,9,1,0,23,2,84.9
General Enquiry,15,0,0,34,3,40.51
General Enquiry,12,2,0,13,4,11.36
Bill Payment,17,2,0,2,1,7.24
Document Verification,16,6,1,28,4,36.18
Customer Support,17,2,0,27,2,89.37
Document Verification,15,6,1,2,3,0.78
General Enquiry,16,3,0,13,4,14.54
Account Services,10,3,0,28,3,64.45
Document Verification,11,2,0,6,3,13.43
Customer Support,14,1,0,29,3,69.16
Bill Payment,9,2,0,24,4,22.82
Bill Payment,10,0,0,54,4,44.8
Document Verification,10,2,0,59,2,170.53
Customer Support,11,4,0,14,1,110.75
Bill Payment,15,3,0,26,4,24.51
General Enquiry,9,4,0,52,4,57.06
Account Services,15,2,0,7,4,8.57
Document Verification,14,0,0,56,3,125.81
Bill Payment,9,4,0,20,3,23.57
Bill Payment,14,2,0,44,2,79.45
Account Services,14,5,1,55,1,379.7
Bill Payment,16,3,0,31,3,34.94
Bill Payment,16,0,0,18,2,33.16
Document Verification,17,5,1,38,1,195.7
Document Verification,16,4,0,30,1,206.82
Bill Payment,16,5,1,31,2,45.84
General Enquiry,13,0,0,33,2,75.57
Document Verification,9,3,0,38,1,229.08
Customer Support,15,4,0,16,1,99.52
Account Services,15,2,0,5,4,9.96
Bill Payment,17,2,0,51,3,67.49
Document Verification,12,3,0,12,2,24.71
Bill Payment,12,6,1,7,2,8.63
General Enquiry,15,1,0,2,3,3.23
Bill Payment,12,1,0,10,4,6.21
General Enquiry,9,0,0,13,1,56.82
Account Services,11,3,0,9,3,29.93
Account Services,10,0,0,17,1,142.2
Account Services,14,2,0,9,4,14.13
Customer Support,14,4,0,3,3,2.73
General Enquiry,11,4,0,17,2,36.8
Account Services,9,4,0,29,1,205.01
Document Verification,9,6,1,74,2,220.64
Customer Support,16,3,0,49,1,389.81
General Enquiry,10,2,0,56,1,245.07
Account Services,10,4,0,13,3,39.28
Bill Payment,13,6,1,55,1,209.92
Account Services,15,6,1,18,4,33.18
General Enquiry,10,3,0,46,3,70.81
Customer Support,10,2,0,55,1,417.05
Customer Support,14,0,0,63,2,206.19
Bill Payment,12,3,0,28,2,48.39
Document Verification,17,0,0,22,3,43.81
Bill Payment,9,0,0,23,1,91.48
Document Verification,10,1,0,10,2,31.79
Bill Payment,14,1,0,41,1,127.84
Customer Support,9,2,0,10,4,18.62
Document Verification,9,0,0,52,1,345.26
Bill Payment,9,1,0,22,2,40.54
Account Services,11,6,1,20,3,53.96
General Enquiry,9,5,1,67,4,60.27
Account Services,13,6,1,16,2,69.41
Account Services,9,3,0,38,3,97.84
Customer Support,10,1,0,7,1,49.0
Bill Payment,11,3,0,7,1,23.2
Document Verification,9,2,0,37,4,60.44
Document Verification,14,6,1,32,4,52.01
General Enquiry,13,2,0,20,1,77.81
Customer Support,9,0,0,48,3,92.49
Bill Payment,9,0,0,62,3,77.85
Document Verification,15,3,0,4,3,6.16
Account Services,13,6,1,19,4,35.71
Document Verification,16,0,0,26,1,134.75
Bill Payment,11,5,1,30,2,51.96
Customer Support,9,4,0,66,4,109.65
Account Services,15,1,0,18,2,80.92
Account Services,16,0,0,15,4,27.04
General Enquiry,13,1,0,15,2,31.97
Customer Support,14,2,0,9,2,34.72
Account Services,9,5,1,64,4,148.86
Document Verification,10,2,0,62,1,327.4
General Enquiry,11,0,0,19,4,18.65
Account Services,15,6,1,42,2,174.94
Customer Support,13,2,0,30,4,62.3
General Enquiry,10,0,0,45,1,187.45
General Enquiry,16,2,0,50,2,108.87
Document Verification,13,6,1,16,1,88.23
Bill Payment,10,3,0,29,2,50.89
Document Verification,9,3,0,44,1,247.61
Bill Payment,15,3,0,2,4,0.5
Customer Support,16,3,0,20,3,40.34
Bill Payment,13,1,0,29,3,33.0
Bill Payment,14,0,0,61,3,64.1
Document Verification,15,3,0,25,1,151.55
General Enquiry,17,4,0,6,1,23.8
Customer Support,15,5,1,20,3,49.91
Account Services,14,5,1,54,1,447.64
Customer Support,14,4,0,35,1,253.46
Account Services,14,4,0,5,3,15.84
Document Verification,16,4,0,24,4,28.69
General Enquiry,10,0,0,54,4,53.77
Document Verification,9,1,0,21,1,123.07
Document Verification,9,6,1,16,1,90.32
Account Services,11,6,1,6,3,14.08
Customer Support,14,2,0,18,1,125.9
Account Services,17,1,0,54,1,409.39
Account Services,12,0,0,26,4,55.65
Customer Support,9,1,0,28,1,212.66
Bill Payment,10,0,0,46,2,78.42
Document Verification,14,6,1,4,4,10.29
Account Services,16,0,0,29,2,106.89
Bill Payment,14,0,0,32,4,29.0
Account Services,12,5,1,47,1,411.06
Customer Support,14,5,1,11,2,47.47
Bill Payment,14,6,1,60,2,116.6
Document Verification,16,2,0,37,2,106.14
Document Verification,9,6,1,58,1,356.6
Customer Support,9,2,0,38,1,237.39
General Enquiry,12,3,0,3,4,2.64
Account Services,17,2,0,3,4,10.06
Bill Payment,12,5,1,6,4,5.78
Customer Support,9,5,1,15,2,57.79
Bill Payment,15,0,0,50,3,50.8
Customer Support,15,4,0,25,1,176.29
Account Services,13,4,0,47,4,103.14
Account Services,17,1,0,36,2,134.23
Customer Support,13,1,0,33,4,51.13
Document Verification,16,6,1,40,2,116.38
Bill Payment,12,4,0,30,4,25.54
Document Verification,9,1,0,32,4,43.71
Bill Payment,15,0,0,9,3,8.14
General Enquiry,16,3,0,41,3,47.28
Bill Payment,13,0,0,58,1,225.68
Bill Payment,16,5,1,21,2,40.58
Customer Support,15,4,0,27,1,193.43
General Enquiry,12,1,0,37,2,72.72
Document Verification,12,4,0,19,4,22.99
Document Verification,9,2,0,13,4,20.75
Bill Payment,14,0,0,59,3,69.54
Customer Support,11,5,1,37,3,90.94
General Enquiry,11,6,1,14,2,27.58
Bill Payment,12,1,0,11,4,10.62
General Enquiry,15,5,1,7,2,13.43
Bill Payment,16,2,0,17,1,52.89
Document Verification,9,5,1,25,1,170.47
General Enquiry,14,0,0,10,2,18.92
Account Services,16,3,0,41,4,88.59
Document Verification,16,4,0,52,2,136.33
Document Verification,11,0,0,18,4,32.36
General Enquiry,16,0,0,11,4,9.13
General Enquiry,14,4,0,37,4,39.86
Customer Support,12,3,0,19,2,67.47
Document Verification,15,0,0,9,1,47.2
Customer Support,10,3,0,52,4,101.27
General Enquiry,17,3,0,32,3,42.34
Account Services,13,2,0,39,2,176.79
Customer Support,16,4,0,44,1,307.22
Bill Payment,16,5,1,18,2,32.82
Account Services,10,5,1,59,3,180.23
Bill Payment,17,4,0,13,1,44.52
General Enquiry,11,3,0,28,1,98.48
Account Services,11,1,0,7,2,26.62
General Enquiry,13,2,0,27,3,30.0
Customer Support,11,6,1,36,4,53.68
Customer Support,10,0,0,46,4,73.41
Bill Payment,14,5,1,57,1,173.86
Customer Support,11,0,0,20,3,45.95
Bill Payment,11,3,0,18,1,57.08
General Enquiry,15,4,0,22,1,80.9
Document Verification,12,6,1,7,4,8.08
General Enquiry,14,4,0,35,3,51.15
Account Services,9,0,0,29,2,115.52
General Enquiry,15,6,1,35,1,129.36
Document Verification,16,0,0,52,1,338.11
Account Services,13,1,0,34,2,148.53
Bill Payment,11,1,0,26,3,31.3
Account Services,15,5,1,20,2,67.77
General Enquiry,9,1,0,34,3,50.12
Account Services,11,4,0,10,4,24.24
General Enquiry,16,6,1,51,1,229.86
Customer Support,11,0,0,21,3,43.86
General Enquiry,11,5,1,28,4,28.32
Bill Payment,15,3,0,6,1,19.51
Bill Payment,13,6,1,39,1,148.81
Customer Support,17,1,0,36,3,95.73
General Enquiry,17,5,1,50,2,100.85
Customer Support,14,0,0,22,3,50.91
Document Verification,17,2,0,14,4,23.47
General Enquiry,13,6,1,45,2,89.85
General Enquiry,17,0,0,36,3,53.56
Bill Payment,17,4,0,27,4,24.92
Customer Support,17,4,0,52,2,211.59
Document Verification,13,1,0,16,2,53.38
Bill Payment,15,5,1,18,3,20.92
Account Services,12,0,0,48,3,133.62
Account Services,11,4,0,17,2,61.6
Customer Support,11,2,0,21,1,126.99
Account Services,17,2,0,36,2,152.38
Account Services,10,2,0,26,4,51.95
General Enquiry,17,1,0,39,4,40.08
Bill Payment,10,3,0,24,4,21.32
Account Services,16,5,1,54,3,141.67
Customer Support,12,1,0,17,1,137.16
Customer Support,15,3,0,2,1,15.77
General Enquiry,17,1,0,47,2,103.46
Bill Payment,17,2,0,29,3,40.55
Bill Payment,11,0,0,25,3,32.09
Document Verification,13,0,0,11,2,41.15
Bill Payment,12,2,0,10,2,19.83
Account Services,9,0,0,21,2,76.16
General Enquiry,12,2,0,15,4,16.86
Account Services,10,0,0,70,4,125.86
Customer Support,13,0,0,50,1,319.27
Document Verification,15,0,0,40,2,132.07
Account Services,14,4,0,35,3,100.56
Bill Payment,9,4,0,25,3,27.7
Customer Support,15,6,1,10,3,23.55
Document Verification,12,0,0,23,2,64.33
Bill Payment,14,0,0,25,2,46.46
Document Verification,17,0,0,8,3,12.45
General Enquiry,12,0,0,29,1,106.34
Account Services,10,1,0,63,4,146.42
Bill Payment,13,0,0,21,1,61.76
Document Verification,10,2,0,5,3,13.91
Document Verification,10,2,0,43,1,224.66
Customer Support,17,1,0,14,4,28.6
Bill Payment,11,5,1,28,4,27.42
General Enquiry,15,2,0,21,4,24.79
Customer Support,14,2,0,39,3,96.43
General Enquiry,11,5,1,37,1,144.46
Bill Payment,17,2,0,18,3,19.15
Document Verification,14,2,0,36,3,64.19
Account Services,10,1,0,10,1,71.54
Bill Payment,10,2,0,41,1,124.8
Bill Payment,14,5,1,7,4,4.48
Bill Payment,16,6,1,46,2,80.42
Customer Support,9,5,1,17,2,62.72
Bill Payment,15,3,0,28,3,37.3
Account Services,15,1,0,26,3,55.14
General Enquiry,16,5,1,39,1,152.73
Customer Support,11,5,1,20,2,73.14
Bill Payment,11,5,1,4,1,14.12
General Enquiry,13,0,0,62,2,115.06
Document Verification,9,2,0,44,1,238.0
Bill Payment,11,5,1,12,2,19.27
Document Verification,10,3,0,20,1,126.57
Account Services,13,4,0,19,1,170.22
Customer Support,12,0,0,20,1,143.8
Customer Support,13,3,0,52,4,91.41
Bill Payment,13,3,0,54,4,48.68
Account Services,11,6,1,8,4,17.28
Customer Support,14,3,0,12,1,76.72
General Enquiry,15,5,1,14,1,61.94
Document Verification,10,1,0,6,2,18.19
Customer Support,14,6,1,27,4,44.98
General Enquiry,11,3,0,9,2,18.02
General Enquiry,11,1,0,21,1,75.13
Account Services,12,2,0,12,4,20.26
General Enquiry,13,5,1,59,1,210.04
Customer Support,16,6,1,22,2,86.83
Account Services,10,1,0,53,4,107.94
Customer Support,10,1,0,5,4,8.95
General Enquiry,14,0,0,16,2,33.02
Bill Payment,12,5,1,25,2,40.68
Document Verification,12,2,0,17,2,50.59
Customer Support,16,1,0,45,3,108.43
Document Verification,10,2,0,28,1,159.75
Bill Payment,13,0,0,7,1,26.41
General Enquiry,17,1,0,30,3,43.38
Customer Support,15,6,1,7,1,49.27
Bill Payment,16,6,1,46,1,138.62
Account Services,15,1,0,20,4,32.12
Bill Payment,15,6,1,11,4,7.88
Account Services,11,3,0,11,1,90.91
Bill Payment,16,4,0,6,4,3.2
Account Services,9,0,0,33,4,67.74
Document Verification,11,4,0,18,4,27.13
Bill Payment,15,2,0,2,2,4.1
Bill Payment,9,5,1,64,1,230.86
Account Services,14,2,0,18,1,162.61
Customer Support,16,3,0,8,1,49.35
Customer Support,10,2,0,3,3,0.71
Account Services,12,5,1,20,3,53.67
Bill Payment,11,2,0,24,2,39.85
Bill Payment,17,6,1,15,3,18.92
Account Services,12,2,0,16,1,143.13
Document Verification,9,3,0,8,4,13.61
Account Services,14,3,0,5,3,6.3
Bill Payment,11,3,0,24,2,47.57
Document Verification,9,2,0,27,2,85.07
Document Verification,12,2,0,6,2,16.06
Customer Support,10,6,1,17,3,37.72
Customer Support,14,2,0,26,4,41.4
Document Verification,12,5,1,21,2,72.53
General Enquiry,17,4,0,47,2,88.43
Customer Support,10,0,0,41,3,91.38
Customer Support,12,6,1,39,4,66.97
Customer Support,10,5,1,59,2,203.31
Customer Support,11,6,1,29,2,107.62
Customer Support,10,6,1,19,2,72.62
General Enquiry,12,5,1,4,1,14.87
Customer Support,15,0,0,14,4,22.34
Account Services,11,6,1,20,4,45.96
General Enquiry,11,3,0,15,1,64.04
General Enquiry,13,1,0,25,1,108.08
Bill Payment,15,1,0,32,4,28.72
General Enquiry,14,0,0,38,3,50.61
Account Services,16,4,0,30,2,106.66
Bill Payment,14,6,1,12,2,20.77
General Enquiry,12,0,0,31,2,64.97
Document Verification,17,2,0,25,2,74.85
Account Services,15,3,0,10,1,83.55
Customer Support,12,6,1,35,2,131.94
Bill Payment,16,6,1,34,1,109.16
General Enquiry,15,1,0,10,1,41.38
Customer Support,13,2,0,25,4,38.74
Customer Support,13,0,0,37,1,258.3
Document Verification,14,0,0,8,3,14.63
Customer Support,16,5,1,38,2,122.64
General Enquiry,13,3,0,5,3,5.57
Customer Support,15,3,0,26,3,69.17
Account Services,10,1,0,58,4,107.21
General Enquiry,15,0,0,43,3,55.41
General Enquiry,17,6,1,18,2,40.08
General Enquiry,10,5,1,49,3,75.05
Bill Payment,12,1,0,17,2,27.1
Customer Support,10,1,0,32,4,47.62
Document Verification,11,5,1,15,2,41.07
Account Services,9,6,1,26,1,177.69
General Enquiry,13,6,1,44,3,60.83
Document Verification,11,0,0,28,4,43.89
Customer Support,10,0,0,42,3,91.72
Account Services,11,3,0,24,4,54.77
Bill Payment,15,4,0,8,3,9.47
Customer Support,13,6,1,37,4,69.1
Bill Payment,11,6,1,32,1,123.6
Bill Payment,14,0,0,32,3,36.1
Document Verification,9,0,0,42,1,236.43
Document Verification,16,6,1,44,3,99.18
Bill Payment,16,6,1,29,3,40.14
Bill Payment,13,1,0,8,1,26.88
Document Verification,17,1,0,12,1,76.06
Document Verification,13,3,0,54,4,80.24
Document Verification,14,5,1,14,2,33.54
Bill Payment,14,3,0,25,3,31.7
General Enquiry,9,1,0,39,1,158.59
Account Services,17,5,1,56,2,240.75
General Enquiry,9,1,0,34,2,59.13
Document Verification,10,2,0,23,2,57.58
Document Verification,12,2,0,10,2,28.28
Customer Support,16,0,0,60,2,239.72
General Enquiry,11,2,0,33,4,38.46
Account Services,12,4,0,29,3,70.25
Customer Support,12,5,1,33,2,124.35
Bill Payment,14,4,0,51,1,199.94
Customer Support,17,3,0,31,2,98.93
Account Services,11,2,0,7,1,59.83
Account Services,12,5,1,5,4,10.33
General Enquiry,10,1,0,28,4,30.46
Document Verification,11,3,0,21,2,61.99
General Enquiry,11,5,1,34,4,31.76
Customer Support,11,1,0,10,1,70.98
Bill Payment,11,4,0,6,2,10.0
Account Services,10,4,0,60,4,132.58
Document Verification,12,1,0,4,1,24.73
Bill Payment,14,6,1,7,3,6.48
Account Services,11,3,0,32,1,286.63
Bill Payment,9,5,1,25,4,26.98
General Enquiry,17,3,0,14,3,20.19
Document Verification,9,4,0,58,3,106.89
Customer Support,13,4,0,45,1,298.35
Customer Support,16,3,0,38,3,76.72
Document Verification,16,3,0,7,4,9.25
Document Verification,12,4,0,20,3,34.54
General Enquiry,12,6,1,16,4,16.31
Account Services,13,0,0,53,1,403.84
Bill Payment,12,3,0,5,1,19.3
Document Verification,10,3,0,30,2,84.93
Bill Payment,17,1,0,45,1,149.14
General Enquiry,15,6,1,29,4,25.62
Document Verification,14,0,0,21,3,42.72
Bill Payment,12,4,0,26,2,39.05
Customer Support,12,6,1,27,2,99.33
General Enquiry,9,1,0,25,2,54.27
Bill Payment,10,6,1,27,3,25.2
Account Services,12,4,0,9,2,44.81
General Enquiry,16,6,1,8,2,13.77
General Enquiry,10,3,0,59,2,117.68
Account Services,15,0,0,20,4,44.94
General Enquiry,10,6,1,26,2,46.95
Bill Payment,13,3,0,51,1,188.99
Document Verification,9,2,0,10,4,9.44
General Enquiry,14,6,1,7,1,31.16
Customer Support,17,4,0,29,2,100.96
Bill Payment,13,1,0,24,4,19.58
Account Services,12,1,0,38,2,157.96
Customer Support,12,0,0,7,1,46.24
Bill Payment,10,4,0,17,1,52.7
Document Verification,11,3,0,34,3,70.64
Account Services,17,1,0,23,3,65.98
Bill Payment,10,5,1,42,4,37.68
General Enquiry,9,5,1,66,2,140.03
Bill Payment,13,1,0,6,3,8.61
Document Verification,13,2,0,30,4,39.02
Document Verification,9,2,0,48,4,83.5
General Enquiry,15,3,0,16,3,22.68
Bill Payment,14,2,0,32,3,33.6
Customer Support,10,6,1,6,4,12.33
Customer Support,9,5,1,34,2,112.53
Bill Payment,10,2,0,28,3,27.66
General Enquiry,10,5,1,20,4,21.18
Bill Payment,13,2,0,32,4,23.96
Customer Support,17,4,0,31,4,51.55
General Enquiry,15,0,0,29,4,25.56
Customer Support,14,1,0,60,3,128.51
Account Services,10,3,0,54,1,450.24
General Enquiry,12,6,1,31,2,71.08
Customer Support,13,2,0,38,1,295.96
Document Verification,13,0,0,37,2,97.31
Document Verification,12,5,1,21,2,58.54
Document Verification,14,4,0,41,2,110.15
Bill Payment,13,1,0,41,1,143.58
Customer Support,17,3,0,47,1,294.23
Account Services,10,4,0,49,4,96.7
Document Verification,14,2,0,51,1,349.85
Bill Payment,17,1,0,11,1,47.34
Bill Payment,17,2,0,26,4,24.55
Document Verification,10,5,1,13,1,67.18
Account Services,16,2,0,38,4,80.79
Customer Support,11,2,0,7,3,15.39
Account Services,15,4,0,28,2,99.39
General Enquiry,12,0,0,5,1,23.08
General Enquiry,16,2,0,47,3,60.45
Customer Support,10,6,1,51,3,134.95
Customer Support,17,0,0,68,3,165.34
Account Services,10,6,1,33,2,121.07
Document Verification,9,6,1,80,3,149.9
General Enquiry,16,0,0,54,1,189.77
Document Verification,9,5,1,58,3,113.32
Document Verification,11,0,0,26,2,82.55
Customer Support,13,3,0,43,2,148.68
Customer Support,16,1,0,40,1,305.63
Document Verification,12,6,1,28,1,157.94
Bill Payment,10,1,0,41,1,129.21
Document Verification,9,4,0,44,3,97.85
Bill Payment,13,3,0,7,4,7.41
Customer Support,14,5,1,56,1,328.99
Customer Support,11,4,0,27,2,96.85
Bill Payment,12,6,1,27,1,86.33
Account Services,16,0,0,40,3,117.86
Bill Payment,15,6,1,10,1,34.24
Account Services,15,6,1,5,3,10.53
Customer Support,13,3,0,35,4,63.8
Account Services,9,5,1,14,3,40.3
General Enquiry,13,4,0,20,2,45.77
Bill Payment,14,1,0,7,2,12.49
Account Services,15,3,0,3,4,4.88
General Enquiry,12,6,1,39,3,46.02
Bill Payment,11,4,0,9,3,13.15
General Enquiry,17,4,0,21,2,46.7
Customer Support,13,0,0,50,3,125.27
Account Services,12,4,0,13,2,52.61
Bill Payment,10,0,0,54,3,52.27
Account Services,13,2,0,39,3,119.84
Customer Support,12,6,1,44,3,107.75
Customer Support,12,2,0,39,3,81.05
Customer Support,15,4,0,14,3,37.82
Customer Support,10,6,1,15,1,104.49
Customer Support,13,2,0,46,2,174.84
Bill Payment,14,2,0,31,4,25.09
General Enquiry,15,4,0,37,2,62.79
Account Services,14,4,0,33,1,265.07
Account Services,13,3,0,23,2,82.53
Document Verification,11,0,0,7,1,37.57
Bill Payment,14,0,0,16,2,31.32
Bill Payment,10,1,0,33,4,25.39
Document Verification,13,1,0,26,1,144.87
Account Services,17,2,0,18,1,128.38
General Enquiry,14,5,1,64,1,221.43
Customer Support,10,0,0,58,1,361.65
Document Verification,14,1,0,53,2,161.06
General Enquiry,16,1,0,43,3,56.85
Account Services,15,1,0,15,3,33.22
Account Services,10,6,1,44,2,177.45
Account Services,13,4,0,28,1,213.77
Account Services,11,5,1,2,2,9.77
Customer Support,10,2,0,30,4,60.03
Account Services,9,2,0,54,1,413.42
General Enquiry,17,2,0,49,2,89.71
Document Verification,14,6,1,48,4,67.73
General Enquiry,12,1,0,17,4,18.61
General Enquiry,16,0,0,25,1,108.46
Account Services,14,5,1,33,2,116.52
Document Verification,11,2,0,17,3,35.64
Bill Payment,9,1,0,19,2,33.38
Document Verification,15,3,0,24,1,148.13
Account Services,12,3,0,31,3,87.0
Document Verification,10,1,0,12,2,40.18
General Enquiry,9,3,0,60,3,69.69
Document Verification,10,3,0,52,3,115.92
Customer Support,11,3,0,3,3,5.88
Account Services,12,6,1,15,4,26.36
Document Verification,11,4,0,25,1,169.26
Customer Support,10,2,0,22,3,45.6
Bill Payment,10,6,1,58,2,102.75
Bill Payment,17,6,1,54,3,55.37
Account Services,13,3,0,5,2,27.76
General Enquiry,17,6,1,51,1,175.9
Bill Payment,9,5,1,42,4,33.99
General Enquiry,10,0,0,26,3,30.62
Account Services,10,3,0,3,4,7.06
Bill Payment,12,5,1,23,4,19.34
Account Services,15,2,0,38,2,150.7
Account Services,11,6,1,29,4,50.65
General Enquiry,10,1,0,19,3,26.23
Account Services,12,0,0,39,1,281.57
General Enquiry,17,1,0,19,4,19.32
Bill Payment,11,6,1,9,2,17.01
Account Services,16,6,1,36,2,132.03
General Enquiry,10,5,1,40,4,35.81
Document Verification,14,3,0,28,3,62.14
General Enquiry,11,2,0,25,2,49.52
General Enquiry,13,1,0,32,3,38.67
Document Verification,13,1,0,25,2,69.03
Customer Support,13,1,0,15,4,31.83
Document Verification,16,0,0,53,1,316.27
Document Verification,15,6,1,3,3,2.78
Bill Payment,12,0,0,4,4,4.33
Customer Support,13,1,0,15,1,108.17
Customer Support,14,6,1,62,2,226.48
Document Verification,10,5,1,29,2,97.12
Account Services,12,5,1,32,4,59.95
General Enquiry,15,6,1,18,4,20.1
Bill Payment,12,2,0,16,4,18.32
Bill Payment,11,5,1,24,1,80.2
Bill Payment,10,1,0,38,4,30.94
Document Verification,9,3,0,17,2,45.1
Bill Payment,12,5,1,1,1,3.14
Customer Support,14,5,1,71,1,434.16
Customer Support,15,2,0,26,4,55.62
Bill Payment,9,0,0,16,1,52.48
Account Services,11,5,1,18,1,134.51
Customer Support,17,1,0,22,3,55.8
Document Verification,16,0,0,45,1,275.05
Customer Support,11,1,0,21,1,156.26
Customer Support,17,6,1,18,2,62.75
General Enquiry,15,3,0,26,2,49.09
Account Services,15,6,1,19,2,64.18
Document Verification,10,3,0,4,4,6.66
General Enquiry,15,1,0,34,2,76.27
Document Verification,10,5,1,6,2,19.05
Account Services,16,4,0,33,3,79.93
Account Services,13,1,0,58,2,236.73
Customer Support,14,0,0,41,3,93.42
Customer Support,13,1,0,9,1,61.03
Document Verification,16,2,0,9,3,17.49
Document Verification,9,3,0,29,4,42.72
Bill Payment,15,3,0,35,2,61.32
Account Services,12,3,0,2,4,8.36
General Enquiry,10,0,0,18,2,33.96
Document Verification,11,5,1,30,4,40.96
General Enquiry,10,0,0,20,3,26.81
General Enquiry,17,0,0,36,1,130.7
Document Verification,9,4,0,21,1,111.95
General Enquiry,12,4,0,31,2,55.95
Bill Payment,12,6,1,17,4,14.35
Bill Payment,12,6,1,27,2,49.85
Customer Support,12,5,1,32,2,128.69
Document Verification,14,2,0,32,3,65.58
Bill Payment,10,5,1,44,3,45.24
General Enquiry,15,5,1,29,2,61.59
Customer Support,10,4,0,17,1,104.07
Bill Payment,11,6,1,11,4,11.79
General Enquiry,11,3,0,23,4,22.02
General Enquiry,11,6,1,15,3,18.04
Document Verification,17,1,0,12,2,30.11
General Enquiry,13,6,1,28,3,34.36
Account Services,14,4,0,32,4,66.32
Customer Support,17,0,0,22,2,88.38
Bill Payment,11,1,0,34,4,29.08
Customer Support,17,4,0,35,4,56.6
Customer Support,11,5,1,19,2,68.56
Account Services,17,6,1,42,4,97.16
Customer Support,10,4,0,34,1,205.47
Account Services,16,3,0,17,1,148.79
Document Verification,9,0,0,51,1,317.46
General Enquiry,14,0,0,7,4,6.63
Customer Support,13,2,0,27,2,83.22
Customer Support,16,0,0,8,3,15.07
Customer Support,9,5,1,66,1,478.67
Customer Support,15,1,0,31,3,83.97
General Enquiry,14,2,0,22,1,81.66
Customer Support,9,0,0,36,2,119.28
Bill Payment,11,0,0,3,3,2.71
Document Verification,15,2,0,10,4,14.41
Account Services,16,1,0,13,2,52.97
Bill Payment,12,4,0,21,1,78.5
General Enquiry,16,3,0,5,4,5.01
Account Services,12,0,0,10,3,29.94
General Enquiry,15,3,0,7,1,25.62
Bill Payment,10,6,1,48,4,38.02
Customer Support,11,0,0,12,4,19.66
Document Verification,16,0,0,31,4,48.74
General Enquiry,13,1,0,61,1,233.77
Account Services,15,4,0,13,4,26.32
Document Verification,10,1,0,23,4,32.73
General Enquiry,17,6,1,7,1,30.22
General Enquiry,12,1,0,18,3,26.33
Customer Support,14,0,0,32,2,106.87
Bill Payment,15,1,0,23,1,73.5
Document Verification,14,5,1,9,3,20.43
General Enquiry,13,2,0,57,3,67.19
Customer Support,11,6,1,34,1,212.2
General Enquiry,13,0,0,50,4,47.3
Bill Payment,14,4,0,23,2,42.31
Customer Support,16,4,0,14,2,51.38
General Enquiry,10,2,0,47,4,43.12
Bill Payment,15,2,0,26,3,24.39
General Enquiry,12,6,1,36,3,43.41
Customer Support,11,5,1,6,1,38.67
General Enquiry,16,3,0,43,1,172.34
General Enquiry,15,0,0,36,4,38.75
Account Services,10,1,0,43,2,155.64
General Enquiry,11,1,0,24,2,56.09
Customer Support,17,6,1,59,1,444.03
General Enquiry,9,4,0,27,1,114.9
Bill Payment,12,0,0,37,1,113.78
Bill Payment,17,1,0,44,3,59.85
Customer Support,16,3,0,15,2,53.16
Document Verification,13,6,1,50,4,76.1
Document Verification,9,4,0,10,3,19.17
Customer Support,11,3,0,21,4,34.81
Customer Support,12,1,0,20,1,159.45
Customer Support,12,4,0,21,2,71.97
Customer Support,16,1,0,45,1,334.21
Bill Payment,14,4,0,60,3,71.37
Customer Support,15,4,0,20,2,76.81
Bill Payment,17,6,1,16,1,51.87
Bill Payment,16,3,0,34,1,105.98
General Enquiry,11,1,0,29,4,25.64
Account Services,16,3,0,19,2,72.24
Account Services,17,2,0,8,2,26.74
Customer Support,17,1,0,19,2,70.86
Bill Payment,14,0,0,72,3,73.33
Bill Payment,13,6,1,23,4,16.15
General Enquiry,10,1,0,38,1,134.16
Customer Support,13,5,1,21,2,77.92
General Enquiry,9,3,0,20,1,77.19
Account Services,11,0,0,17,1,145.29
Document Verification,10,0,0,32,4,44.4
Document Verification,10,5,1,34,3,62.15
General Enquiry,14,6,1,8,2,15.12
General Enquiry,15,4,0,41,3,54.83
Document Verification,9,0,0,36,4,59.08
Bill Payment,16,0,0,26,4,22.61
Customer Support,13,4,0,42,3,107.67
Bill Payment,16,4,0,27,2,49.49
Account Services,17,5,1,48,1,376.92
Document Verification,10,0,0,41,2,116.59
Bill Payment,14,2,0,23,3,27.25
Customer Support,17,6,1,33,2,111.02
Bill Payment,12,4,0,18,4,17.78
Account Services,15,3,0,29,1,217.12
Bill Payment,10,2,0,52,3,63.35
Bill Payment,11,4,0,12,3,14.95
General Enquiry,11,5,1,19,4,15.32
Bill Payment,9,3,0,61,2,114.58
Customer Support,15,2,0,35,3,89.88
Customer Support,11,0,0,50,4,95.54
General Enquiry,9,5,1,45,3,51.42
Customer Support,11,6,1,33,1,253.06
Customer Support,16,5,1,31,2,108.19
General Enquiry,15,0,0,8,3,9.47
Bill Payment,16,2,0,26,1,87.11
Account Services,10,0,0,30,3,88.41
General Enquiry,13,1,0,25,4,21.51
Bill Payment,14,2,0,45,4,36.2
Account Services,17,4,0,16,4,27.91
General Enquiry,16,0,0,16,2,33.84
Account Services,13,0,0,72,3,170.22
Account Services,17,3,0,29,4,63.39
Account Services,12,3,0,19,2,74.22
Account Services,14,3,0,45,3,116.36
Customer Support,13,5,1,4,2,7.0
Customer Support,17,3,0,26,3,66.73
Document Verification,15,3,0,34,3,67.65
Customer Support,12,3,0,23,2,79.66
General Enquiry,14,6,1,30,2,58.38
Account Services,15,6,1,17,4,25.86
General Enquiry,9,2,0,4,4,3.2
Bill Payment,17,1,0,49,4,45.73
Customer Support,11,1,0,7,2,20.27
Document Verification,16,2,0,55,2,176.33
General Enquiry,11,1,0,13,4,12.45
Customer Support,10,6,1,62,4,117.57
Customer Support,14,1,0,43,2,142.2
Account Services,9,0,0,22,4,33.37
General Enquiry,14,5,1,17,2,34.18
General Enquiry,11,2,0,27,2,50.68
Bill Payment,9,5,1,78,4,69.99
General Enquiry,17,2,0,54,2,106.0
Customer Support,12,4,0,28,2,88.55
Bill Payment,15,6,1,17,2,31.65
Account Services,15,0,0,30,4,56.51
Document Verification,14,4,0,21,3,44.67
General Enquiry,13,3,0,51,4,46.44
General Enquiry,17,5,1,5,4,6.5
Account Services,17,3,0,5,4,8.87
Bill Payment,10,6,1,15,1,50.68
Account Services,12,2,0,33,3,95.1
Account Services,15,0,0,26,3,69.3
Customer Support,11,3,0,20,2,68.47
Customer Support,15,2,0,3,2,13.02
Bill Payment,13,2,0,42,3,47.54
Bill Payment,16,0,0,40,2,66.67
Account Services,17,4,0,20,4,36.31
General Enquiry,12,1,0,20,3,28.16
General Enquiry,12,0,0,3,1,9.91
Customer Support,13,0,0,38,2,151.32
Customer Support,11,0,0,17,3,47.16
Bill Payment,16,3,0,28,3,34.86
General Enquiry,11,5,1,9,4,9.36
Account Services,14,5,1,56,4,121.26
Account Services,11,3,0,4,2,18.32
Account Services,15,4,0,37,4,81.52
Document Verification,16,3,0,18,3,36.44
Bill Payment,13,5,1,21,4,21.64
Customer Support,11,2,0,30,2,96.1
General Enquiry,13,5,1,23,4,21.91
Bill Payment,11,1,0,33,2,61.23
Bill Payment,15,3,0,33,4,27.96
General Enquiry,17,1,0,48,3,56.41
Customer Support,15,0,0,9,4,16.64
Customer Support,9,6,1,23,2,84.57
Customer Support,15,6,1,14,1,115.26
General Enquiry,12,4,0,10,4,10.15
Customer Support,17,4,0,13,1,91.28
Account Services,17,4,0,3,3,4.32
Account Services,16,6,1,35,1,268.21
Bill Payment,9,0,0,22,2,35.57
General Enquiry,17,5,1,24,4,24.96
Customer Support,13,1,0,6,3,12.09
Customer Support,16,1,0,30,4,58.09
Account Services,16,0,0,46,4,86.17
Customer Support,14,4,0,12,2,48.56
Customer Support,13,6,1,9,1,57.43
Account Services,16,3,0,47,2,208.14
Account Services,10,1,0,31,2,127.61
Bill Payment,14,4,0,31,2,61.94
Customer Support,12,6,1,7,2,23.52
Customer Support,17,3,0,39,1,279.93
General Enquiry,14,6,1,26,3,38.12
General Enquiry,11,2,0,10,1,39.15
Customer Support,9,4,0,8,1,60.27
Customer Support,12,6,1,14,2,48.75
Account Services,12,6,1,28,2,127.6
Bill Payment,9,0,0,11,4,11.49
Account Services,10,3,0,26,4,47.67
Bill Payment,17,2,0,37,3,48.58
Customer Support,17,4,0,20,4,29.15
Bill Payment,10,3,0,36,2,62.34
Customer Support,13,5,1,9,2,34.34
Document Verification,13,2,0,5,2,12.71
Document Verification,13,4,0,15,4,20.9
Document Verification,10,2,0,17,3,36.67
Bill Payment,17,1,0,31,4,28.79
General Enquiry,12,0,0,28,1,114.75
Document Verification,16,1,0,12,3,25.32
Document Verification,12,1,0,14,4,14.8
Customer Support,12,1,0,23,3,62.42
Account Services,9,6,1,45,4,101.62
Bill Payment,10,6,1,13,3,12.01
Document Verification,15,4,0,28,3,63.85
Account Services,9,3,0,17,3,43.44
Customer Support,14,2,0,36,2,115.0
General Enquiry,15,6,1,8,3,12.7
Bill Payment,11,6,1,2,1,7.11
Account Services,13,3,0,24,4,49.93
Bill Payment,16,4,0,36,2,70.0
Customer Support,11,5,1,33,1,257.73
Customer Support,11,3,0,12,3,28.71
Bill Payment,9,3,0,55,4,53.34
Document Verification,15,3,0,35,1,241.73
General Enquiry,14,4,0,35,3,40.37
Bill Payment,14,6,1,14,2,28.63
Account Services,14,4,0,15,4,29.06
Bill Payment,9,5,1,60,3,69.28
Account Services,17,4,0,45,4,96.73
Document Verification,16,1,0,27,1,142.89
Account Services,9,5,1,27,2,109.43
Document Verification,15,5,1,8,1,47.8
Document Verification,17,4,0,41,4,64.0
Bill Payment,10,0,0,87,2,141.65
General Enquiry,11,1,0,21,2,39.07
Customer Support,11,5,1,18,4,33.04
Account Services,11,2,0,21,3,61.11
Account Services,17,4,0,10,4,19.64
Customer Support,11,4,0,29,3,72.96
General Enquiry,17,6,1,17,4,17.46
Document Verification,17,5,1,21,1,138.65
Bill Payment,9,2,0,28,2,51.17
Customer Support,13,0,0,73,4,139.25
Customer Support,13,1,0,13,3,35.26
Document Verification,16,6,1,46,1,260.41
Account Services,16,6,1,42,3,103.94
Bill Payment,17,0,0,64,2,115.74
Document Verification,9,5,1,9,2,28.64
Customer Support,11,1,0,21,2,76.41
General Enquiry,13,1,0,5,1,19.81
General Enquiry,10,0,0,39,2,87.79
Bill Payment,9,6,1,13,3,16.66
Bill Payment,16,3,0,23,4,19.32
Customer Support,14,0,0,71,4,136.76
Bill Payment,10,6,1,16,4,15.98
General Enquiry,13,4,0,35,4,31.72
Document Verification,9,5,1,37,2,102.74
Customer Support,14,2,0,34,4,58.5
Customer Support,15,6,1,33,1,243.37
Customer Support,14,0,0,41,1,331.82
General Enquiry,13,2,0,9,3,10.81
Bill Payment,11,0,0,17,3,19.35
General Enquiry,13,5,1,61,4,59.24
Bill Payment,13,2,0,14,4,12.0
Document Verification,16,2,0,17,4,21.57
General Enquiry,12,6,1,24,2,47.05
Customer Support,16,5,1,13,1,88.08
Customer Support,15,3,0,27,2,103.96
Bill Payment,11,1,0,16,4,11.34
Document Verification,16,3,0,44,1,263.56
Account Services,14,0,0,67,4,134.05
Document Verification,14,5,1,47,2,117.32
General Enquiry,15,4,0,18,2,38.44
Bill Payment,9,5,1,55,3,71.2
Account Services,9,1,0,47,1,375.94
Bill Payment,12,5,1,17,1,58.67
Bill Payment,15,5,1,15,4,12.54
Document Verification,14,4,0,46,4,70.54
Bill Payment,11,6,1,3,3,4.49
Bill Payment,14,4,0,12,1,36.76
Account Services,10,5,1,53,3,154.99
Document Verification,14,5,1,16,3,30.13
Bill Payment,15,1,0,5,2,8.62
Document Verification,9,3,0,33,3,71.57
Customer Support,14,1,0,54,2,172.32
Document Verification,15,1,0,5,1,35.31
Account Services,15,0,0,44,3,139.06
Account Services,12,4,0,18,1,133.34
Customer Support,9,2,0,29,3,66.44
Customer Support,12,5,1,6,3,13.53
Document Verification,11,3,0,16,2,42.64
Document Verification,15,1,0,20,1,125.42
General Enquiry,12,0,0,25,1,107.85
Account Services,13,4,0,12,2,45.55
Document Verification,17,3,0,5,1,26.54
General Enquiry,14,1,0,12,4,10.99
Bill Payment,9,3,0,31,2,57.76
General Enquiry,13,0,0,29,2,55.5
Account Services,16,4,0,8,2,39.01
Bill Payment,13,0,0,29,3,38.13
Bill Payment,15,3,0,29,3,34.33
Customer Support,12,5,1,30,3,73.84
Bill Payment,17,5,1,55,3,64.15
Customer Support,13,0,0,14,4,24.58
Bill Payment,15,0,0,7,4,7.93
Bill Payment,12,6,1,30,1,97.14
Customer Support,11,1,0,16,4,27.04
Account Services,16,1,0,45,4,99.46
Account Services,9,5,1,72,2,302.26
Customer Support,16,3,0,23,3,56.0
Bill Payment,16,5,1,13,2,21.53
Document Verification,16,5,1,46,1,300.24
General Enquiry,9,0,0,71,3,90.61
Bill Payment,14,6,1,60,4,53.22
General Enquiry,16,5,1,54,4,47.84
Bill Payment,11,3,0,7,4,6.36
Customer Support,16,5,1,24,4,45.98
Customer Support,10,5,1,46,3,109.38
Document Verification,14,4,0,30,1,195.4
Document Verification,11,2,0,23,4,33.79
Account Services,11,0,0,31,3,95.23
Customer Support,15,6,1,12,3,26.85
Account Services,15,3,0,23,1,165.82
Customer Support,13,6,1,23,4,40.19
Account Services,9,6,1,56,3,141.65
Bill Payment,11,0,0,30,3,33.63
Account Services,16,5,1,24,1,164.87
Account Services,16,5,1,35,3,82.9
General Enquiry,15,2,0,35,2,70.48
Account Services,12,1,0,41,1,369.56
Account Services,9,1,0,17,4,42.13
General Enquiry,11,6,1,8,2,14.36
Bill Payment,13,3,0,34,1,122.96
Bill Payment,12,5,1,33,3,44.09
Customer Support,11,3,0,9,1,71.39
Document Verification,16,6,1,33,3,70.97
Document Verification,10,6,1,22,1,122.76
Account Services,14,5,1,10,4,20.08
Bill Payment,9,6,1,58,2,108.56
Bill Payment,14,2,0,40,4,32.29
Customer Support,14,0,0,31,3,77.52
Account Services,9,4,0,37,3,100.95
Account Services,13,2,0,40,2,173.2
Account Services,14,5,1,31,4,67.88
Document Verification,15,1,0,12,3,21.58
General Enquiry,9,2,0,67,4,61.65
Bill Payment,14,5,1,13,1,40.79
Account Services,15,1,0,6,1,51.35
Bill Payment,13,3,0,3,2,2.58
Customer Support,9,1,0,44,1,327.12
Customer Support,14,6,1,47,4,98.9
Customer Support,16,5,1,56,1,355.33
Account Services,17,1,0,24,1,164.29
Account Services,15,0,0,12,3,35.34
Document Verification,9,1,0,13,4,16.83
Bill Payment,11,4,0,29,3,31.41
Bill Payment,14,5,1,46,4,39.33
Account Services,15,2,0,4,1,30.06
Account Services,11,2,0,14,1,97.45
Bill Payment,14,6,1,49,2,87.37
General Enquiry,11,6,1,10,1,40.68
General Enquiry,10,0,0,16,4,17.84
General Enquiry,12,0,0,13,2,27.08
Customer Support,17,1,0,19,3,41.93
Customer Support,15,5,1,24,2,91.73
General Enquiry,15,1,0,24,4,21.65
General Enquiry,16,3,0,21,1,81.2
Customer Support,17,4,0,43,1,281.89
Bill Payment,17,0,0,34,4,25.77
Account Services,14,1,0,16,1,133.33
Bill Payment,10,2,0,20,4,17.0
Account Services,11,1,0,21,2,92.69
Account Services,11,4,0,6,1,54.96
General Enquiry,16,2,0,8,3,13.09
General Enquiry,11,0,0,11,1,36.69
Account Services,13,5,1,52,2,226.96
Bill Payment,16,6,1,55,3,60.43
Account Services,12,0,0,34,3,105.18
General Enquiry,15,3,0,16,2,31.54
Bill Payment,17,2,0,33,2,52.7
Document Verification,17,4,0,19,4,32.08
General Enquiry,14,5,1,46,4,50.03
Bill Payment,9,0,0,18,1,66.22
Account Services,17,1,0,18,3,44.17
Document Verification,11,2,0,19,1,100.31
Account Services,16,2,0,20,1,171.04
Document Verification,9,1,0,20,4,32.99
General Enquiry,11,3,0,18,2,33.11
General Enquiry,17,5,1,60,1,212.92
Account Services,11,6,1,43,1,325.09
Bill Payment,14,0,0,49,3,60.46
Document Verification,12,0,0,32,1,210.93
Bill Payment,13,3,0,59,2,115.89
Customer Support,15,3,0,3,1,26.76
Account Services,12,3,0,17,3,38.26
Account Services,13,6,1,49,2,191.22
Account Services,14,5,1,40,3,91.01
Bill Payment,9,4,0,48,4,44.12
Account Services,14,5,1,37,4,58.78
Document Verification,11,5,1,28,4,39.76
Account Services,17,1,0,26,1,184.91
Account Services,15,1,0,26,1,190.48
Account Services,10,4,0,3,4,4.11
Document Verification,14,5,1,21,1,128.36
Bill Payment,11,4,0,2,1,5.63
Customer Support,11,5,1,21,3,46.81
General Enquiry,13,4,0,44,1,158.48
General Enquiry,10,6,1,35,2,74.73
Bill Payment,9,4,0,39,3,42.34
Account Services,14,4,0,44,3,132.29
Bill Payment,15,0,0,18,1,60.72
Account Services,12,2,0,7,1,60.75
Bill Payment,14,3,0,44,1,148.26
Customer Support,9,2,0,44,3,112.77
Bill Payment,17,0,0,48,3,60.34
Bill Payment,15,3,0,11,4,8.09
Customer Support,14,1,0,10,3,17.25
Account Services,15,5,1,19,3,56.78
Bill Payment,10,4,0,23,2,45.82
Document Verification,9,6,1,55,1,355.63
Customer Support,17,3,0,8,1,62.27
Customer Support,11,1,0,5,4,13.22
Account Services,11,1,0,19,1,163.47
Customer Support,14,4,0,41,2,144.07
General Enquiry,16,3,0,44,1,160.5
Document Verification,11,3,0,42,3,86.2
General Enquiry,10,3,0,55,3,86.21
Account Services,10,0,0,44,2,181.36
Account Services,9,4,0,44,1,335.49
Bill Payment,9,1,0,34,4,28.7
Account Services,11,3,0,12,1,108.12
Document Verification,12,3,0,11,3,24.21
Customer Support,13,0,0,4,3,10.2
Account Services,13,1,0,48,4,91.25
Account Services,9,1,0,15,3,30.87
Bill Payment,17,2,0,41,2,78.52
Document Verification,17,0,0,44,1,279.22
General Enquiry,9,1,0,38,4,43.05
Customer Support,15,5,1,3,4,3.16
Customer Support,14,0,0,64,3,160.12
Account Services,13,2,0,35,2,131.84
Account Services,13,1,0,34,3,96.44
Bill Payment,15,5,1,17,1,59.96
General Enquiry,9,5,1,55,3,79.69
Customer Support,13,5,1,8,3,15.96
Document Verification,11,0,0,51,1,282.34
General Enquiry,16,3,0,53,2,93.31
General Enquiry,15,2,0,30,4,34.86
Customer Support,14,1,0,5,1,38.87
Bill Payment,11,3,0,20,4,17.56
Bill Payment,17,6,1,49,4,42.25
Customer Support,11,2,0,24,4,38.02
Document Verification,17,6,1,36,1,225.64
General Enquiry,15,1,0,6,4,3.76
General Enquiry,10,4,0,65,2,109.31
Customer Support,14,0,0,30,1,222.54
Customer Support,11,3,0,4,3,12.25
Customer Support,10,1,0,39,4,67.03
Document Verification,14,2,0,42,4,56.42
Bill Payment,14,3,0,47,2,69.09
General Enquiry,17,1,0,10,3,14.81
General Enquiry,11,5,1,9,3,10.98
Account Services,11,2,0,8,4,12.68
Bill Payment,12,0,0,33,4,25.05
General Enquiry,15,2,0,37,3,56.43
Account Services,14,5,1,35,1,295.18
General Enquiry,15,6,1,27,2,57.8
Bill Payment,9,5,1,15,4,12.11
Document Verification,11,6,1,27,1,162.07
Customer Support,10,5,1,38,4,66.74
Document Verification,17,6,1,30,2,85.33
Document Verification,11,6,1,32,1,175.66
Customer Support,13,5,1,28,3,57.27
General Enquiry,13,4,0,33,1,153.03
Document Verification,10,6,1,54,3,120.02
Bill Payment,16,1,0,28,4,26.23
Customer Support,9,5,1,56,2,186.24
Document Verification,13,0,0,40,1,225.68
Bill Payment,16,5,1,21,3,26.93
Bill Payment,15,2,0,31,2,62.13
Bill Payment,17,3,0,25,3,26.42
Document Verification,14,3,0,50,2,165.85
Bill Payment,11,3,0,13,1,41.32
General Enquiry,15,6,1,12,2,17.39
Customer Support,10,0,0,71,3,167.78
Bill Payment,11,4,0,12,1,47.98
General Enquiry,10,6,1,27,1,104.94
Bill Payment,17,6,1,20,3,26.67
Bill Payment,11,4,0,34,1,131.63
General Enquiry,13,6,1,5,4,3.72
General Enquiry,17,5,1,21,4,18.92
Customer Support,10,1,0,60,3,134.2
Document Verification,13,3,0,22,1,129.98
Customer Support,15,0,0,8,4,15.73
Bill Payment,12,6,1,37,1,111.87
General Enquiry,10,4,0,14,1,55.94
Document Verification,13,4,0,17,2,56.88
Document Verification,17,4,0,30,1,156.8
Account Services,9,2,0,20,3,55.98
Document Verification,9,4,0,49,2,152.78
General Enquiry,15,0,0,49,2,94.72
Customer Support,9,6,1,38,1,299.21
Account Services,10,1,0,52,2,207.73
Document Verification,14,2,0,11,3,18.18
Account Services,14,4,0,35,2,157.4
Bill Payment,11,5,1,24,3,25.58
Account Services,9,3,0,44,3,120.54
Account Services,14,5,1,34,1,262.36
Customer Support,12,1,0,11,4,18.58
Customer Support,16,4,0,50,1,391.74
Account Services,13,0,0,45,1,400.18
General Enquiry,9,3,0,32,2,62.93
General Enquiry,16,6,1,30,1,110.35
Account Services,10,4,0,44,3,101.03
Document Verification,16,6,1,48,4,75.05
Customer Support,10,6,1,77,4,125.45
Account Services,14,1,0,9,2,34.63
General Enquiry,9,2,0,23,4,23.03
Document Verification,15,5,1,3,2,8.58
Document Verification,11,4,0,17,2,47.33
Customer Support,17,1,0,11,1,78.96
General Enquiry,12,4,0,21,4,20.43
Bill Payment,17,5,1,58,3,57.26
Account Services,17,4,0,23,3,64.04
Bill Payment,14,1,0,10,1,34.36
Account Services,14,1,0,14,1,132.44
Document Verification,16,6,1,8,3,15.35
Bill Payment,9,1,0,23,3,27.69
Bill Payment,9,1,0,68,2,102.74
Customer Support,13,4,0,45,2,170.93
Bill Payment,12,2,0,10,3,11.53
Bill Payment,13,6,1,25,2,42.51
General Enquiry,11,2,0,34,2,71.56
General Enquiry,16,3,0,4,1,16.68
Bill Payment,11,6,1,16,4,11.6
Document Verification,12,0,0,38,3,74.78
Customer Support,17,0,0,26,1,179.28
Bill Payment,14,4,0,43,4,36.71
General Enquiry,11,4,0,26,2,48.04
General Enquiry,15,6,1,27,3,34.89
Bill Payment,15,4,0,29,2,53.53
Document Verification,13,5,1,20,3,39.11
Bill Payment,15,6,1,43,1,161.36
General Enquiry,13,2,0,22,4,23.81
General Enquiry,11,2,0,20,4,18.18
General Enquiry,10,2,0,49,2,95.38
Customer Support,9,5,1,70,3,155.78
Bill Payment,11,3,0,3,4,1.72
General Enquiry,15,5,1,12,4,13.07
Account Services,10,1,0,49,4,101.9
General Enquiry,15,2,0,34,2,63.54
Bill Payment,17,2,0,53,4,44.61
Account Services,13,5,1,44,1,328.47
Bill Payment,15,3,0,12,4,11.71
Customer Support,10,1,0,48,3,103.25
Customer Support,13,4,0,10,1,74.18
Account Services,10,1,0,35,3,90.2
Account Services,16,3,0,6,1,43.82
Customer Support,10,5,1,5,1,29.59
Customer Support,16,3,0,10,4,21.19
Document Verification,12,2,0,22,1,144.62
Bill Payment,17,1,0,24,2,42.98
Account Services,11,2,0,38,3,84.38
Document Verification,10,0,0,4,3,7.52
Account Services,9,6,1,57,3,151.29
Customer Support,17,4,0,39,1,245.25
General Enquiry,17,3,0,5,2,5.86
Bill Payment,16,1,0,36,4,24.6
Bill Payment,15,0,0,27,4,25.28
Bill Payment,11,6,1,16,1,49.8
Bill Payment,16,3,0,13,3,13.34
Customer Support,14,0,0,24,1,184.86
Account Services,12,0,0,25,2,106.72
Bill Payment,14,5,1,52,4,45.59
General Enquiry,15,3,0,20,3,26.52
Bill Payment,10,2,0,10,1,30.75
Customer Support,14,0,0,65,2,222.4
Document Verification,12,6,1,28,2,79.56
Document Verification,15,6,1,45,2,147.36
Bill Payment,16,4,0,36,2,58.22
Customer Support,14,1,0,48,2,172.06
General Enquiry,15,1,0,26,1,108.11
Bill Payment,17,0,0,22,4,21.92
General Enquiry,16,5,1,27,2,55.22
Account Services,12,4,0,27,3,69.79
Account Services,13,5,1,46,3,111.39
Document Verification,16,5,1,12,2,39.71
Document Verification,12,3,0,19,1,106.82
Bill Payment,12,6,1,24,2,41.29
Customer Support,13,4,0,9,3,18.54
General Enquiry,14,1,0,34,2,61.19
Document Verification,16,3,0,13,2,42.75
Customer Support,9,4,0,33,3,87.83
Customer Support,15,2,0,34,4,65.21
Bill Payment,16,4,0,27,3,33.8
Document Verification,14,2,0,27,3,59.52
Account Services,14,1,0,28,2,124.88
Document Verification,17,2,0,4,4,5.5
General Enquiry,10,5,1,13,3,22.03
Bill Payment,17,3,0,46,1,157.35
Document Verification,13,5,1,57,1,306.93
Document Verification,13,3,0,4,3,8.95
Account Services,14,4,0,33,3,88.86
Account Services,14,1,0,28,2,107.63
Customer Support,10,5,1,57,3,144.05
Bill Payment,12,4,0,36,4,36.52
Document Verification,14,0,0,57,4,79.75
Document Verification,17,6,1,3,3,4.41
Account Services,9,1,0,20,4,33.96
Bill Payment,16,4,0,27,4,23.11
Account Services,16,3,0,16,2,69.17
Bill Payment,10,4,0,10,2,18.3
Document Verification,13,1,0,46,1,254.48
Document Verification,15,3,0,33,1,173.94
Document Verification,9,1,0,25,4,29.73
Document Verification,14,4,0,28,4,46.4
Account Services,9,6,1,20,3,54.39
Customer Support,9,5,1,36,3,89.19
General Enquiry,17,6,1,12,1,47.47
Document Verification,10,3,0,54,1,362.36
Customer Support,12,0,0,19,1,119.7
Bill Payment,10,1,0,33,2,55.34
Account Services,12,3,0,30,2,109.05
Customer Support,10,3,0,11,1,82.86
Bill Payment,15,3,0,42,3,43.41
Account Services,10,5,1,23,4,46.62
Account Services,14,6,1,56,4,119.92
General Enquiry,14,3,0,60,1,271.61
Bill Payment,12,0,0,34,1,134.93
Account Services,16,2,0,9,3,31.87
General Enquiry,10,3,0,22,4,22.83
General Enquiry,15,2,0,2,2,3.99
Account Services,17,1,0,44,4,75.08
Bill Payment,15,0,0,45,4,36.31
Document Verification,9,2,0,9,3,19.9
Bill Payment,15,2,0,22,2,35.07
Customer Support,9,1,0,16,4,30.6
General Enquiry,10,1,0,37,1,159.7
Document Verification,13,0,0,6,3,13.1
General Enquiry,14,0,0,46,4,44.51
Account Services,12,2,0,2,3,3.29
Document Verification,9,0,0,43,4,73.01
Account Services,9,6,1,27,3,81.89
General Enquiry,10,4,0,32,1,113.41
Account Services,9,1,0,10,3,24.04
Customer Support,9,0,0,51,3,116.57
Bill Payment,10,3,0,30,4,31.55
Document Verification,10,0,0,70,4,97.77
Bill Payment,11,4,0,30,1,92.18
Account Services,11,3,0,4,2,18.8
General Enquiry,10,0,0,33,4,35.44
Account Services,12,6,1,20,2,71.81
Account Services,17,0,0,49,3,130.03
Bill Payment,13,3,0,20,4,20.14
Document Verification,17,6,1,52,1,306.03
Account Services,14,6,1,7,3,16.55
Account Services,16,4,0,43,2,166.26
Account Services,11,1,0,14,3,37.6
Customer Support,15,3,0,27,2,106.02
Customer Support,9,5,1,54,2,197.47
Customer Support,10,6,1,33,4,58.65
Customer Support,17,0,0,17,4,37.98
Document Verification,9,4,0,59,3,119.88
General Enquiry,17,3,0,43,4,41.91
General Enquiry,9,5,1,12,3,20.87
Account Services,10,3,0,25,3,64.06
Document Verification,12,3,0,34,3,73.47
Account Services,11,0,0,20,4,36.44
Document Verification,17,3,0,30,1,166.6
Customer Support,11,4,0,24,1,156.84
General Enquiry,17,0,0,37,4,34.22
Document Verification,16,1,0,39,4,59.72
Document Verification,16,3,0,14,3,26.63
General Enquiry,16,6,1,45,1,165.44
Account Services,11,0,0,17,3,53.7
Bill Payment,16,2,0,49,1,174.1
Document Verification,9,4,0,21,3,38.4
Bill Payment,14,2,0,48,1,148.23
General Enquiry,10,1,0,44,2,104.1
Document Verification,10,1,0,31,3,62.28
Bill Payment,15,4,0,5,3,4.15
Customer Support,14,0,0,51,1,353.25
Account Services,12,6,1,22,3,54.49
Customer Support,12,3,0,27,1,163.7
General Enquiry,17,4,0,36,1,142.08
Customer Support,14,4,0,15,1,118.77
General Enquiry,12,2,0,2,2,3.39
General Enquiry,13,4,0,56,2,125.2
Account Services,16,4,0,13,4,32.31
General Enquiry,13,2,0,14,4,15.86
Customer Support,9,1,0,10,3,22.5
General Enquiry,16,6,1,8,3,10.12
Account Services,10,2,0,44,4,93.94
Account Services,14,5,1,26,1,219.5
General Enquiry,9,6,1,36,2,61.46
Account Services,11,4,0,6,3,21.15
Bill Payment,14,6,1,6,4,6.61
Account Services,15,0,0,3,1,19.86
Bill Payment,13,1,0,31,2,56.75
Customer Support,17,0,0,35,4,62.71
Customer Support,17,2,0,4,4,3.44
General Enquiry,14,5,1,24,4,21.67
Bill Payment,14,4,0,41,4,30.34
Bill Payment,16,2,0,14,4,12.95
General Enquiry,11,4,0,31,2,72.6
Account Services,9,4,0,30,1,265.53
Account Services,9,5,1,47,3,110.63
Account Services,17,0,0,4,4,12.72
Account Services,10,5,1,23,1,204.87
Account Services,13,2,0,44,2,164.47
Document Verification,14,6,1,30,3,50.47
Bill Payment,14,1,0,3,2,3.77
Account Services,11,2,0,23,4,39.81
Customer Support,16,2,0,15,2,53.22
Account Services,10,4,0,17,2,62.34
General Enquiry,14,4,0,37,3,49.77
Customer Support,14,3,0,6,3,13.47
Document Verification,17,2,0,15,1,95.47
Account Services,15,6,1,5,3,13.01
Bill Payment,17,2,0,12,4,13.39
General Enquiry,9,6,1,44,3,53.51
Bill Payment,16,5,1,16,1,55.17
General Enquiry,14,4,0,3,2,5.38
Document Verification,14,4,0,26,2,85.73
Bill Payment,12,1,0,29,2,45.51
Customer Support,10,1,0,15,4,27.44
Customer Support,17,0,0,23,1,172.57
Account Services,13,1,0,9,1,77.38
Account Services,10,4,0,62,1,517.08
Document Verification,9,4,0,44,4,67.05
Document Verification,11,0,0,25,2,70.34
Account Services,14,5,1,36,4,64.34
Account Services,14,1,0,50,2,191.41
Account Services,10,4,0,8,4,18.05
Account Services,15,1,0,17,2,63.66
Customer Support,9,5,1,31,4,48.76
Bill Payment,10,1,0,28,1,87.77
General Enquiry,15,4,0,15,2,30.85
Bill Payment,12,1,0,12,3,13.22
General Enquiry,9,5,1,54,1,232.55
Document Verification,12,5,1,39,4,63.24
Account Services,10,3,0,49,4,90.53
Bill Payment,17,0,0,66,4,64.41
Document Verification,10,4,0,22,1,141.94
General Enquiry,9,5,1,52,3,75.88
Customer Support,14,3,0,5,2,20.55
Account Services,10,4,0,14,3,41.21
Bill Payment,13,2,0,29,3,31.76
Customer Support,15,3,0,25,2,87.29
General Enquiry,17,2,0,45,2,86.9
Account Services,11,3,0,12,1,81.94
General Enquiry,17,5,1,54,3,80.64
Customer Support,15,4,0,39,2,119.1
General Enquiry,16,6,1,15,2,33.21
General Enquiry,17,6,1,36,2,77.54
Customer Support,13,0,0,25,3,53.97
Customer Support,15,4,0,22,2,80.72
Document Verification,17,0,0,7,2,19.54
Bill Payment,17,3,0,32,4,29.93
Bill Payment,10,0,0,61,3,74.69
Account Services,17,3,0,22,3,60.34
Account Services,17,1,0,39,2,178.21
Customer Support,11,0,0,25,1,172.52
Account Services,10,3,0,36,2,145.26
Customer Support,17,4,0,14,2,47.5
Bill Payment,14,1,0,17,2,34.3
Customer Support,11,1,0,9,4,13.67
Account Services,16,1,0,5,1,39.41
Customer Support,15,4,0,17,3,44.95
Bill Payment,14,4,0,41,4,40.04
General Enquiry,10,6,1,51,4,54.54
Account Services,13,4,0,36,2,138.43
Customer Support,13,5,1,15,2,57.47
General Enquiry,13,2,0,24,4,23.27
Document Verification,15,0,0,8,1,52.9
Account Services,9,4,0,45,2,178.49
Account Services,16,3,0,22,3,53.14
Account Services,9,6,1,46,3,117.24
Document Verification,15,0,0,32,2,97.51
Bill Payment,16,4,0,24,4,20.94
Document Verification,11,0,0,38,1,255.28
Document Verification,12,4,0,4,3,9.54
Account Services,10,3,0,21,2,69.35
Document Verification,12,1,0,29,2,86.24
Document Verification,10,3,0,18,2,57.46
Customer Support,17,0,0,32,1,227.4
Bill Payment,17,3,0,3,1,11.08
Bill Payment,15,4,0,29,4,29.19
General Enquiry,13,0,0,29,2,52.0
General Enquiry,11,0,0,27,4,24.64
Bill Payment,12,2,0,29,4,24.38
General Enquiry,9,0,0,36,4,35.82
Document Verification,12,4,0,6,4,7.95
Bill Payment,15,2,0,18,4,14.85
Account Services,17,5,1,24,4,47.26
Bill Payment,15,6,1,29,4,28.74
Bill Payment,12,2,0,26,4,23.66
Bill Payment,11,3,0,26,1,101.24
Customer Support,17,4,0,52,4,108.09
Account Services,13,6,1,46,4,77.18
Customer Support,11,4,0,2,3,7.85
General Enquiry,11,6,1,22,1,99.95
Bill Payment,11,3,0,40,1,157.93
Document Verification,15,3,0,5,4,11.23
Bill Payment,16,0,0,6,2,13.56
Bill Payment,12,2,0,32,3,32.12
Customer Support,15,2,0,26,4,48.06
General Enquiry,14,5,1,19,2,36.72
Customer Support,9,2,0,56,3,114.2
Document Verification,17,4,0,43,3,77.79
Customer Support,13,1,0,52,3,139.75
Document Verification,9,3,0,6,1,42.21
Customer Support,16,1,0,38,3,93.82
Document Verification,15,1,0,33,1,211.22
Document Verification,17,1,0,24,2,72.62
Customer Support,13,6,1,65,1,524.0
Document Verification,15,0,0,10,4,15.31
Document Verification,12,6,1,16,4,22.81
Account Services,10,5,1,57,1,440.66
Customer Support,14,3,0,13,1,81.2
Account Services,13,4,0,45,3,122.79
Customer Support,12,0,0,11,1,74.19
Customer Support,15,5,1,20,3,53.05
Document Verification,13,3,0,51,2,156.79
Bill Payment,9,1,0,57,1,188.2
Bill Payment,17,4,0,32,2,61.9
Bill Payment,9,3,0,47,4,44.01
Bill Payment,16,6,1,5,3,6.76
Document Verification,11,0,0,48,3,106.15
General Enquiry,15,3,0,12,4,13.86
Customer Support,15,3,0,30,4,59.22
Document Verification,17,1,0,3,2,5.87
General Enquiry,16,1,0,25,2,52.83
Account Services,10,3,0,35,2,160.37
Customer Support,9,3,0,19,1,113.77
Account Services,9,6,1,51,4,98.24
Customer Support,9,4,0,49,1,299.72
Bill Payment,9,0,0,20,1,75.72
General Enquiry,16,1,0,19,3,29.47
Customer Support,16,5,1,32,1,195.56
Customer Support,12,6,1,5,1,34.21
Document Verification,15,3,0,26,3,49.19
Customer Support,9,3,0,26,2,76.6
Customer Support,16,0,0,61,3,133.47
Document Verification,10,1,0,49,3,96.31
Bill Payment,13,6,1,48,2,86.85
Account Services,13,1,0,24,2,84.17
Bill Payment,15,1,0,8,1,26.09
Account Services,11,1,0,8,2,28.64
Account Services,11,2,0,26,4,56.34
Bill Payment,16,6,1,33,1,127.17
General Enquiry,12,3,0,13,4,12.88
General Enquiry,10,6,1,15,3,21.49
Document Verification,15,0,0,17,3,27.35
General Enquiry,11,1,0,2,3,3.83
General Enquiry,17,5,1,45,2,97.67
Document Verification,12,2,0,16,2,45.62
General Enquiry,11,0,0,19,1,67.37
Document Verification,13,1,0,48,2,135.75
General Enquiry,15,6,1,32,1,134.31
Bill Payment,15,4,0,14,1,49.13
Document Verification,13,6,1,3,2,3.69
Bill Payment,10,2,0,5,3,4.31
Bill Payment,12,4,0,2,4,3.66
Bill Payment,11,2,0,2,4,1.23
Document Verification,13,6,1,13,4,19.44
General Enquiry,14,2,0,49,3,69.89
Account Services,16,0,0,15,1,117.8
Customer Support,16,1,0,46,2,170.44
Bill Payment,12,0,0,8,1,29.86
Customer Support,13,6,1,54,1,323.72
General Enquiry,13,1,0,47,2,103.56
Bill Payment,9,2,0,40,3,54.34
Document Verification,17,2,0,34,3,65.79
Account Services,14,6,1,15,4,25.73
Document Verification,10,0,0,10,4,14.67
General Enquiry,9,1,0,24,2,40.89
Account Services,17,2,0,52,3,151.02
Account Services,11,3,0,11,4,21.0
General Enquiry,13,3,0,16,4,20.44
Account Services,12,5,1,39,2,162.74
Account Services,11,5,1,31,4,55.34
Bill Payment,12,3,0,31,2,62.97
Document Verification,10,5,1,20,3,33.87
General Enquiry,17,4,0,7,2,15.4
Bill Payment,13,2,0,44,2,78.11
General Enquiry,14,6,1,26,4,28.81
Account Services,13,0,0,27,4,57.89
General Enquiry,17,3,0,20,3,31.95
Document Verification,10,1,0,10,3,22.71
Bill Payment,9,0,0,11,4,12.39
Document Verification,9,1,0,46,2,150.66
Bill Payment,15,5,1,34,3,34.87
Document Verification,16,4,0,38,2,104.59
Document Verification,15,0,0,33,4,50.37
Bill Payment,15,3,0,13,2,23.32
Customer Support,14,6,1,49,3,120.97
Bill Payment,14,2,0,35,2,63.75
Customer Support,9,4,0,15,4,23.32
Customer Support,17,1,0,5,2,16.46
General Enquiry,9,2,0,26,2,41.51
Bill Payment,9,0,0,13,1,50.03
Account Services,11,1,0,19,1,162.7
Account Services,15,0,0,32,4,64.69
Document Verification,16,1,0,2,3,0.5
Bill Payment,16,1,0,3,1,8.39
General Enquiry,11,3,0,7,2,10.28
Account Services,15,0,0,31,3,88.31
Account Services,16,0,0,16,3,43.66
Document Verification,11,0,0,15,3,25.96
General Enquiry,10,0,0,71,3,104.22
Account Services,14,4,0,19,4,37.79
Document Verification,9,2,0,25,3,46.91
Customer Support,16,1,0,50,3,108.04
Customer Support,14,2,0,31,4,58.12
Customer Support,14,6,1,4,4,8.36
Document Verification,11,6,1,23,1,126.73
Document Verification,11,1,0,18,3,34.76
Bill Payment,15,4,0,20,2,40.02
Account Services,11,3,0,19,1,173.13
Document Verification,16,3,0,4,2,10.7
Account Services,17,3,0,10,3,31.93
Bill Payment,16,2,0,8,4,5.7
Customer Support,11,3,0,34,2,131.4
Customer Support,17,5,1,13,4,17.86
Bill Payment,9,4,0,24,4,19.51
Account Services,17,1,0,7,2,22.81
General Enquiry,16,2,0,6,4,5.55
Account Services,11,3,0,17,2,73.34
General Enquiry,11,6,1,10,2,20.92
General Enquiry,16,3,0,14,2,27.23
Bill Payment,12,6,1,2,1,8.34
Document Verification,17,3,0,14,1,90.27
Document Verification,9,0,0,44,4,66.41
Bill Payment,17,2,0,13,2,24.35
Customer Support,12,0,0,6,1,42.63
General Enquiry,13,6,1,47,4,49.26
Document Verification,15,1,0,17,4,25.23
General Enquiry,9,0,0,26,3,38.34
General Enquiry,13,6,1,39,1,163.83
Customer Support,12,5,1,38,4,61.61
Account Services,15,0,0,4,1,33.05
Customer Support,12,6,1,11,2,44.53
General Enquiry,17,1,0,15,4,18.02
Account Services,15,5,1,23,4,38.5
Account Services,16,1,0,43,3,129.03
Bill Payment,10,1,0,9,1,31.2
Account Services,9,4,0,7,3,18.15
Bill Payment,9,0,0,28,2,50.31
Customer Support,14,5,1,41,2,152.97
Account Services,16,3,0,43,1,377.17
Bill Payment,12,2,0,41,3,49.77
Document Verification,11,6,1,20,2,48.97
Customer Support,10,2,0,7,1,53.59
General Enquiry,16,0,0,22,4,20.47
Customer Support,12,0,0,33,4,54.9
Bill Payment,10,4,0,48,4,45.36
General Enquiry,14,0,0,58,3,69.93
Bill Payment,16,0,0,31,2,52.09
Account Services,14,1,0,42,2,172.89
Account Services,16,0,0,58,4,121.0
General Enquiry,16,0,0,38,2,69.34
General Enquiry,10,0,0,35,4,36.76
Customer Support,13,5,1,27,3,54.07
Bill Payment,9,1,0,10,3,9.74
General Enquiry,15,2,0,2,2,4.38
Customer Support,13,0,0,35,1,248.91
Account Services,13,2,0,26,3,68.46
Document Verification,13,0,0,4,3,5.19
Customer Support,11,0,0,46,3,88.51
Document Verification,15,6,1,27,1,146.39
Document Verification,13,4,0,11,3,28.43
Bill Payment,13,2,0,47,3,48.01
Customer Support,10,2,0,46,1,342.56
Bill Payment,16,0,0,19,4,18.65
Bill Payment,15,5,1,27,3,30.1
Bill Payment,16,3,0,17,3,17.95
Document Verification,10,5,1,3,3,6.51
General Enquiry,11,4,0,15,2,30.94
Customer Support,17,1,0,31,2,121.56
Customer Support,13,6,1,67,2,205.86
Bill Payment,9,4,0,7,2,14.54
Account Services,10,1,0,48,3,133.34
Account Services,13,1,0,46,2,162.38
Account Services,15,0,0,22,1,145.78
Document Verification,11,0,0,27,1,139.56
Document Verification,10,3,0,52,3,93.31
General Enquiry,12,1,0,5,3,5.62
Customer Support,11,1,0,11,3,31.69
Bill Payment,9,5,1,14,1,45.83
Account Services,15,5,1,36,2,132.5
Document Verification,16,3,0,5,4,6.22
Account Services,17,2,0,39,2,165.17
Account Services,16,6,1,21,2,77.85
Document Verification,14,6,1,49,4,64.13
General Enquiry,13,2,0,19,3,29.77
General Enquiry,13,1,0,44,4,41.67
Document Verification,11,6,1,25,4,40.82
Account Services,11,4,0,9,3,19.45
Bill Payment,15,2,0,26,4,26.6
Customer Support,13,6,1,66,2,208.87
Customer Support,14,1,0,41,3,91.24
Bill Payment,14,5,1,3,2,5.72
Account Services,17,5,1,53,4,115.12
Bill Payment,17,5,1,24,3,21.97
Customer Support,12,0,0,24,3,51.7
Account Services,15,4,0,30,1,264.58
Customer Support,17,1,0,15,1,109.93
Customer Support,15,4,0,30,4,49.74
Account Services,9,0,0,12,3,27.84
General Enquiry,14,4,0,2,2,2.89
Document Verification,17,3,0,30,1,171.55
Bill Payment,9,3,0,33,4,24.22
Account Services,9,4,0,17,1,118.71
Customer Support,9,4,0,37,2,126.32
Customer Support,15,0,0,34,2,116.63
Customer Support,11,2,0,24,1,138.97
Account Services,10,5,1,37,2,165.57
Account Services,15,4,0,38,4,77.68
General Enquiry,10,4,0,44,1,195.47
General Enquiry,16,3,0,9,3,10.65
Document Verification,14,4,0,24,2,66.87
Bill Payment,17,2,0,2,1,6.37
General Enquiry,15,5,1,19,3,21.6
Account Services,16,6,1,49,4,99.38
Bill Payment,12,2,0,17,4,13.88
Account Services,16,5,1,4,4,10.8
Bill Payment,17,0,0,5,1,16.81
Document Verification,16,5,1,16,4,23.76
General Enquiry,11,3,0,27,4,27.56
Account Services,15,1,0,17,3,50.6
Document Verification,14,1,0,41,4,66.94
General Enquiry,9,6,1,36,4,34.97
Bill Payment,11,3,0,17,1,63.81
Account Services,12,0,0,23,1,208.76
Bill Payment,15,5,1,36,3,35.7
General Enquiry,14,4,0,10,4,12.2
Account Services,11,4,0,11,3,26.57
Bill Payment,16,4,0,55,4,44.36
Customer Support,16,5,1,56,3,152.48
Account Services,14,1,0,47,1,387.86
General Enquiry,10,2,0,10,1,39.23
Account Services,10,3,0,16,3,51.94
General Enquiry,16,2,0,12,1,52.73
Account Services,12,3,0,13,4,32.7
General Enquiry,13,1,0,48,1,220.18
General Enquiry,15,0,0,33,2,56.43
Document Verification,11,2,0,20,4,37.23
Document Verification,16,6,1,59,1,391.11
General Enquiry,15,6,1,31,3,46.37
Customer Support,11,5,1,26,2,99.34
Document Verification,11,3,0,5,4,10.53
General Enquiry,17,0,0,42,3,60.55
General Enquiry,11,6,1,34,2,60.79
Customer Support,9,4,0,33,1,260.86
Bill Payment,9,3,0,53,2,97.61
Customer Support,14,0,0,53,3,129.58
General Enquiry,17,6,1,21,4,20.47
Customer Support,9,2,0,39,3,102.55
Account Services,14,3,0,7,3,21.17
Bill Payment,14,4,0,13,1,50.64
Bill Payment,16,3,0,35,1,121.22
General Enquiry,9,2,0,15,3,21.01
Document Verification,17,6,1,40,4,51.46
Bill Payment,15,2,0,9,3,8.6
Customer Support,10,4,0,35,2,113.24
Customer Support,11,4,0,28,2,90.89
Customer Support,13,6,1,18,4,32.81
Customer Support,12,4,0,25,4,45.71
Document Verification,17,3,0,10,4,17.66
General Enquiry,13,3,0,16,2,31.06
Bill Payment,11,6,1,32,3,34.0
Account Services,9,0,0,77,1,674.86
Customer Support,15,3,0,7,4,14.09
Document Verification,15,1,0,23,4,33.78
General Enquiry,11,1,0,19,1,71.76
General Enquiry,12,6,1,12,1,56.08
General Enquiry,13,4,0,11,3,14.75
General Enquiry,12,5,1,19,4,16.8
Account Services,17,3,0,5,2,19.07
Account Services,17,6,1,13,1,110.81
Bill Payment,14,1,0,45,2,70.4
Customer Support,12,6,1,18,1,124.05
Bill Payment,14,5,1,35,4,28.91
Account Services,15,5,1,21,1,173.84
Document Verification,14,3,0,34,1,225.29
Customer Support,11,3,0,1,4,0.5
Bill Payment,10,4,0,62,2,104.68
Customer Support,13,5,1,25,4,39.31
Document Verification,14,2,0,36,2,102.32
Account Services,11,3,0,23,4,51.79
Customer Support,12,2,0,27,2,92.09
Account Services,11,0,0,19,3,56.6
Account Services,9,6,1,58,3,159.09
Bill Payment,10,1,0,37,2,66.4
Customer Support,14,0,0,61,4,94.78
Account Services,16,1,0,5,1,40.71
General Enquiry,9,3,0,19,1,67.39
Bill Payment,16,2,0,14,3,13.29
Customer Support,12,5,1,23,4,42.7
General Enquiry,17,6,1,14,1,52.9
Bill Payment,14,6,1,40,1,149.1
Document Verification,9,6,1,43,3,91.29
Document Verification,12,4,0,5,4,4.56
Account Services,11,0,0,47,2,171.54
Document Verification,9,3,0,34,4,49.91
Bill Payment,12,5,1,41,4,33.88
Account Services,16,2,0,29,4,55.01
Bill Payment,11,5,1,27,4,20.83
Document Verification,16,1,0,40,3,88.13
General Enquiry,12,3,0,7,4,9.66
Document Verification,17,6,1,27,2,92.45
Account Services,16,5,1,16,2,64.15
Bill Payment,12,2,0,11,3,11.78
Customer Support,17,2,0,30,3,63.52
Bill Payment,9,1,0,8,2,16.0
Document Verification,11,1,0,28,1,167.75
Customer Support,15,2,0,21,4,36.24
Customer Support,11,2,0,10,2,40.51
Account Services,14,6,1,26,1,202.59
Document Verification,11,2,0,26,4,43.52
Document Verification,9,6,1,54,4,86.86
General Enquiry,9,1,0,37,3,56.15
Document Verification,17,1,0,8,3,21.33
General Enquiry,12,3,0,13,1,55.96
Customer Support,10,3,0,35,2,103.9
General Enquiry,12,3,0,24,4,26.9
Account Services,15,0,0,9,4,22.03
Document Verification,15,0,0,52,1,328.62
Document Verification,15,3,0,10,1,64.25
Account Services,17,1,0,18,4,30.75
Customer Support,15,0,0,20,2,68.18
Account Services,14,5,1,46,2,176.98
General Enquiry,13,3,0,14,1,59.14
General Enquiry,13,5,1,12,4,10.86
Customer Support,9,0,0,35,1,251.7
Bill Payment,16,1,0,44,1,155.92
Bill Payment,9,0,0,32,1,117.44
Customer Support,16,2,0,3,4,11.09
Bill Payment,12,0,0,15,1,53.67
Bill Payment,15,2,0,19,2,31.31
Customer Support,10,1,0,10,2,28.66
Document Verification,12,5,1,8,3,17.54
General Enquiry,11,6,1,5,3,7.93
Document Verification,17,3,0,53,4,70.73
Document Verification,9,6,1,45,1,281.14
Document Verification,13,2,0,51,1,294.85
Document Verification,10,6,1,43,4,57.29
Bill Payment,15,6,1,12,3,13.71
Document Verification,17,6,1,21,1,135.54
Bill Payment,13,0,0,6,1,18.26
Customer Support,10,0,0,65,2,259.33
Bill Payment,15,0,0,31,3,30.58
Customer Support,17,6,1,24,2,83.41
Bill Payment,12,3,0,6,1,21.77
Account Services,17,1,0,53,3,148.29
Account Services,9,3,0,41,1,308.35
Document Verification,15,0,0,3,1,20.73
Customer Support,11,3,0,30,1,222.96
Bill Payment,14,5,1,52,2,85.49
Bill Payment,16,4,0,46,4,45.23
Bill Payment,11,2,0,3,4,3.33
Account Services,13,2,0,10,4,20.84
Account Services,15,6,1,19,4,45.73
Customer Support,15,4,0,24,4,45.51
Account Services,16,5,1,44,4,83.41
Customer Support,15,0,0,29,2,103.5
Account Services,13,1,0,6,3,15.38
Account Services,11,1,0,37,1,317.72
General Enquiry,17,1,0,31,3,45.09
Customer Support,9,4,0,28,4,49.5
Bill Payment,16,4,0,35,4,33.79
Customer Support,16,4,0,45,4,74.67
Customer Support,10,5,1,47,4,80.64
Customer Support,13,2,0,33,4,55.55
Account Services,9,5,1,7,3,15.8
Customer Support,9,4,0,57,2,183.03
Document Verification,9,2,0,31,1,214.86
General Enquiry,16,1,0,41,1,186.63
Customer Support,9,2,0,19,4,35.34
General Enquiry,9,1,0,11,1,38.38
Account Services,10,1,0,29,4,47.44
Bill Payment,14,4,0,49,2,83.77
Bill Payment,16,2,0,6,3,7.65
Account Services,11,6,1,9,4,17.11
Document Verification,13,6,1,41,4,57.81
Document Verification,17,4,0,13,1,70.32
Account Services,17,5,1,41,2,146.46
Customer Support,11,4,0,19,4,38.12
General Enquiry,10,3,0,55,3,66.84
Document Verification,12,1,0,19,2,50.99
Customer Support,14,5,1,49,1,316.14
Bill Payment,16,4,0,52,4,43.1
Bill Payment,16,6,1,5,2,7.28
Customer Support,10,3,0,47,4,78.35
Account Services,17,6,1,46,1,315.99
Bill Payment,17,1,0,9,2,14.46
Document Verification,15,6,1,38,2,111.15
Account Services,14,4,0,43,3,138.67
Bill Payment,17,4,0,27,1,102.93
Bill Payment,10,3,0,70,3,93.54
Account Services,10,0,0,44,3,107.54
Account Services,11,0,0,33,4,61.57
Customer Support,9,1,0,57,1,440.26
General Enquiry,17,2,0,36,2,77.84
Account Services,11,5,1,35,4,80.53
Account Services,9,5,1,51,2,195.82
General Enquiry,13,6,1,28,4,31.69
Document Verification,16,3,0,12,2,33.55
General Enquiry,10,1,0,48,4,45.31
Document Verification,12,2,0,35,1,227.99
Account Services,16,0,0,48,4,82.42
Document Verification,15,3,0,30,3,65.13
General Enquiry,17,5,1,56,2,125.68
General Enquiry,14,2,0,25,2,45.01
Customer Support,12,3,0,42,4,80.02
Customer Support,14,2,0,22,1,145.19
General Enquiry,16,5,1,16,4,18.06
General Enquiry,9,1,0,56,1,205.46
General Enquiry,13,2,0,12,4,11.99
Customer Support,11,6,1,7,4,11.73
Document Verification,15,5,1,17,4,28.58
Customer Support,16,2,0,18,4,35.5
Bill Payment,11,1,0,15,2,27.45
Document Verification,13,6,1,5,3,15.47
Document Verification,16,3,0,32,1,200.97
Account Services,17,6,1,32,1,227.03
Account Services,14,2,0,40,1,370.55
Bill Payment,16,3,0,50,3,60.13
General Enquiry,14,4,0,32,3,40.28
Document Verification,16,5,1,17,2,47.08
Document Verification,12,2,0,6,1,42.02
Customer Support,10,2,0,5,1,31.95
Bill Payment,12,0,0,25,3,31.79
Account Services,13,3,0,37,4,64.29
Customer Support,17,6,1,29,2,88.08
Customer Support,17,4,0,18,3,39.54
Account Services,11,2,0,37,2,148.31
Bill Payment,14,0,0,41,3,42.33
Customer Support,17,5,1,25,3,54.08
General Enquiry,17,4,0,11,2,21.81
General Enquiry,16,1,0,30,4,26.6
Bill Payment,16,3,0,3,4,3.74
Document Verification,17,5,1,30,3,56.02
Customer Support,9,6,1,24,3,53.77
General Enquiry,17,6,1,66,4,61.87
Account Services,15,1,0,2,1,17.88
Account Services,17,6,1,20,3,53.38
Bill Payment,13,6,1,20,4,18.01
General Enquiry,14,6,1,14,3,21.73
Bill Payment,14,1,0,23,3,29.43
Account Services,17,6,1,38,4,85.14
Bill Payment,14,5,1,49,1,169.31
General Enquiry,13,4,0,7,3,8.47
Customer Support,17,0,0,29,1,171.8
Bill Payment,13,6,1,25,3,30.39
Document Verification,16,5,1,54,2,169.93
Bill Payment,15,3,0,13,2,27.96
Bill Payment,10,6,1,62,1,196.45
General Enquiry,15,6,1,41,4,42.19
Customer Support,14,2,0,35,2,102.46
Account Services,9,3,0,51,4,123.76
Account Services,16,0,0,46,1,338.73
Document Verification,16,3,0,50,4,78.65
Account Services,12,4,0,23,4,41.13
Account Services,14,0,0,23,3,53.68
Bill Payment,15,0,0,40,3,43.6
Document Verification,15,2,0,12,1,80.9
Customer Support,17,4,0,46,3,122.2
Bill Payment,9,5,1,68,1,224.24
General Enquiry,14,4,0,56,4,63.97
Account Services,13,4,0,36,1,272.16
Document Verification,16,6,1,53,4,72.21
Bill Payment,10,5,1,45,2,79.04
Account Services,17,4,0,6,4,6.21
Account Services,12,2,0,24,3,61.55
Account Services,12,6,1,29,4,56.04
Customer Support,9,2,0,6,1,48.72
Bill Payment,10,6,1,19,1,58.11
General Enquiry,11,6,1,9,4,6.26
General Enquiry,14,1,0,58,2,106.82
Document Verification,13,6,1,5,2,13.5
Customer Support,13,3,0,37,2,122.55
Document Verification,9,6,1,45,4,72.02
Customer Support,14,3,0,29,1,222.36
Document Verification,11,2,0,35,1,217.73
General Enquiry,9,5,1,56,3,71.05
Document Verification,16,4,0,20,1,99.33
Customer Support,14,3,0,52,2,182.49
Customer Support,13,4,0,54,1,429.59
Account Services,13,2,0,49,3,124.59
Document Verification,16,5,1,53,3,107.44
Customer Support,13,1,0,5,4,5.8
Document Verification,17,1,0,43,1,253.49
General Enquiry,12,3,0,11,4,10.72
General Enquiry,15,2,0,17,3,20.39
Account Services,17,0,0,26,2,120.99
Document Verification,9,1,0,49,3,106.73
Document Verification,16,2,0,33,3,64.71
Bill Payment,13,5,1,52,1,198.7
Customer Support,12,1,0,33,3,72.45
Bill Payment,12,6,1,37,3,41.59
General Enquiry,11,6,1,32,4,38.15
General Enquiry,16,6,1,22,2,46.43
Customer Support,11,1,0,38,2,141.29
Account Services,13,0,0,43,2,185.55
Document Verification,17,6,1,40,4,53.21
Account Services,14,1,0,23,4,44.18
Customer Support,16,3,0,44,1,308.36
Document Verification,10,5,1,18,1,110.18
Bill Payment,9,3,0,21,2,31.07
Account Services,17,6,1,35,2,144.54
Document Verification,9,5,1,41,1,213.68
General Enquiry,16,2,0,8,4,4.2
Bill Payment,15,3,0,25,3,31.48
Bill Payment,14,0,0,20,2,36.06
Document Verification,17,5,1,44,4,60.43
General Enquiry,17,1,0,39,2,75.23
Account Services,10,6,1,5,1,37.74
General Enquiry,13,4,0,30,2,61.42
Document Verification,14,1,0,18,1,115.04
Bill Payment,9,1,0,31,2,59.04
Bill Payment,15,6,1,3,3,2.53
Account Services,11,3,0,21,3,61.21
Document Verification,10,2,0,57,4,82.01
Document Verification,16,1,0,17,1,89.28
Document Verification,13,0,0,20,4,26.2
Bill Payment,11,3,0,12,4,9.18
Document Verification,13,4,0,22,1,147.36
Customer Support,15,1,0,29,3,76.5
Account Services,9,4,0,44,4,95.47
General Enquiry,14,1,0,8,1,29.92
Account Services,15,4,0,27,4,55.24
Bill Payment,11,3,0,15,2,31.29
Bill Payment,14,6,1,2,3,2.2
Account Services,17,4,0,33,3,70.97
Customer Support,15,1,0,2,1,14.91
Bill Payment,11,2,0,17,4,12.68
Account Services,10,1,0,8,4,14.72
Document Verification,9,6,1,16,2,43.9
Account Services,13,6,1,32,3,97.83
General Enquiry,9,1,0,22,3,32.57
Account Services,17,5,1,44,2,180.41
Account Services,16,1,0,8,2,38.96
Customer Support,10,6,1,28,2,93.27
Customer Support,13,3,0,21,2,71.3
Bill Payment,11,5,1,16,4,15.3
Account Services,9,6,1,60,2,242.58
Bill Payment,17,5,1,11,1,38.33
Bill Payment,11,2,0,20,3,20.12
Bill Payment,14,2,0,15,3,14.91
Document Verification,9,1,0,60,2,160.41
Account Services,16,1,0,21,2,95.63
Document Verification,16,0,0,52,1,314.6
Document Verification,14,1,0,27,4,37.47
General Enquiry,12,5,1,34,4,32.99
Customer Support,15,0,0,51,1,398.22
Customer Support,13,3,0,19,2,58.54
Customer Support,16,2,0,29,3,75.0
Account Services,12,2,0,17,1,143.96
General Enquiry,9,4,0,49,1,169.43
General Enquiry,10,6,1,50,4,55.21
Customer Support,12,0,0,43,2,154.0
Document Verification,16,3,0,33,1,179.65
Customer Support,13,6,1,43,4,68.34
Account Services,12,5,1,34,2,121.0
Customer Support,11,5,1,6,4,9.12
Customer Support,9,6,1,8,2,30.16
Customer Support,13,1,0,4,3,11.29
Customer Support,12,6,1,39,2,135.49
General Enquiry,17,6,1,50,3,74.6
Bill Payment,17,6,1,42,3,51.87
Customer Support,9,1,0,9,4,13.23
General Enquiry,9,3,0,50,1,175.51
Bill Payment,11,2,0,18,2,33.65
Document Verification,15,1,0,18,4,26.56
Document Verification,10,2,0,33,1,216.61
Document Verification,15,1,0,5,4,12.8
General Enquiry,12,3,0,7,4,8.52
Customer Support,16,0,0,41,1,262.25
Customer Support,14,2,0,10,1,77.45
Document Verification,11,5,1,28,2,87.79
Account Services,10,3,0,32,4,69.66
General Enquiry,10,6,1,27,1,110.59
General Enquiry,11,3,0,31,2,52.29
Account Services,12,5,1,40,3,104.96
General Enquiry,16,4,0,29,2,63.05
General Enquiry,11,0,0,50,4,55.8
Customer Support,16,5,1,49,3,116.86
General Enquiry,17,5,1,22,1,84.18
Bill Payment,12,1,0,2,2,1.06
Document Verification,9,5,1,6,1,40.47
General Enquiry,12,4,0,21,3,25.54
Customer Support,10,0,0,11,3,28.99
Account Services,10,6,1,22,4,51.07
General Enquiry,14,6,1,59,3,74.53
General Enquiry,15,4,0,12,2,27.45
Account Services,14,1,0,45,1,362.14
Bill Payment,9,2,0,7,2,12.37
Document Verification,12,6,1,20,1,127.84
Account Services,12,3,0,16,3,47.83
Bill Payment,12,4,0,24,2,43.25
Customer Support,13,2,0,28,1,190.93
General Enquiry,11,5,1,27,1,115.26
Bill Payment,10,0,0,81,1,277.32
Customer Support,16,5,1,8,3,20.33
Bill Payment,14,1,0,8,2,14.48
Bill Payment,13,4,0,31,4,22.85
Account Services,13,4,0,24,4,49.14
Customer Support,13,6,1,13,1,81.74
General Enquiry,13,2,0,29,3,41.83
Customer Support,14,4,0,30,1,194.52
Bill Payment,13,1,0,14,2,23.36
General Enquiry,16,6,1,7,4,9.11
Bill Payment,16,1,0,8,2,13.82
General Enquiry,15,4,0,6,4,4.88
Bill Payment,16,1,0,15,2,28.38
Customer Support,12,2,0,22,1,139.4
Account Services,11,0,0,11,3,30.32
Customer Support,16,2,0,38,3,83.06
Bill Payment,12,0,0,40,2,66.16
Document Verification,17,2,0,37,1,235.48
Customer Support,12,6,1,42,3,112.81
Customer Support,14,5,1,5,1,32.89
General Enquiry,15,6,1,23,1,91.86
Customer Support,16,2,0,49,3,125.24
Account Services,9,0,0,79,3,213.74
Document Verification,16,1,0,16,2,52.58
Bill Payment,12,4,0,32,2,63.49
Account Services,12,4,0,14,2,52.34
Account Services,13,1,0,29,3,79.5
Document Verification,15,1,0,10,4,15.24
General Enquiry,17,4,0,40,3,50.45
Account Services,10,3,0,12,4,19.87
Document Verification,15,0,0,9,4,13.9
Bill Payment,13,6,1,49,3,61.75
General Enquiry,14,3,0,15,3,17.29
General Enquiry,17,0,0,13,1,45.97
Account Services,10,4,0,38,1,264.92
General Enquiry,17,4,0,22,3,31.38
Account Services,16,1,0,44,3,124.7
Document Verification,15,1,0,4,4,1.06
Customer Support,17,5,1,24,3,64.67
Bill Payment,17,4,0,48,1,187.3
Document Verification,12,6,1,8,1,46.24
Document Verification,11,2,0,38,2,118.99
Account Services,10,3,0,12,4,29.03
Bill Payment,15,6,1,38,2,58.91
Account Services,16,6,1,52,3,151.3
General Enquiry,13,3,0,50,1,228.03
Customer Support,17,6,1,12,4,23.64
Bill Payment,10,2,0,27,2,40.14
General Enquiry,14,0,0,62,3,71.37
Account Services,13,2,0,50,3,124.0
Customer Support,16,4,0,3,4,3.16
Customer Support,13,0,0,38,3,82.78
General Enquiry,10,0,0,12,4,12.49
Customer Support,14,3,0,30,3,79.75
Document Verification,17,3,0,40,3,73.89
Document Verification,17,5,1,29,1,181.42
Document Verification,10,2,0,54,3,99.58
Account Services,14,0,0,19,1,134.43
Customer Support,12,0,0,9,1,66.18
Account Services,10,5,1,16,1,127.44
Account Services,17,3,0,9,4,14.86
General Enquiry,13,0,0,9,1,29.61
Document Verification,17,3,0,24,2,69.97
Bill Payment,13,0,0,5,2,10.28
Document Verification,15,6,1,36,4,52.05
Account Services,14,3,0,27,1,204.02
Customer Support,16,2,0,4,2,14.82
Document Verification,14,5,1,21,1,128.55
Account Services,16,5,1,30,2,119.03
Document Verification,14,1,0,51,4,71.82
Bill Payment,11,3,0,5,1,17.62
Bill Payment,15,1,0,14,4,13.35
Customer Support,17,3,0,48,1,369.31
Document Verification,12,4,0,7,2,25.42
Account Services,16,5,1,13,4,23.85
Customer Support,15,2,0,19,3,43.71
Document Verification,17,4,0,9,4,12.83
Bill Payment,13,5,1,13,2,22.77
General Enquiry,17,4,0,40,4,39.03
Account Services,17,0,0,48,4,106.07
General Enquiry,14,6,1,37,1,161.86
Customer Support,16,3,0,4,2,11.8
Bill Payment,11,3,0,35,2,63.71
Document Verification,16,0,0,27,4,32.99
Bill Payment,11,3,0,37,3,41.47
General Enquiry,10,6,1,60,1,258.54
General Enquiry,11,5,1,45,3,69.56
Document Verification,11,1,0,15,4,27.09
Document Verification,16,2,0,20,2,54.63
Customer Support,11,5,1,8,1,46.45
Bill Payment,15,0,0,27,2,53.36
Document Verification,12,2,0,34,4,42.67
Bill Payment,9,3,0,11,4,14.44
General Enquiry,14,6,1,53,3,68.19
General Enquiry,13,6,1,46,1,155.19
Document Verification,9,1,0,44,1,232.32
Bill Payment,16,4,0,11,4,8.66
General Enquiry,16,3,0,4,2,7.92
Document Verification,16,0,0,12,1,79.28
General Enquiry,12,0,0,13,1,45.11
Bill Payment,9,1,0,12,2,19.23
Bill Payment,17,5,1,50,4,43.31
Customer Support,11,0,0,20,3,43.98
General Enquiry,14,4,0,42,1,147.75
Customer Support,11,5,1,26,4,52.17
Customer Support,16,5,1,42,3,85.22
General Enquiry,9,1,0,55,3,76.48
General Enquiry,17,6,1,29,3,35.59
Account Services,11,4,0,7,2,25.71
Document Verification,16,0,0,57,1,343.97
Document Verification,14,5,1,48,2,126.6
Account Services,16,2,0,13,1,103.12
General Enquiry,13,5,1,18,4,18.85
Customer Support,9,3,0,49,1,297.25
General Enquiry,17,6,1,43,4,45.83
Document Verification,16,0,0,50,2,143.01
Document Verification,14,0,0,51,4,78.36
General Enquiry,17,1,0,40,4,40.97
Document Verification,11,3,0,20,3,37.27
Bill Payment,11,4,0,5,1,15.71
Customer Support,16,0,0,52,1,407.37
Bill Payment,15,4,0,13,1,50.81
Document Verification,11,5,1,26,3,53.76
General Enquiry,16,1,0,40,1,157.16
Bill Payment,9,4,0,11,3,12.67
Account Services,11,5,1,19,2,72.01
Document Verification,14,4,0,25,2,81.89
Bill Payment,9,2,0,8,3,9.98
Document Verification,16,1,0,34,3,73.7
Customer Support,16,1,0,22,3,54.52
Customer Support,14,0,0,58,2,186.21
Bill Payment,13,2,0,49,2,75.41
Document Verification,15,5,1,3,4,3.96
General Enquiry,12,0,0,36,1,151.78
Customer Support,16,1,0,25,3,68.63
Account Services,15,3,0,11,2,38.32
Customer Support,12,0,0,35,1,238.61
Customer Support,11,6,1,7,2,19.71
Bill Payment,12,2,0,6,1,20.35
Customer Support,11,2,0,28,1,197.76
Bill Payment,16,6,1,53,1,165.82
Bill Payment,13,4,0,22,1,81.48
Customer Support,13,5,1,28,3,78.32
Account Services,12,5,1,30,3,73.74
Document Verification,14,4,0,42,3,90.81
Account Services,14,0,0,34,4,73.36
Document Verification,12,5,1,4,3,3.81
Account Services,15,2,0,30,2,118.0
Bill Payment,17,0,0,36,2,67.29
Bill Payment,13,3,0,10,2,16.11
Account Services,10,5,1,54,4,90.34
Document Verification,10,2,0,51,4,83.94
Bill Payment,12,0,0,31,3,30.36
General Enquiry,16,3,0,15,3,20.75
General Enquiry,9,6,1,56,4,59.04
Document Verification,15,1,0,21,1,117.58
General Enquiry,17,4,0,23,4,23.87
Customer Support,9,1,0,54,2,185.32
Customer Support,12,4,0,26,1,183.39
Account Services,16,2,0,6,1,50.87
Document Verification,16,5,1,50,1,288.25
General Enquiry,13,1,0,4,1,15.0
Document Verification,10,5,1,46,1,298.66
Bill Payment,14,5,1,19,2,29.22
Document Verification,17,5,1,36,3,67.94
Customer Support,16,0,0,34,4,53.53
General Enquiry,14,2,0,8,3,9.66
Customer Support,9,3,0,28,2,101.89
Customer Support,16,1,0,27,2,85.06
Bill Payment,13,1,0,52,2,89.29
Document Verification,17,5,1,53,3,97.08
Customer Support,10,5,1,46,4,89.58
Document Verification,15,1,0,18,1,117.7
Account Services,13,3,0,5,4,2.39
Bill Payment,16,6,1,22,2,35.31
Account Services,15,5,1,14,2,55.38
Document Verification,15,5,1,20,3,40.62
Account Services,16,3,0,11,2,49.69
Customer Support,15,1,0,21,3,44.09
Account Services,17,2,0,11,2,47.0
General Enquiry,17,3,0,5,3,7.19
General Enquiry,17,1,0,34,1,140.24
General Enquiry,13,4,0,22,2,41.42
General Enquiry,13,6,1,17,4,14.15
General Enquiry,15,6,1,10,1,45.79
Customer Support,14,0,0,3,2,9.51
Customer Support,13,1,0,55,4,95.42
Document Verification,14,0,0,54,2,152.62
Customer Support,13,2,0,22,1,155.3
Document Verification,12,1,0,35,3,65.77
Account Services,14,6,1,35,4,62.93
Customer Support,9,6,1,32,2,122.55
General Enquiry,14,0,0,16,1,73.13
Account Services,9,6,1,29,2,123.93
Document Verification,14,5,1,10,3,20.74
General Enquiry,9,3,0,17,4,15.15
Document Verification,15,5,1,12,2,36.69
Bill Payment,16,1,0,46,2,83.08
Document Verification,14,5,1,14,4,19.55
General Enquiry,13,1,0,28,2,53.06
Bill Payment,15,4,0,14,3,18.35
Customer Support,15,0,0,43,1,338.67
Bill Payment,10,0,0,21,1,77.29
Account Services,15,0,0,36,3,104.57
Document Verification,14,4,0,25,2,69.75
Bill Payment,12,6,1,36,1,141.71
General Enquiry,17,4,0,17,4,16.93
Account Services,14,4,0,57,3,168.18
Account Services,16,0,0,11,2,49.71
Account Services,12,0,0,21,2,68.72
Document Verification,13,5,1,46,1,279.86
Account Services,9,2,0,30,3,72.42
Account Services,9,1,0,11,1,84.35
Account Services,16,0,0,39,2,148.08
Document Verification,12,0,0,7,3,14.57
Account Services,9,5,1,9,4,21.12
Bill Payment,10,0,0,43,4,35.81
Account Services,15,2,0,3,2,11.7
Account Services,13,4,0,20,2,83.09
Bill Payment,9,5,1,14,1,50.99
Account Services,12,2,0,22,2,91.92
General Enquiry,16,3,0,33,4,33.73
General Enquiry,10,4,0,38,2,73.09
Account Services,10,5,1,38,2,128.0
Document Verification,13,2,0,36,1,243.01
General Enquiry,14,3,0,7,1,32.4
Document Verification,15,2,0,34,4,44.42
General Enquiry,10,5,1,37,2,80.91
Document Verification,9,4,0,3,4,7.39
General Enquiry,15,6,1,9,4,5.15
General Enquiry,17,4,0,35,4,32.33
General Enquiry,9,5,1,15,4,15.76
Document Verification,14,0,0,51,3,111.69
Customer Support,14,5,1,14,2,49.0
Bill Payment,11,1,0,6,4,5.82
General Enquiry,9,4,0,7,4,4.99
Account Services,13,4,0,45,1,326.22
Account Services,12,3,0,13,4,36.14
Document Verification,16,3,0,25,2,64.92
Document Verification,16,2,0,46,2,124.96
Account Services,14,0,0,5,2,21.87
Bill Payment,17,3,0,10,2,22.47
Account Services,17,2,0,28,2,110.52
Bill Payment,9,6,1,63,1,239.57
General Enquiry,11,3,0,3,3,2.8
Customer Support,16,6,1,35,4,52.07
Bill Payment,14,3,0,11,4,8.63
Account Services,9,5,1,22,1,182.14
Customer Support,11,3,0,38,1,232.57
General Enquiry,17,1,0,33,2,58.75
Document Verification,11,6,1,12,2,41.91
Document Verification,15,2,0,13,3,24.38
Bill Payment,10,5,1,46,1,160.86
Document Verification,16,1,0,38,1,223.23
Account Services,11,5,1,35,4,79.19
Customer Support,9,3,0,17,2,57.13
Document Verification,12,1,0,10,3,17.46
Document Verification,9,5,1,40,3,80.74
General Enquiry,14,1,0,18,4,19.16
General Enquiry,14,0,0,57,1,212.52
Bill Payment,10,4,0,61,4,50.56
General Enquiry,11,5,1,4,2,5.66
Document Verification,16,6,1,40,1,241.93
Customer Support,16,0,0,54,3,139.56
General Enquiry,12,0,0,15,3,23.16
Bill Payment,11,1,0,14,4,9.77
Bill Payment,10,2,0,14,4,11.61
Customer Support,17,5,1,38,1,255.41
Document Verification,15,2,0,30,1,187.6
General Enquiry,17,6,1,47,2,106.05
General Enquiry,16,0,0,52,4,60.07
Account Services,9,6,1,45,3,129.15
Account Services,16,4,0,39,2,149.8
Customer Support,10,5,1,40,1,321.32
Customer Support,9,5,1,60,4,96.32
Bill Payment,16,0,0,19,3,20.63
Account Services,14,3,0,10,4,19.62
Document Verification,11,4,0,23,1,132.78
Bill Payment,9,2,0,17,4,18.92
Account Services,12,3,0,4,4,7.63
General Enquiry,13,1,0,33,3,47.97
General Enquiry,10,6,1,39,3,51.98
Bill Payment,10,0,0,22,2,40.35
Account Services,12,5,1,7,2,29.99
Account Services,10,5,1,41,4,79.5
Document Verification,16,0,0,58,1,304.34
General Enquiry,15,2,0,25,3,38.02
Bill Payment,9,5,1,13,1,40.03
Bill Payment,16,2,0,32,1,107.98
Account Services,11,5,1,43,4,98.96
Account Services,17,4,0,5,2,24.7
Bill Payment,13,3,0,31,2,49.26
Bill Payment,11,6,1,36,3,34.97
Account Services,17,5,1,22,1,191.44
Customer Support,12,4,0,2,1,15.06
Document Verification,12,0,0,17,3,42.9
Account Services,9,4,0,23,4,48.75
General Enquiry,14,2,0,33,4,34.07
Customer Support,15,1,0,16,1,117.04
General Enquiry,9,4,0,34,1,123.69
Document Verification,10,1,0,8,1,42.77
Account Services,17,1,0,9,3,19.3
Customer Support,13,5,1,18,3,35.08
Bill Payment,10,5,1,30,2,57.49
Customer Support,15,0,0,28,1,182.55
Customer Support,13,6,1,52,3,135.58
Customer Support,11,6,1,33,3,89.32
Bill Payment,15,3,0,9,3,10.91
General Enquiry,10,5,1,15,1,66.35
General Enquiry,9,0,0,28,4,29.53
Document Verification,10,0,0,12,3,22.21
Document Verification,10,3,0,5,4,8.32
General Enquiry,12,5,1,22,3,28.45
Document Verification,17,1,0,18,4,34.93
General Enquiry,16,1,0,6,3,5.38
Document Verification,12,3,0,21,1,132.32
Account Services,11,1,0,20,3,50.96
Document Verification,13,1,0,29,3,64.44
Document Verification,16,0,0,48,1,324.41
General Enquiry,11,4,0,35,4,32.58
Document Verification,15,2,0,8,3,14.09
Document Verification,12,0,0,37,3,62.56
Account Services,11,6,1,19,2,81.23
Bill Payment,9,2,0,7,1,29.36
Document Verification,16,0,0,6,4,4.01
Account Services,9,0,0,4,2,15.08
Account Services,13,0,0,16,1,114.86
General Enquiry,12,3,0,3,3,3.71
Document Verification,10,6,1,60,3,138.2
Bill Payment,14,2,0,32,3,36.29
Bill Payment,11,4,0,37,3,50.4
Customer Support,16,3,0,16,4,28.71
General Enquiry,15,1,0,9,1,34.63
Account Services,16,1,0,16,1,125.34
Account Services,15,4,0,9,4,17.04
Account Services,15,6,1,3,3,14.73
Customer Support,9,1,0,17,2,58.06
General Enquiry,11,5,1,37,1,156.15
Document Verification,12,5,1,41,2,134.31
Document Verification,12,5,1,28,1,172.11
Document Verification,11,4,0,21,1,128.36
Customer Support,15,4,0,7,3,22.05
Account Services,9,4,0,40,3,120.43
General Enquiry,11,3,0,16,4,19.07
Customer Support,10,6,1,42,3,100.05
Account Services,12,5,1,21,2,72.48
Account Services,16,4,0,39,1,334.36
Bill Payment,12,3,0,13,3,14.65
Customer Support,17,5,1,33,2,107.58
Bill Payment,13,4,0,31,4,24.73
Customer Support,9,6,1,52,2,178.88
Customer Support,15,5,1,4,4,4.12
Account Services,16,2,0,25,2,95.64
General Enquiry,9,3,0,64,2,141.71
Account Services,13,6,1,41,3,99.68
General Enquiry,16,2,0,29,3,35.39
Document Verification,16,0,0,26,2,71.4
Bill Payment,10,6,1,7,2,10.74
Document Verification,14,3,0,38,1,208.84
Account Services,17,1,0,29,3,75.26
General Enquiry,9,2,0,30,4,28.66
Document Verification,14,5,1,13,3,28.7
General Enquiry,9,2,0,23,3,34.29
Document Verification,12,2,0,7,1,37.59
Bill Payment,12,2,0,21,3,24.42
Document Verification,16,2,0,18,3,40.17
Bill Payment,14,1,0,22,3,23.67
Bill Payment,12,6,1,18,1,59.28
Bill Payment,16,0,0,42,3,48.37
Document Verification,17,2,0,17,1,100.99
Document Verification,11,6,1,14,1,69.51
Account Services,12,5,1,29,2,95.36
Account Services,12,0,0,46,4,94.25
Document Verification,9,2,0,34,2,117.24
Document Verification,10,4,0,58,2,181.28
General Enquiry,17,4,0,8,2,16.55
Customer Support,13,0,0,48,3,111.77
General Enquiry,10,2,0,37,2,84.42
Bill Payment,17,4,0,5,2,7.13
General Enquiry,16,6,1,42,4,41.68
Account Services,16,1,0,44,4,85.41
Document Verification,17,4,0,15,2,44.34
Document Verification,16,2,0,20,3,39.29
General Enquiry,17,4,0,43,4,44.43
Customer Support,15,0,0,31,2,115.43
Document Verification,12,1,0,2,3,6.79
Account Services,9,1,0,4,1,31.53
Bill Payment,10,3,0,40,2,68.84
Bill Payment,14,4,0,12,3,12.04
General Enquiry,16,3,0,28,3,37.38
Account Services,11,3,0,20,4,47.22
Document Verification,10,3,0,10,4,11.98
Bill Payment,14,4,0,49,2,92.36
Bill Payment,11,1,0,28,3,35.28
Customer Support,14,4,0,19,4,32.28
Account Services,12,1,0,8,4,16.33
Customer Support,11,4,0,13,1,102.95
General Enquiry,11,6,1,23,4,27.18
Customer Support,11,6,1,35,2,128.32
Account Services,12,0,0,16,2,67.95
General Enquiry,12,0,0,32,3,42.75
Account Services,10,1,0,58,1,446.56
Bill Payment,12,2,0,30,3,38.64
General Enquiry,9,1,0,16,2,29.52
Document Verification,10,0,0,8,4,10.27
Bill Payment,17,2,0,16,1,60.15
Document Verification,15,0,0,2,3,8.7
Document Verification,12,6,1,5,1,31.91
Document Verification,11,5,1,25,2,75.28
General Enquiry,9,5,1,27,2,49.27
Account Services,10,5,1,55,1,414.28
Customer Support,17,5,1,44,4,74.51
Account Services,11,2,0,26,3,62.18
Bill Payment,12,6,1,12,3,14.98
Bill Payment,10,1,0,9,1,31.44
General Enquiry,16,0,0,15,1,65.63
General Enquiry,11,4,0,7,1,32.47
Customer Support,9,1,0,44,4,68.1
Bill Payment,16,5,1,51,2,100.57
Account Services,11,4,0,13,2,46.11
Bill Payment,14,2,0,47,2,76.07
Account Services,10,2,0,35,3,86.55
General Enquiry,11,5,1,23,1,103.76
Customer Support,15,3,0,15,1,106.79
Bill Payment,9,2,0,11,1,44.78
Account Services,14,5,1,21,4,43.3
Document Verification,9,0,0,75,4,121.8
General Enquiry,11,3,0,18,2,40.73
Bill Payment,16,6,1,49,1,171.49
General Enquiry,9,3,0,35,1,128.68
Document Verification,11,3,0,13,3,20.48
Account Services,9,4,0,3,2,10.78
Document Verification,15,3,0,28,4,43.65
Document Verification,12,6,1,3,1,19.73
Bill Payment,14,4,0,33,2,61.76
General Enquiry,11,3,0,8,4,10.1
Bill Payment,14,1,0,35,3,43.31
Account Services,15,6,1,22,3,58.63
General Enquiry,16,2,0,33,1,135.57
Account Services,13,3,0,23,4,47.91
Bill Payment,13,5,1,11,4,11.23
Account Services,15,5,1,44,4,84.03
General Enquiry,11,3,0,7,4,6.13
Account Services,14,0,0,35,4,61.77
Customer Support,11,6,1,28,3,61.08
General Enquiry,15,1,0,11,3,13.55
Bill Payment,11,2,0,38,1,141.22
Customer Support,17,0,0,43,2,162.22
Document Verification,9,6,1,19,3,39.24
Bill Payment,10,6,1,14,2,27.29
Account Services,14,4,0,57,1,481.47
Bill Payment,16,0,0,57,1,224.69
Customer Support,9,3,0,14,4,27.12
Account Services,10,6,1,34,2,145.01
Bill Payment,17,0,0,43,1,133.59
Customer Support,14,0,0,4,4,2.69
Customer Support,10,6,1,53,3,113.17
Bill Payment,12,4,0,9,1,33.58
Document Verification,10,2,0,7,2,19.81
Bill Payment,15,2,0,22,1,67.5
Bill Payment,11,4,0,28,1,101.28
Account Services,11,4,0,29,1,195.88
General Enquiry,10,4,0,6,3,6.0
Bill Payment,16,1,0,22,4,20.13
Document Verification,16,4,0,19,3,46.92
Customer Support,17,4,0,35,4,65.52
Document Verification,10,3,0,57,2,154.81
Document Verification,12,4,0,26,1,134.69
General Enquiry,15,1,0,9,1,37.23
Bill Payment,15,5,1,43,2,86.08
Bill Payment,17,0,0,13,4,13.51
General Enquiry,16,5,1,47,3,54.39
General Enquiry,13,6,1,32,1,142.58
General Enquiry,13,5,1,49,3,68.7
Account Services,14,1,0,43,3,109.94
Account Services,17,6,1,19,2,69.99
Document Verification,16,6,1,8,3,12.3
Account Services,13,5,1,51,2,179.19
General Enquiry,12,4,0,21,1,94.17
Account Services,12,4,0,7,4,11.53
Account Services,15,2,0,32,3,83.01
Account Services,17,1,0,48,3,118.62
General Enquiry,16,2,0,28,4,28.19
General Enquiry,12,2,0,15,4,13.58
Bill Payment,14,6,1,31,1,114.86
Customer Support,11,0,0,21,2,80.61
Document Verification,10,3,0,61,2,160.29
Bill Payment,17,6,1,57,1,176.5
Bill Payment,17,6,1,16,2,28.56
General Enquiry,14,4,0,38,1,164.52
Document Verification,14,0,0,37,1,196.28
Bill Payment,12,4,0,26,2,40.25
Account Services,15,3,0,36,3,82.16
Account Services,9,3,0,7,2,34.8
Document Verification,16,4,0,40,3,80.99
General Enquiry,11,6,1,21,1,79.79
Account Services,16,6,1,11,2,46.73
Account Services,9,4,0,35,2,140.22
General Enquiry,10,4,0,16,2,29.3
Customer Support,9,0,0,37,1,219.3
General Enquiry,15,6,1,35,4,31.32
General Enquiry,12,5,1,17,2,38.61
Account Services,11,5,1,36,3,100.45
General Enquiry,13,0,0,64,4,61.76
Account Services,16,1,0,46,3,113.04
Account Services,11,2,0,3,3,1.7
Customer Support,12,2,0,6,2,27.02
Document Verification,15,5,1,7,4,10.17
Bill Payment,10,6,1,59,4,56.88
General Enquiry,12,5,1,12,3,17.2
Bill Payment,15,6,1,4,1,12.2
Customer Support,17,0,0,41,4,68.69
Customer Support,11,0,0,4,4,7.69
Customer Support,13,1,0,57,1,443.01
Bill Payment,15,1,0,20,3,21.36
Document Verification,15,3,0,16,1,88.61
Customer Support,10,4,0,26,4,51.44
Customer Support,9,6,1,37,3,69.69
Bill Payment,13,5,1,10,2,16.65
General Enquiry,10,0,0,40,4,34.43
General Enquiry,11,5,1,32,1,114.25
Account Services,16,1,0,34,1,309.64
Customer Support,9,3,0,11,4,21.89
General Enquiry,13,3,0,11,1,37.14
Bill Payment,16,6,1,51,1,166.37
Bill Payment,14,6,1,23,1,82.92
General Enquiry,12,1,0,25,1,108.85
Account Services,17,2,0,38,4,83.36
General Enquiry,10,6,1,26,1,101.71
General Enquiry,9,5,1,18,4,15.91
Customer Support,17,6,1,20,1,120.48
Account Services,13,3,0,52,2,198.4
General Enquiry,15,2,0,19,1,72.93
Bill Payment,10,0,0,13,4,11.67
Bill Payment,9,2,0,43,3,47.54
Customer Support,13,4,0,33,2,114.51
General Enquiry,16,0,0,16,1,65.75
Customer Support,9,4,0,59,2,205.21
General Enquiry,14,6,1,19,1,82.11
Account Services,12,1,0,6,3,18.72
Account Services,11,3,0,19,3,52.99
Document Verification,9,1,0,18,2,61.18
Customer Support,15,2,0,8,4,13.83
Document Verification,11,5,1,26,1,172.92
Customer Support,11,3,0,26,3,66.54
Account Services,11,2,0,23,1,200.32
General Enquiry,11,4,0,3,3,5.51
Bill Payment,12,1,0,19,3,19.26
Account Services,12,0,0,3,1,24.52
General Enquiry,16,2,0,26,4,23.23
Customer Support,17,0,0,47,2,169.04
Customer Support,15,5,1,23,4,38.23
Document Verification,11,1,0,4,1,21.37
Account Services,17,5,1,46,1,394.83
General Enquiry,13,4,0,19,3,19.7
Document Verification,10,3,0,34,2,111.13
Document Verification,9,2,0,21,4,25.69
Document Verification,17,6,1,53,2,146.55
Bill Payment,14,1,0,29,4,25.49
Customer Support,17,0,0,54,3,108.28
Document Verification,17,2,0,3,3,3.18
Customer Support,12,1,0,20,3,50.67
Account Services,16,2,0,27,2,117.96
General Enquiry,15,3,0,6,3,5.1
Account Services,9,0,0,13,3,34.04
Document Verification,17,4,0,20,2,62.75
Account Services,16,4,0,9,4,17.5
General Enquiry,15,1,0,20,2,47.69
Account Services,10,5,1,19,1,145.11
Account Services,10,6,1,24,4,50.17
Document Verification,11,2,0,2,4,3.59
General Enquiry,11,2,0,5,4,10.04
Document Verification,9,1,0,36,1,197.64
Document Verification,17,6,1,19,1,115.8
Account Services,12,5,1,6,3,19.91
Document Verification,11,5,1,34,1,222.59
Bill Payment,10,4,0,17,4,12.94
Document Verification,12,0,0,38,1,228.49
Customer Support,11,4,0,18,4,25.57
Bill Payment,12,3,0,41,3,47.9
Customer Support,15,2,0,25,2,80.78
Customer Support,12,5,1,9,3,24.37
Customer Support,16,6,1,11,4,15.5
Document Verification,13,2,0,48,3,96.58
Document Verification,16,0,0,53,3,114.16
Document Verification,12,2,0,24,2,67.96
Bill Payment,10,3,0,23,2,35.4
Document Verification,13,1,0,10,2,21.57
Bill Payment,9,4,0,54,4,40.1
General Enquiry,17,1,0,35,2,63.97
Document Verification,10,3,0,60,2,186.89
Document Verification,13,4,0,24,1,134.37
Bill Payment,9,6,1,64,2,117.76
Document Verification,17,0,0,4,1,26.96
Bill Payment,16,6,1,46,3,48.41
Account Services,9,3,0,42,4,80.19
Document Verification,12,3,0,22,4,40.88
Bill Payment,12,5,1,2,2,2.85
Account Services,11,0,0,21,1,151.89
Account Services,16,1,0,35,4,67.15
Bill Payment,17,1,0,29,2,53.64
Document Verification,15,1,0,35,1,220.48
Bill Payment,10,6,1,52,2,102.84
General Enquiry,9,4,0,49,4,48.22
Bill Payment,11,0,0,3,1,9.07
General Enquiry,9,1,0,61,1,265.29
Account Services,17,3,0,35,3,94.48
General Enquiry,16,3,0,34,2,74.07
Document Verification,17,2,0,49,3,88.14
General Enquiry,12,4,0,32,3,46.77
Document Verification,14,1,0,34,4,51.57
Customer Support,10,1,0,28,1,199.96
General Enquiry,15,6,1,26,1,109.46
Bill Payment,15,1,0,28,4,22.67
General Enquiry,14,5,1,14,2,24.76
Customer Support,16,4,0,5,4,15.02
Document Verification,11,0,0,27,3,55.27
General Enquiry,17,2,0,45,2,102.98
Document Verification,17,2,0,14,2,39.41
Document Verification,13,1,0,48,1,313.14
Document Verification,10,5,1,29,1,197.67
Document Verification,11,0,0,6,2,19.64
Bill Payment,10,6,1,46,2,85.91
Customer Support,12,1,0,3,4,2.85
General Enquiry,9,0,0,71,2,130.16
Bill Payment,17,1,0,5,3,4.93
Bill Payment,14,6,1,58,4,50.55
Customer Support,10,6,1,39,2,140.73
Customer Support,12,0,0,38,3,97.47
General Enquiry,14,2,0,56,2,127.37
Account Services,12,2,0,32,4,63.96
Customer Support,13,5,1,42,3,107.13
Bill Payment,13,4,0,14,2,23.78
Bill Payment,9,6,1,18,2,33.98
Account Services,15,0,0,12,4,27.72
Document Verification,9,0,0,31,1,194.63
Document Verification,16,6,1,31,2,82.7
Account Services,13,2,0,33,1,238.82
Customer Support,14,0,0,48,4,96.15
General Enquiry,9,1,0,49,2,107.92
Bill Payment,17,4,0,13,2,22.2
General Enquiry,11,5,1,18,1,62.51
General Enquiry,10,5,1,13,1,41.24
General Enquiry,11,1,0,27,3,36.97
Bill Payment,9,6,1,60,1,227.45
Document Verification,17,4,0,44,4,57.1
Bill Payment,13,0,0,32,4,31.05
Document Verification,15,6,1,12,2,41.3
Document Verification,11,1,0,22,1,133.2
Bill Payment,9,3,0,42,1,134.81
General Enquiry,11,3,0,21,1,81.49
Document Verification,13,1,0,48,2,153.88
Customer Support,11,5,1,23,1,173.23
Customer Support,10,1,0,14,3,33.05
Document Verification,12,2,0,28,3,49.47
Document Verification,12,4,0,12,1,72.79
General Enquiry,9,3,0,15,2,27.08
General Enquiry,10,1,0,13,4,13.62
Bill Payment,17,5,1,12,4,11.8
Document Verification,13,4,0,42,4,57.32
Bill Payment,16,2,0,26,3,26.61
Customer Support,14,3,0,50,4,71.71
Customer Support,15,6,1,16,4,29.58
Account Services,17,1,0,27,2,110.23
General Enquiry,17,1,0,48,4,43.12
General Enquiry,9,2,0,15,3,15.88
General Enquiry,12,1,0,18,4,19.28
Document Verification,12,3,0,34,4,50.24
Bill Payment,9,6,1,44,3,51.86
General Enquiry,13,4,0,23,3,29.77
Account Services,15,4,0,9,4,16.27
Customer Support,9,3,0,45,2,171.43
General Enquiry,14,6,1,36,4,36.44
General Enquiry,16,2,0,44,3,65.06
General Enquiry,11,3,0,29,2,56.91
Customer Support,11,2,0,17,1,119.16
Bill Payment,17,4,0,49,4,39.32
Account Services,12,0,0,10,4,15.69
Document Verification,15,4,0,5,3,9.31
Account Services,10,5,1,4,4,6.17
Account Services,17,3,0,37,1,272.81
Bill Payment,11,2,0,22,3,28.8
Customer Support,15,3,0,4,3,9.2
Customer Support,15,1,0,27,4,46.77
Bill Payment,11,0,0,23,4,18.52
Customer Support,10,5,1,30,1,227.06
Customer Support,16,0,0,31,4,48.85
Customer Support,14,2,0,50,2,194.98
Customer Support,9,6,1,6,4,9.03
Account Services,16,5,1,22,1,158.51
Customer Support,15,6,1,4,4,5.08
Document Verification,16,3,0,53,2,134.39
Document Verification,9,4,0,43,4,56.46
Document Verification,15,1,0,32,3,50.77
Bill Payment,17,4,0,48,4,39.24
Customer Support,17,0,0,64,3,140.41
Account Services,16,6,1,34,3,78.92
Document Verification,14,2,0,12,4,19.9
Customer Support,9,1,0,29,3,72.46
Bill Payment,10,4,0,39,1,143.77
General Enquiry,17,4,0,14,3,18.96
Account Services,13,6,1,24,3,68.96
Bill Payment,16,5,1,22,2,40.49
Customer Support,17,2,0,14,4,26.38
Document Verification,13,0,0,5,1,30.23
Account Services,10,6,1,33,3,94.52
General Enquiry,13,6,1,38,4,31.7
Bill Payment,11,2,0,10,4,6.58
Document Verification,14,2,0,28,4,45.34
Bill Payment,16,0,0,33,1,125.01
Account Services,17,0,0,59,2,262.74
General Enquiry,11,5,1,17,4,14.3
Document Verification,15,2,0,21,2,57.17
General Enquiry,10,0,0,46,4,48.44
Document Verification,11,0,0,13,1,81.64
Customer Support,12,6,1,21,3,52.89
Customer Support,10,0,0,12,1,82.32
Account Services,13,6,1,25,4,52.19
Bill Payment,12,1,0,12,3,17.87
Document Verification,11,2,0,7,2,23.85
Document Verification,16,3,0,16,4,26.9
Account Services,15,5,1,11,1,101.09
Account Services,10,1,0,61,3,155.24
Bill Payment,17,1,0,11,2,16.5
Bill Payment,14,6,1,62,4,58.31
Account Services,14,4,0,14,4,29.67
Document Verification,17,1,0,38,2,111.68
Bill Payment,16,5,1,36,3,43.16
Account Services,10,1,0,11,1,91.51
Account Services,10,5,1,34,4,75.71
Document Verification,11,0,0,27,4,38.18
Bill Payment,12,0,0,27,2,39.82
General Enquiry,12,6,1,23,1,85.27
Bill Payment,9,4,0,42,3,47.22
General Enquiry,9,6,1,24,2,44.18
Account Services,11,1,0,21,4,34.35
Customer Support,16,6,1,20,3,47.71
Bill Payment,9,3,0,41,3,54.44
Bill Payment,13,4,0,29,2,49.92
Bill Payment,10,5,1,22,2,44.61
Document Verification,14,3,0,47,1,261.71
General Enquiry,11,4,0,8,2,16.26
Customer Support,11,1,0,5,4,11.81
Account Services,13,3,0,54,1,469.7
Bill Payment,14,6,1,37,4,26.31
Customer Support,16,5,1,15,2,50.65
Bill Payment,10,2,0,16,3,22.81
General Enquiry,15,5,1,30,1,129.27
General Enquiry,13,5,1,57,4,61.95
Account Services,10,0,0,4,3,7.37
Account Services,17,4,0,26,4,49.5
Document Verification,10,3,0,15,3,26.59
General Enquiry,13,3,0,8,1,36.52
Document Verification,17,0,0,19,1,113.43
Account Services,14,0,0,6,3,16.63
Bill Payment,13,5,1,49,1,193.58
Document Verification,13,0,0,29,4,50.58
Bill Payment,15,0,0,33,3,40.12
Customer Support,15,0,0,27,3,61.9
Bill Payment,10,0,0,25,3,28.56
Document Verification,17,5,1,41,2,140.96
Document Verification,11,3,0,30,4,44.69
Customer Support,10,6,1,29,4,49.18
Document Verification,16,6,1,41,3,85.14
Document Verification,10,3,0,63,2,198.79
Bill Payment,9,1,0,39,2,78.92
Customer Support,10,2,0,16,1,113.94
Bill Payment,17,0,0,17,2,27.6
Bill Payment,14,3,0,43,2,73.52
Bill Payment,11,4,0,8,2,13.56
Document Verification,10,1,0,50,1,324.01
Customer Support,9,6,1,35,4,61.45
Account Services,12,0,0,47,2,207.11
Bill Payment,10,1,0,21,3,26.62
General Enquiry,17,2,0,38,3,58.22
Account Services,9,0,0,11,4,20.59
Customer Support,11,1,0,13,4,20.96
Bill Payment,11,5,1,41,4,33.37
Bill Payment,9,2,0,2,2,4.97
Account Services,14,6,1,28,3,70.77
Bill Payment,9,4,0,25,2,50.26
Bill Payment,11,3,0,30,1,101.76
Account Services,9,1,0,8,4,24.62
Document Verification,13,0,0,41,4,64.67
Document Verification,12,2,0,20,4,33.61
Customer Support,17,0,0,43,2,148.82
Document Verification,10,5,1,8,1,39.56
Document Verification,16,5,1,44,2,142.27
Bill Payment,16,5,1,21,2,38.74
Customer Support,12,6,1,3,2,10.34
Bill Payment,9,3,0,53,3,62.21
General Enquiry,14,2,0,32,3,50.59
Customer Support,14,5,1,66,4,131.17
Document Verification,16,2,0,32,4,42.33
Account Services,15,2,0,18,4,38.36
Account Services,14,0,0,60,2,238.54
Document Verification,15,1,0,10,3,22.51
Document Verification,12,5,1,8,4,5.74
Customer Support,10,4,0,18,4,37.38
Account Services,14,0,0,38,2,171.14
Bill Payment,12,5,1,18,4,16.81
General Enquiry,17,3,0,32,1,113.44
Bill Payment,12,2,0,30,1,114.7
Account Services,13,6,1,4,4,4.91
Account Services,16,4,0,38,3,100.34
Customer Support,10,5,1,64,4,112.61
Account Services,9,6,1,59,3,162.91
Account Services,13,6,1,53,3,140.79
Bill Payment,13,6,1,17,4,15.73
General Enquiry,15,1,0,2,2,0.82
Account Services,16,2,0,48,4,100.52
General Enquiry,14,5,1,30,4,31.59
General Enquiry,17,4,0,32,3,44.11
General Enquiry,13,2,0,49,2,108.17
Account Services,10,3,0,45,4,101.52
Customer Support,16,5,1,14,1,104.46
Bill Payment,11,6,1,14,4,12.8
Bill Payment,9,0,0,49,4,48.21
Customer Support,16,1,0,20,3,44.91
Document Verification,15,0,0,25,2,85.17
Account Services,13,5,1,34,1,303.81
Bill Payment,15,2,0,8,4,8.02
Document Verification,11,6,1,17,1,100.46
Bill Payment,10,5,1,24,1,81.24
Account Services,15,3,0,37,3,92.31
Customer Support,9,5,1,46,1,286.04
Document Verification,17,6,1,48,3,94.39
General Enquiry,13,0,0,66,3,91.1
Account Services,15,1,0,2,4,2.87
Bill Payment,15,4,0,8,3,8.78
Account Services,10,5,1,41,2,179.8
General Enquiry,14,4,0,56,2,103.88
Document Verification,10,5,1,8,1,43.88
Bill Payment,11,4,0,11,4,10.78
Account Services,17,5,1,40,3,92.86
Customer Support,12,5,1,8,4,14.5
Bill Payment,11,1,0,32,2,60.16
Account Services,13,4,0,61,4,121.8
Customer Support,11,5,1,16,2,47.24
General Enquiry,15,0,0,25,1,111.36
Customer Support,14,0,0,11,4,18.84
Account Services,16,0,0,46,4,84.33
Document Verification,12,5,1,16,3,32.23
Customer Support,11,0,0,36,3,72.59
Bill Payment,13,4,0,6,2,10.57
General Enquiry,12,6,1,24,3,36.24
Account Services,15,2,0,22,1,184.29
Bill Payment,11,1,0,25,4,25.45
General Enquiry,9,3,0,22,2,43.65
General Enquiry,17,3,0,36,2,76.96
Customer Support,15,1,0,32,3,71.66
General Enquiry,13,3,0,27,4,24.95
Bill Payment,12,0,0,6,4,4.67
Document Verification,14,2,0,40,2,137.76
Account Services,15,4,0,35,1,289.69
Account Services,10,3,0,39,3,115.68
Account Services,13,6,1,18,2,63.29
Document Verification,13,1,0,8,1,44.5
Customer Support,12,6,1,29,3,64.53
Account Services,9,1,0,51,2,198.92
Bill Payment,11,4,0,2,4,1.99
General Enquiry,17,3,0,34,2,59.35
General Enquiry,13,3,0,36,2,74.37
Document Verification,9,0,0,19,1,101.49
Customer Support,11,2,0,21,2,76.52
Customer Support,14,6,1,65,2,233.34
Document Verification,14,0,0,4,3,5.04
Bill Payment,12,2,0,14,4,12.32
General Enquiry,16,6,1,24,4,25.88
Bill Payment,11,4,0,4,2,9.76
Account Services,9,3,0,15,1,125.07
Document Verification,17,6,1,36,4,56.91
Customer Support,15,3,0,24,3,55.45
Account Services,13,0,0,53,3,134.45
Customer Support,12,3,0,8,1,60.46
Customer Support,11,4,0,27,4,49.57
Bill Payment,12,2,0,22,1,80.65
Bill Payment,15,2,0,33,1,115.53
Customer Support,9,4,0,39,1,239.75
Customer Support,17,4,0,52,4,83.03
Document Verification,17,4,0,11,2,40.06
Bill Payment,13,3,0,45,3,54.93
Account Services,14,5,1,70,1,601.48
Bill Payment,16,0,0,39,1,142.93
General Enquiry,14,5,1,14,3,15.52
Account Services,15,5,1,24,4,49.28
Account Services,17,5,1,5,2,21.77
Document Verification,15,1,0,34,3,67.88
Bill Payment,12,4,0,16,3,17.42
Customer Support,9,4,0,53,2,190.78
General Enquiry,11,5,1,31,3,45.73
General Enquiry,9,0,0,30,2,54.16
Bill Payment,9,4,0,38,4,32.59
Customer Support,14,1,0,46,4,84.98
Customer Support,9,1,0,24,4,40.05
Customer Support,10,5,1,34,1,256.98
Customer Support,14,1,0,37,1,248.42
Customer Support,17,2,0,39,4,78.44
General Enquiry,17,2,0,53,4,50.96
Bill Payment,13,3,0,31,3,41.43
Bill Payment,13,3,0,23,1,74.81
Account Services,12,5,1,19,2,82.73
General Enquiry,17,4,0,42,2,91.01
Customer Support,12,0,0,2,1,13.26
Bill Payment,16,2,0,46,4,38.38
General Enquiry,15,5,1,6,4,7.62
Customer Support,15,6,1,11,4,17.17
Bill Payment,15,6,1,14,2,19.41
Bill Payment,11,4,0,3,3,3.16
Bill Payment,15,5,1,13,3,15.83
Document Verification,14,4,0,23,3,39.43
General Enquiry,16,3,0,23,4,18.56
Account Services,16,6,1,51,2,214.93
Document Verification,15,2,0,26,2,81.16
Bill Payment,11,0,0,18,3,20.73
Bill Payment,15,6,1,14,1,45.31
Document Verification,15,3,0,37,3,65.1
Account Services,9,1,0,6,3,14.14
General Enquiry,17,2,0,34,2,74.11
General Enquiry,12,4,0,12,4,9.83
Customer Support,15,5,1,21,1,132.53
Account Services,9,0,0,10,3,26.4
Bill Payment,15,0,0,11,1,37.08
Document Verification,9,1,0,29,1,181.61
Account Services,15,3,0,26,4,56.64
Customer Support,11,5,1,26,2,85.23
Document Verification,11,4,0,20,4,25.74
General Enquiry,14,3,0,18,4,16.38
Customer Support,10,0,0,40,2,137.3
Customer Support,13,5,1,25,3,57.09
Account Services,15,0,0,23,3,58.43
Bill Payment,11,0,0,9,1,27.76
Bill Payment,9,3,0,38,2,68.38
Document Verification,13,2,0,19,1,107.54
General Enquiry,13,0,0,46,1,181.49
Account Services,9,3,0,51,3,156.96
Document Verification,11,3,0,14,3,34.64
Document Verification,15,5,1,10,2,35.9
Bill Payment,11,5,1,6,1,20.35
Customer Support,13,3,0,15,1,94.03
Customer Support,11,3,0,22,3,44.93
Bill Payment,11,4,0,18,3,16.84
Account Services,12,6,1,17,2,68.42
Document Verification,15,6,1,31,1,191.44
Account Services,14,1,0,32,2,109.95
Customer Support,10,6,1,4,1,29.99
Document Verification,17,6,1,53,1,296.47
Customer Support,16,3,0,54,3,131.57
Customer Support,10,4,0,38,3,88.89
Bill Payment,13,2,0,26,4,23.83
Customer Support,13,5,1,50,1,390.28
Document Verification,17,0,0,37,4,60.86
Customer Support,14,1,0,25,1,171.84
Customer Support,16,6,1,9,4,19.24
Customer Support,17,0,0,38,4,68.56
Account Services,14,5,1,5,4,15.17
Customer Support,17,3,0,31,1,230.9
Document Verification,11,2,0,34,4,47.73
Customer Support,17,0,0,16,2,51.93
Account Services,9,1,0,7,4,11.44
Customer Support,14,5,1,7,4,15.91
Account Services,10,1,0,5,3,11.45
Customer Support,11,6,1,20,1,154.9
Customer Support,13,2,0,11,2,33.28
General Enquiry,12,5,1,17,4,11.54
General Enquiry,16,3,0,30,3,43.18
Bill Payment,12,1,0,14,3,14.04
Account Services,14,2,0,50,3,146.0
Customer Support,13,6,1,40,1,294.64
Document Verification,12,3,0,35,1,230.58
Bill Payment,14,0,0,11,3,13.7
Bill Payment,17,0,0,6,3,3.76
Bill Payment,10,1,0,12,1,45.59
Bill Payment,10,1,0,20,2,35.96
Customer Support,9,2,0,52,1,381.75
Document Verification,10,3,0,18,4,26.73
Document Verification,14,2,0,35,2,100.53
Account Services,13,4,0,44,1,401.45
Document Verification,15,4,0,7,4,10.06
Bill Payment,17,0,0,11,3,13.52
General Enquiry,17,4,0,24,4,23.09
Document Verification,17,6,1,52,3,117.01
Account Services,15,0,0,6,1,44.34
Document Verification,10,0,0,8,3,16.48
Bill Payment,14,4,0,48,3,49.51
Bill Payment,12,0,0,11,3,13.91
General Enquiry,11,4,0,10,2,18.46
Customer Support,11,2,0,22,2,82.07
Customer Support,14,3,0,15,1,95.98
Document Verification,11,6,1,34,3,63.1
Account Services,14,4,0,40,3,97.34
Customer Support,17,0,0,28,3,61.71
Document Verification,15,4,0,31,3,55.77
General Enquiry,12,6,1,37,4,38.62
General Enquiry,14,5,1,4,2,5.23
Customer Support,10,6,1,17,1,106.51
Customer Support,16,3,0,5,1,35.88
Customer Support,12,3,0,13,3,30.94
General Enquiry,10,4,0,20,4,17.29
Bill Payment,14,5,1,57,4,45.26
Bill Payment,13,6,1,51,4,50.52
General Enquiry,16,3,0,29,3,39.68
Account Services,12,4,0,22,4,44.38
Bill Payment,12,2,0,28,1,94.98
General Enquiry,17,4,0,47,2,105.79
Account Services,14,4,0,46,1,397.03
Document Verification,10,5,1,74,2,201.82
Bill Payment,9,2,0,33,1,125.88
Account Services,16,3,0,28,2,125.83
Bill Payment,10,6,1,67,4,57.25
Customer Support,16,5,1,21,4,31.31
Bill Payment,11,5,1,24,3,33.53
Document Verification,17,6,1,57,2,181.35
Bill Payment,17,5,1,31,3,36.98
Account Services,9,2,0,34,1,261.04
General Enquiry,16,0,0,62,1,231.5
Document Verification,17,6,1,28,4,44.41
Bill Payment,12,4,0,24,2,37.79
Bill Payment,11,4,0,29,2,49.81
Document Verification,9,2,0,16,1,112.63
Customer Support,14,3,0,18,4,34.59
Document Verification,15,6,1,22,3,41.78
Customer Support,13,0,0,12,1,89.05
Account Services,17,5,1,46,1,391.79
Account Services,9,4,0,43,3,104.36
General Enquiry,12,6,1,25,3,34.29
Bill Payment,10,3,0,11,4,11.51
General Enquiry,11,5,1,20,3,29.02
Document Verification,15,4,0,20,2,54.69
Customer Support,13,3,0,5,2,14.68
Document Verification,12,0,0,47,2,156.19
Document Verification,17,0,0,20,1,134.2
General Enquiry,17,1,0,42,3,51.33
Customer Support,17,3,0,8,3,18.64
Customer Support,13,3,0,51,4,95.81
Bill Payment,17,2,0,42,4,32.36
Account Services,15,3,0,16,2,55.15
Account Services,15,1,0,21,1,161.62
Customer Support,12,5,1,20,4,38.18
Account Services,12,5,1,27,2,119.3
Bill Payment,12,1,0,16,2,24.63
Account Services,15,4,0,4,3,9.55
Bill Payment,13,6,1,48,2,86.9
Account Services,14,3,0,11,1,83.48
Account Services,14,2,0,7,4,14.47
Bill Payment,12,4,0,18,2,35.6
Customer Support,13,4,0,6,4,4.76
Bill Payment,11,0,0,45,4,36.34
Document Verification,10,1,0,32,1,171.97
General Enquiry,10,5,1,26,1,100.94
Account Services,11,2,0,15,2,56.3
General Enquiry,9,1,0,32,4,28.08
Document Verification,12,3,0,31,2,101.96
Bill Payment,9,4,0,14,1,56.03
Customer Support,11,4,0,3,2,13.69
Account Services,12,3,0,20,1,139.41
Document Verification,15,4,0,26,3,58.41
Customer Support,10,6,1,68,2,268.17
Document Verification,14,6,1,52,3,112.01
Customer Support,9,0,0,56,4,90.44
Account Services,11,2,0,34,2,133.24
Account Services,17,3,0,23,4,47.11
Document Verification,10,5,1,28,3,60.77
Customer Support,14,0,0,39,1,271.01
Bill Payment,9,3,0,36,1,112.73
Document Verification,13,2,0,10,4,13.45
Bill Payment,10,2,0,23,1,86.18
General Enquiry,10,6,1,38,4,39.59
Customer Support,17,5,1,53,1,319.73
Document Verification,9,6,1,12,3,22.14
Bill Payment,15,2,0,20,1,63.61
Bill Payment,17,5,1,49,4,49.14
Document Verification,17,2,0,9,3,16.72
General Enquiry,14,2,0,59,1,244.05
Account Services,16,0,0,39,3,101.85
Document Verification,13,4,0,38,2,107.34
Bill Payment,12,2,0,13,2,27.36
Account Services,13,2,0,14,3,31.93
General Enquiry,12,1,0,17,2,30.99
General Enquiry,9,2,0,9,3,10.7
Bill Payment,11,2,0,21,3,25.31
Account Services,9,0,0,36,4,76.94
Bill Payment,14,3,0,22,1,84.43
Bill Payment,11,4,0,27,2,44.42
Document Verification,14,0,0,47,1,288.17
Document Verification,11,1,0,16,3,25.42
Bill Payment,12,0,0,36,4,27.53
General Enquiry,9,1,0,66,2,115.22
Account Services,13,5,1,7,2,27.1
Customer Support,15,5,1,2,2,4.06
Customer Support,10,5,1,14,4,26.3
General Enquiry,12,3,0,8,1,33.49
Document Verification,16,5,1,22,3,39.21
Bill Payment,11,3,0,23,4,19.64
Account Services,14,1,0,23,1,210.78
Bill Payment,17,6,1,5,4,3.65
Bill Payment,14,4,0,25,2,47.09
General Enquiry,14,5,1,39,2,72.02
Account Services,17,4,0,15,1,135.8
General Enquiry,11,1,0,12,4,13.52
Document Verification,17,1,0,7,3,13.99
Account Services,12,6,1,10,3,22.54
Bill Payment,11,3,0,8,4,5.45
Account Services,16,6,1,15,1,141.63
Account Services,10,2,0,30,3,72.79
Account Services,11,2,0,25,4,52.79
Customer Support,15,1,0,34,2,133.59
Customer Support,13,3,0,12,1,82.34
Document Verification,15,6,1,42,3,70.09
Document Verification,14,1,0,47,3,95.16
General Enquiry,17,2,0,6,2,12.9
Customer Support,14,3,0,41,3,105.05
General Enquiry,11,1,0,24,3,28.89
Document Verification,13,3,0,19,3,37.06
Document Verification,9,5,1,21,4,33.09
General Enquiry,17,4,0,10,3,13.98
General Enquiry,15,6,1,28,3,37.95
Customer Support,15,3,0,26,4,37.76
Bill Payment,10,4,0,23,2,37.64
Bill Payment,13,0,0,24,4,18.03
Account Services,14,2,0,22,4,41.63
Document Verification,16,2,0,49,3,87.06
Account Services,15,5,1,25,3,68.04
Document Verification,15,3,0,14,1,90.01
Bill Payment,14,3,0,32,3,39.32
Account Services,15,4,0,18,1,144.15
General Enquiry,15,5,1,31,3,40.52
Customer Support,15,6,1,20,2,64.65
Bill Payment,16,3,0,47,4,40.15
Customer Support,9,1,0,7,3,11.29
General Enquiry,14,0,0,20,2,39.18
Document Verification,13,5,1,60,1,325.58
General Enquiry,11,0,0,47,3,65.08
Account Services,17,4,0,29,1,236.05
Document Verification,16,2,0,35,4,50.08
Document Verification,13,0,0,20,3,39.26
Document Verification,10,3,0,22,2,62.26
Document Verification,13,4,0,31,1,174.73
Document Verification,12,3,0,4,4,7.22
Account Services,17,6,1,28,1,195.79
General Enquiry,16,1,0,38,3,47.1
Account Services,11,1,0,25,2,110.18
General Enquiry,13,2,0,39,2,71.47
Bill Payment,15,1,0,18,4,17.12
Customer Support,15,4,0,16,3,31.07
Account Services,17,3,0,11,1,88.94
Document Verification,13,4,0,51,3,93.51
General Enquiry,17,5,1,23,2,45.85
Bill Payment,9,6,1,16,3,18.77
Customer Support,11,3,0,19,3,48.68
Document Verification,12,2,0,4,1,25.45
Customer Support,13,0,0,44,3,119.05
Account Services,10,6,1,55,1,415.05
Customer Support,15,2,0,35,2,133.17
General Enquiry,14,5,1,29,1,128.73
Customer Support,9,2,0,4,4,8.07
General Enquiry,12,2,0,22,3,28.36
Customer Support,17,1,0,21,2,74.19
Customer Support,15,1,0,32,1,231.89
Document Verification,15,6,1,24,3,44.99
General Enquiry,13,1,0,36,2,66.11
Document Verification,11,5,1,30,3,61.82
Account Services,9,1,0,20,3,63.54
Customer Support,10,2,0,14,1,88.73
General Enquiry,12,4,0,8,1,35.13
Document Verification,11,2,0,19,3,39.69
Account Services,15,3,0,11,4,19.13
General Enquiry,15,0,0,49,1,183.99
General Enquiry,13,3,0,14,2,29.36
Document Verification,10,2,0,4,1,24.38
Bill Payment,17,3,0,44,4,35.72
Customer Support,15,2,0,20,3,49.52
Customer Support,10,6,1,61,2,238.51
Document Verification,17,5,1,20,1,115.51
Bill Payment,9,4,0,8,1,31.15
General Enquiry,9,0,0,29,3,31.75
Account Services,17,5,1,48,3,109.63
Bill Payment,10,0,0,49,4,40.97
Document Verification,10,4,0,10,3,24.67
General Enquiry,16,4,0,31,2,56.83
Bill Payment,12,3,0,34,1,120.16
Bill Payment,9,3,0,39,2,66.7
General Enquiry,9,2,0,19,2,39.01
Document Verification,16,0,0,5,1,24.8
Bill Payment,15,3,0,19,1,60.52
Account Services,12,4,0,18,3,47.58
Account Services,16,0,0,41,1,331.45
Bill Payment,15,0,0,5,4,3.62
Bill Payment,14,6,1,56,2,99.72
Bill Payment,13,5,1,28,2,52.94
Customer Support,12,5,1,21,1,133.95
Account Services,9,3,0,5,3,13.56
Bill Payment,13,6,1,13,4,11.09
Bill Payment,13,6,1,15,4,14.7
Customer Support,9,4,0,40,4,63.0
Customer Support,10,2,0,10,1,69.56
Account Services,11,5,1,45,3,112.37
Bill Payment,17,2,0,36,4,38.59
Account Services,13,2,0,54,1,383.33
Account Services,16,2,0,8,2,35.16
Customer Support,17,5,1,14,3,32.44
Account Services,12,2,0,19,4,44.21
General Enquiry,9,0,0,25,4,24.86
Customer Support,15,5,1,20,3,53.54
Document Verification,17,6,1,27,3,44.0
Document Verification,16,2,0,28,2,84.9
Document Verification,14,1,0,40,2,123.66
Customer Support,11,6,1,25,4,40.62
Account Services,14,3,0,32,2,117.95
Account Services,15,1,0,1,2,2.25
General Enquiry,16,0,0,32,3,47.03
General Enquiry,10,5,1,5,3,6.49
Account Services,11,5,1,6,1,44.24
Account Services,16,1,0,18,3,46.22
Account Services,12,6,1,29,2,104.79
Account Services,9,4,0,44,4,91.11
Account Services,9,1,0,37,3,86.08
General Enquiry,9,3,0,13,2,23.01
General Enquiry,16,1,0,24,4,20.82
Account Services,10,2,0,36,1,290.38
Bill Payment,11,4,0,31,2,59.15
Account Services,11,2,0,14,3,38.99
Account Services,14,0,0,45,1,301.61
Bill Payment,11,4,0,27,1,94.99
Account Services,14,1,0,8,3,24.72
General Enquiry,13,0,0,46,2,103.72
Account Services,14,3,0,49,4,81.58
Account Services,17,1,0,57,4,113.23
Account Services,16,2,0,46,1,353.08
General Enquiry,14,4,0,17,4,20.42
Bill Payment,14,4,0,22,3,24.78
Account Services,12,5,1,16,2,64.21
General Enquiry,14,6,1,15,2,27.3
Bill Payment,17,5,1,26,3,35.42
Account Services,12,0,0,34,3,77.77
Document Verification,9,6,1,34,4,45.1
Customer Support,9,5,1,16,1,104.42
Bill Payment,12,2,0,25,2,39.67
Account Services,17,5,1,7,4,11.76
Bill Payment,9,6,1,52,4,45.41
General Enquiry,9,1,0,46,4,42.55
General Enquiry,13,5,1,13,4,12.31
Account Services,15,6,1,14,1,108.12
Account Services,15,2,0,22,1,186.18
Customer Support,10,4,0,14,2,51.65
General Enquiry,16,4,0,51,1,181.04
Document Verification,16,5,1,51,4,69.35
Account Services,12,5,1,37,2,127.0
Account Services,13,6,1,46,3,113.47
Account Services,12,1,0,15,4,36.64
Customer Support,15,6,1,28,2,85.66
Bill Payment,12,5,1,36,3,41.79
Document Verification,13,0,0,56,2,188.46
General Enquiry,12,3,0,21,4,20.94
Document Verification,11,6,1,43,4,54.9
Account Services,13,1,0,19,1,148.82
Account Services,16,2,0,33,3,88.62
Account Services,14,0,0,3,1,23.58
Bill Payment,11,4,0,29,1,114.76
Bill Payment,13,6,1,52,2,102.6
Account Services,14,3,0,11,2,43.94
General Enquiry,15,3,0,21,3,28.1
Customer Support,9,1,0,12,4,25.5
Bill Payment,9,2,0,44,4,42.88
Document Verification,12,6,1,34,2,103.91
Account Services,15,0,0,8,1,72.69
General Enquiry,12,6,1,29,2,50.52
Bill Payment,16,6,1,24,1,72.8
General Enquiry,12,1,0,32,2,70.67
General Enquiry,10,0,0,8,4,11.54
Bill Payment,16,3,0,40,3,51.8
General Enquiry,16,0,0,67,4,73.52
Bill Payment,11,3,0,9,2,16.49
Document Verification,10,1,0,40,2,125.99
General Enquiry,16,1,0,25,3,26.6
Document Verification,17,3,0,4,1,24.54
Document Verification,17,6,1,3,4,2.72
Account Services,9,1,0,3,4,1.86
Customer Support,16,2,0,13,1,84.03
Customer Support,15,1,0,10,2,37.07
Document Verification,10,1,0,32,1,213.52
General Enquiry,11,1,0,20,1,83.43
Document Verification,13,5,1,26,4,34.01
Bill Payment,11,5,1,12,4,11.86
General Enquiry,13,2,0,11,2,22.7
Customer Support,14,5,1,16,4,27.27
Account Services,15,3,0,29,4,65.11
General Enquiry,15,6,1,6,1,20.45
Customer Support,14,3,0,37,2,122.5
General Enquiry,13,0,0,30,3,43.62
General Enquiry,15,5,1,35,2,62.83
Document Verification,13,1,0,56,1,350.15
Bill Payment,16,4,0,52,4,41.32
General Enquiry,10,2,0,61,1,268.41
Document Verification,16,2,0,33,3,72.02
Account Services,14,0,0,45,1,393.22
Bill Payment,11,6,1,15,4,13.56
Bill Payment,17,3,0,49,1,161.4
Account Services,10,4,0,24,2,110.21
Customer Support,13,3,0,25,3,53.73
Bill Payment,14,5,1,17,1,66.12
General Enquiry,13,2,0,47,4,39.6
Document Verification,13,2,0,53,2,145.83
Account Services,16,1,0,10,4,18.61
Document Verification,14,1,0,16,3,25.03
Account Services,10,5,1,36,4,63.71
Account Services,10,5,1,64,4,140.42
General Enquiry,16,5,1,54,3,64.01
Bill Payment,14,4,0,58,1,183.92
Account Services,10,0,0,40,2,169.29
General Enquiry,14,0,0,41,2,77.0
Bill Payment,14,2,0,25,2,46.06
Document Verification,9,6,1,4,4,6.99
General Enquiry,13,4,0,22,4,22.26
Bill Payment,16,5,1,42,2,65.76
Document Verification,13,2,0,17,1,85.98
General Enquiry,10,2,0,19,2,39.3
Account Services,17,5,1,38,3,105.89
General Enquiry,16,6,1,32,1,122.09
Account Services,16,1,0,49,2,203.2
Document Verification,17,3,0,43,2,144.29
Customer Support,16,5,1,30,3,67.04
Bill Payment,16,5,1,65,4,57.38
Account Services,10,2,0,62,3,155.12
Account Services,13,5,1,22,2,88.89
Bill Payment,15,6,1,24,4,25.18
Customer Support,10,1,0,19,3,44.38
Account Services,12,3,0,1,3,1.68
Document Verification,11,0,0,21,1,134.96
Customer Support,10,6,1,22,1,128.12
Customer Support,15,1,0,1,3,2.59
Account Services,13,5,1,24,4,53.08
Account Services,13,5,1,32,2,115.46
Bill Payment,11,2,0,20,2,40.13
Account Services,14,3,0,38,3,112.81
Document Verification,17,4,0,40,1,244.35
Document Verification,12,4,0,15,4,19.15
Customer Support,15,2,0,30,4,57.56
Bill Payment,13,4,0,47,3,55.74
Customer Support,13,5,1,38,3,83.54
General Enquiry,13,4,0,10,1,44.97
Customer Support,13,3,0,15,4,22.83
Customer Support,9,1,0,43,3,93.5
General Enquiry,16,6,1,33,3,43.68
Customer Support,17,5,1,50,2,200.11
Bill Payment,16,3,0,23,3,26.02
General Enquiry,11,4,0,36,3,49.26
Bill Payment,12,4,0,15,3,16.95
Customer Support,14,5,1,56,2,183.27
General Enquiry,17,3,0,24,1,98.72
Document Verification,14,6,1,32,4,40.01
Customer Support,17,3,0,6,4,13.19
Document Verification,11,6,1,6,3,18.56
Customer Support,9,1,0,8,1,59.58
Account Services,12,0,0,12,4,23.45
Bill Payment,11,6,1,18,3,18.92
General Enquiry,12,3,0,15,1,51.25
Bill Payment,16,2,0,42,4,34.25
General Enquiry,12,2,0,25,1,115.82
Account Services,15,0,0,26,2,98.16
Bill Payment,13,2,0,17,3,15.93
Document Verification,11,1,0,12,4,22.29
Bill Payment,10,6,1,40,4,35.79
Bill Payment,10,6,1,63,2,93.89
General Enquiry,11,3,0,32,4,35.15
Document Verification,11,6,1,20,2,61.53
General Enquiry,16,5,1,34,1,150.93
Account Services,12,2,0,12,3,29.21
Account Services,10,3,0,50,2,217.24
Document Verification,16,1,0,19,2,60.75
Bill Payment,14,2,0,46,2,70.68
Account Services,16,3,0,42,4,77.07
Account Services,17,4,0,36,3,82.38
Account Services,14,0,0,12,1,86.65
Customer Support,15,4,0,38,4,66.95
Bill Payment,12,0,0,34,2,65.09
Document Verification,14,1,0,18,3,33.01
General Enquiry,17,4,0,30,1,123.31
Document Verification,11,6,1,19,1,102.01
Document Verification,13,6,1,41,2,139.94
Customer Support,16,5,1,39,3,99.73
Account Services,14,0,0,61,1,519.06
General Enquiry,13,6,1,20,3,24.1
General Enquiry,17,6,1,50,1,171.89
Document Verification,9,5,1,7,4,9.6
Bill Payment,17,4,0,35,3,45.34
Account Services,11,1,0,3,1,25.76
Bill Payment,13,0,0,27,3,32.68
Document Verification,10,3,0,7,4,7.95
Customer Support,13,1,0,33,2,103.02
Document Verification,11,0,0,42,2,147.05
Account Services,13,5,1,54,2,219.74
Account Services,17,4,0,22,1,150.86
Bill Payment,10,4,0,38,2,72.3
Document Verification,15,3,0,6,2,23.02
General Enquiry,11,3,0,19,1,70.16
Document Verification,10,0,0,67,4,107.65
Customer Support,12,1,0,31,4,50.3
Bill Payment,9,6,1,31,4,26.84
Account Services,15,5,1,9,3,32.08
Account Services,10,6,1,54,4,120.65
General Enquiry,14,4,0,17,4,16.85
Bill Payment,10,1,0,55,2,91.18
Customer Support,15,6,1,32,1,213.0
Document Verification,9,3,0,8,1,46.45
Customer Support,9,2,0,13,4,21.66
Account Services,16,3,0,4,3,10.71
Customer Support,9,3,0,45,3,103.74
Bill Payment,13,6,1,27,4,26.66
Document Verification,14,1,0,51,3,96.23
General Enquiry,10,3,0,64,4,75.19
Account Services,10,3,0,3,3,3.3
Bill Payment,9,2,0,63,4,58.49
General Enquiry,17,0,0,52,1,219.46
Bill Payment,14,0,0,49,2,81.15
Account Services,14,1,0,38,2,168.46
Bill Payment,13,4,0,55,4,49.89
General Enquiry,13,0,0,16,3,23.49
Account Services,10,3,0,6,3,18.83
Document Verification,12,6,1,15,4,20.46
Account Services,9,3,0,44,1,389.72
Document Verification,15,2,0,11,2,35.39
Account Services,10,4,0,25,1,232.96
Customer Support,11,4,0,11,2,45.62
Bill Payment,15,6,1,41,1,161.32
General Enquiry,15,0,0,10,4,10.67
Document Verification,17,5,1,42,1,248.46
Document Verification,15,2,0,13,3,29.39
Document Verification,16,5,1,4,3,8.45
Account Services,14,2,0,39,4,78.95
Bill Payment,12,2,0,16,3,19.58
Bill Payment,9,6,1,11,3,12.25
Account Services,14,6,1,3,2,12.51
Customer Support,17,4,0,27,1,191.14
Document Verification,17,5,1,36,2,120.85
Customer Support,17,6,1,49,1,337.75
Document Verification,17,5,1,9,1,60.98
General Enquiry,15,5,1,29,3,40.45
Bill Payment,11,5,1,15,3,16.88
Customer Support,15,3,0,4,3,9.2
Document Verification,10,1,0,3,3,4.95
Customer Support,15,2,0,10,2,32.88
Account Services,16,5,1,49,1,393.99
Customer Support,12,5,1,39,1,242.26
Account Services,11,6,1,27,4,61.35
General Enquiry,10,1,0,52,2,115.58
Customer Support,9,2,0,16,1,110.57
Customer Support,12,5,1,4,4,7.12
General Enquiry,13,3,0,49,4,49.53
Bill Payment,17,1,0,11,3,13.1
General Enquiry,16,4,0,18,4,19.48
Document Verification,14,4,0,31,2,78.72
General Enquiry,10,5,1,4,4,5.95
Account Services,15,1,0,28,2,117.02
Document Verification,15,6,1,35,1,198.97
General Enquiry,15,6,1,29,4,33.98
Customer Support,17,3,0,56,4,97.02
Document Verification,13,6,1,39,1,264.97
Document Verification,11,0,0,3,1,17.2
Customer Support,11,2,0,25,4,44.72
Bill Payment,9,2,0,14,4,12.61
Customer Support,9,4,0,28,1,175.4
Account Services,9,2,0,52,1,372.83
Document Verification,9,4,0,37,1,214.84
Account Services,14,1,0,28,3,75.7
Customer Support,17,3,0,52,2,179.67
Document Verification,10,1,0,68,4,116.92
Document Verification,12,0,0,11,3,19.43
Customer Support,17,5,1,32,2,103.66
Bill Payment,15,4,0,12,4,8.09
Customer Support,14,6,1,9,4,13.77
General Enquiry,13,4,0,36,1,124.18
General Enquiry,16,1,0,14,3,19.34
Document Verification,11,5,1,38,2,112.07
Bill Payment,13,3,0,61,3,72.52
General Enquiry,11,2,0,15,4,14.2
Account Services,15,2,0,3,2,16.72
General Enquiry,15,3,0,15,3,21.93
Document Verification,14,5,1,51,3,103.83
General Enquiry,10,5,1,73,4,73.28
Document Verification,15,4,0,10,4,13.05
Bill Payment,17,0,0,8,3,8.12
Customer Support,13,3,0,28,4,51.06
Document Verification,13,6,1,42,3,84.86
Bill Payment,12,6,1,22,3,23.25
General Enquiry,9,0,0,13,2,23.65
Account Services,14,6,1,26,3,78.9
Bill Payment,15,0,0,44,2,81.17
General Enquiry,13,4,0,25,2,49.21
Document Verification,11,5,1,11,3,20.72
Bill Payment,10,0,0,34,4,24.06
Customer Support,14,5,1,12,1,93.93
Bill Payment,9,5,1,17,4,16.92
General Enquiry,13,1,0,3,3,5.1
Document Verification,17,1,0,8,2,23.76
Bill Payment,17,5,1,13,1,41.38
Account Services,17,5,1,33,3,92.15
Document Verification,16,4,0,21,4,32.35
Customer Support,13,4,0,51,1,310.23
Bill Payment,17,3,0,40,4,38.16
General Enquiry,16,5,1,45,2,86.31
Customer Support,14,5,1,12,4,22.25
Customer Support,14,0,0,50,1,375.41
General Enquiry,10,6,1,37,1,135.96
Bill Payment,15,2,0,22,1,86.14
Customer Support,14,3,0,15,2,52.62
Account Services,12,4,0,22,1,197.17
General Enquiry,13,3,0,9,4,7.74
Customer Support,17,4,0,26,4,47.91
Bill Payment,9,4,0,49,2,91.11
General Enquiry,17,4,0,16,2,33.26
Account Services,9,1,0,49,1,428.43
Bill Payment,12,4,0,24,1,84.01
Document Verification,11,4,0,14,2,44.8
Customer Support,9,0,0,42,2,156.63
Customer Support,9,4,0,7,2,23.02
Document Verification,10,6,1,61,2,182.72
Account Services,10,2,0,30,2,106.23
General Enquiry,10,1,0,56,2,123.88
General Enquiry,11,2,0,9,1,39.74
Account Services,9,0,0,64,1,547.43
Customer Support,11,2,0,25,3,48.26
Account Services,11,0,0,38,2,172.07
Document Verification,10,2,0,45,4,68.87
Account Services,15,4,0,19,1,172.6
Customer Support,14,6,1,54,4,97.48
Customer Support,13,3,0,47,4,81.39
General Enquiry,16,0,0,33,3,45.43
Bill Payment,15,1,0,31,2,60.33
Customer Support,15,0,0,28,3,66.62
Bill Payment,9,5,1,12,4,12.26
Customer Support,16,0,0,8,3,23.87
Bill Payment,16,1,0,17,1,50.64
Customer Support,9,3,0,44,1,296.34
General Enquiry,16,6,1,41,2,85.13
Document Verification,12,3,0,14,3,29.25
Document Verification,11,4,0,16,1,99.74
General Enquiry,11,3,0,15,2,34.27
Document Verification,15,1,0,8,3,19.84
Bill Payment,10,5,1,44,1,132.8
General Enquiry,16,4,0,23,3,26.72
General Enquiry,16,4,0,14,1,54.62
Customer Support,12,1,0,33,3,64.3
General Enquiry,10,6,1,27,2,52.25
Bill Payment,15,2,0,37,1,125.98
Document Verification,17,5,1,6,4,5.61
Customer Support,15,6,1,27,2,104.56
Bill Payment,12,3,0,25,2,46.78
General Enquiry,11,2,0,5,2,7.55
Account Services,12,4,0,3,1,19.04
Customer Support,17,0,0,60,3,155.83
General Enquiry,11,3,0,22,2,45.82
Customer Support,10,1,0,41,1,302.41
Customer Support,10,4,0,24,1,176.32
General Enquiry,16,1,0,25,3,31.29
Bill Payment,13,2,0,35,2,53.75
Document Verification,15,6,1,26,1,170.26
Document Verification,12,6,1,15,1,88.55
General Enquiry,10,1,0,50,2,102.73
General Enquiry,17,5,1,49,3,69.06
Bill Payment,17,5,1,29,2,44.44
Bill Payment,14,4,0,20,1,61.17
Customer Support,14,1,0,40,3,107.26
Bill Payment,16,0,0,30,2,59.5
Document Verification,17,0,0,14,4,17.08
Customer Support,10,5,1,55,1,419.88
Account Services,17,5,1,25,1,217.47
Customer Support,9,3,0,21,3,47.28
Customer Support,10,2,0,47,4,72.84
Bill Payment,15,5,1,11,1,42.9
General Enquiry,11,0,0,37,2,70.21
General Enquiry,12,1,0,27,2,53.35
Customer Support,15,3,0,6,3,13.23
Account Services,15,2,0,19,3,57.8
Account Services,15,3,0,8,4,18.26
Customer Support,14,3,0,16,4,33.18
Document Verification,12,1,0,6,4,10.58
General Enquiry,9,1,0,59,4,59.86
Customer Support,9,4,0,9,2,30.26
Customer Support,11,4,0,9,3,22.63
Document Verification,14,2,0,25,1,153.86
Document Verification,11,4,0,10,1,49.89
Bill Payment,9,6,1,34,1,130.4
Bill Payment,10,5,1,18,2,25.32
Account Services,9,5,1,25,2,101.3
Account Services,10,1,0,59,2,201.73
Customer Support,16,3,0,41,2,146.94
Document Verification,9,6,1,50,2,153.41
Bill Payment,17,6,1,30,4,27.12
Customer Support,17,2,0,5,3,10.17
Account Services,15,6,1,20,3,46.81
Bill Payment,16,6,1,26,3,34.04
Customer Support,10,1,0,25,4,38.86
Document Verification,10,2,0,52,1,343.11
Document Verification,14,2,0,18,3,43.2
Document Verification,17,2,0,30,2,83.8
Account Services,13,4,0,7,2,26.54
Bill Payment,16,3,0,30,3,36.33
Customer Support,11,3,0,34,3,66.69
Document Verification,12,5,1,29,1,178.37
General Enquiry,13,3,0,17,1,74.72
General Enquiry,11,1,0,15,3,19.82
Bill Payment,12,3,0,16,2,27.09
Account Services,17,2,0,31,1,282.97
Bill Payment,11,1,0,23,2,43.4
Customer Support,9,1,0,40,4,77.48
Bill Payment,15,4,0,23,2,40.87
Document Verification,16,5,1,40,2,109.81
General Enquiry,15,1,0,4,1,10.39
General Enquiry,12,1,0,27,4,24.73
Account Services,17,4,0,22,3,55.19
Customer Support,10,4,0,28,4,50.84
Bill Payment,16,5,1,20,2,41.31
Bill Payment,17,4,0,22,3,26.93
Bill Payment,14,2,0,14,3,18.42
Bill Payment,15,5,1,15,3,16.29
General Enquiry,10,5,1,70,3,99.97
Bill Payment,14,0,0,73,2,132.59
Bill Payment,11,4,0,2,1,7.89
Bill Payment,15,5,1,15,4,13.74
Customer Support,14,3,0,13,3,28.04
General Enquiry,14,0,0,12,3,13.8
General Enquiry,15,6,1,34,1,136.7
Bill Payment,14,0,0,38,3,46.89
Customer Support,10,0,0,50,3,129.35
Document Verification,9,1,0,48,2,143.37
Bill Payment,9,0,0,44,4,37.51
Customer Support,10,0,0,64,3,153.62
Account Services,11,6,1,36,2,153.76
Account Services,10,0,0,66,4,117.79
Customer Support,14,2,0,22,4,41.97
Bill Payment,11,6,1,27,3,29.47
Account Services,11,4,0,22,1,179.36
General Enquiry,15,2,0,23,3,35.71
Bill Payment,17,6,1,9,4,7.16
Customer Support,9,2,0,33,3,76.51
Customer Support,17,0,0,11,4,14.42
Customer Support,16,3,0,16,1,130.38
Document Verification,14,5,1,59,3,130.9
Document Verification,16,6,1,39,2,120.57
Customer Support,16,0,0,34,4,58.34
Customer Support,16,0,0,37,2,132.6
Document Verification,14,3,0,26,1,170.61
General Enquiry,13,0,0,38,2,72.73
Customer Support,11,4,0,19,2,65.41
General Enquiry,12,4,0,30,4,27.48
Account Services,15,6,1,29,1,228.73
Document Verification,15,1,0,29,1,160.84
General Enquiry,9,2,0,42,3,47.04
Account Services,10,1,0,9,1,80.36
Account Services,10,1,0,37,4,81.95
Bill Payment,12,0,0,19,3,23.95
Document Verification,12,5,1,5,3,11.4
Account Services,17,2,0,29,3,67.09
Bill Payment,16,2,0,42,3,42.84
Account Services,12,4,0,12,1,114.07
Customer Support,11,3,0,27,2,78.88
Customer Support,16,2,0,34,1,202.82
General Enquiry,17,0,0,43,2,82.91
Document Verification,14,3,0,26,1,159.73
General Enquiry,15,0,0,13,2,20.54
Bill Payment,14,0,0,6,1,18.31
General Enquiry,12,4,0,38,3,41.57
Customer Support,16,2,0,5,3,15.9
Document Verification,14,0,0,42,1,223.75
Customer Support,14,0,0,34,4,53.46
General Enquiry,16,2,0,14,3,20.64
Document Verification,9,2,0,4,4,3.45
Customer Support,9,5,1,7,1,47.64
Account Services,12,4,0,32,2,135.97
Document Verification,11,4,0,14,1,73.01
Account Services,15,2,0,34,2,116.16
Account Services,10,0,0,76,2,328.07
General Enquiry,15,5,1,27,2,62.61
Account Services,13,3,0,16,1,122.17
Document Verification,14,1,0,20,2,57.36
Bill Payment,13,0,0,20,1,74.42
Bill Payment,10,0,0,40,1,149.03
Document Verification,15,1,0,33,1,200.11
Bill Payment,13,2,0,3,2,7.19
Bill Payment,17,6,1,3,1,10.97
Customer Support,15,5,1,14,1,105.41
Bill Payment,16,4,0,35,2,67.15
Bill Payment,11,4,0,8,1,25.04
Bill Payment,12,6,1,34,3,39.29
General Enquiry,15,6,1,27,4,26.78
Document Verification,12,2,0,18,1,99.52
Customer Support,17,1,0,44,1,335.35
Customer Support,16,6,1,53,2,196.37
Customer Support,10,6,1,42,3,90.09
Bill Payment,12,2,0,2,3,1.68
Bill Payment,14,1,0,51,2,88.81
Document Verification,9,2,0,36,4,43.65
General Enquiry,15,4,0,28,4,23.54
Bill Payment,10,6,1,39,4,34.69
Document Verification,12,5,1,4,3,7.8
Account Services,14,2,0,35,3,87.66
Customer Support,10,1,0,32,2,120.6
Document Verification,9,2,0,22,3,45.12
Bill Payment,15,6,1,7,4,5.16
Account Services,15,5,1,4,1,36.88
Account Services,17,3,0,21,1,145.05
General Enquiry,11,5,1,29,2,57.92
Document Verification,12,2,0,5,1,33.05
Account Services,17,2,0,36,4,70.88
Bill Payment,10,6,1,21,4,19.73
General Enquiry,17,3,0,17,2,31.27
Account Services,9,2,0,48,2,181.19
Document Verification,13,6,1,36,4,48.77
Document Verification,17,1,0,7,2,22.0
Account Services,15,2,0,11,4,28.62
Bill Payment,16,1,0,44,3,51.9
Account Services,11,1,0,10,3,28.03
Document Verification,12,5,1,21,1,130.85
Customer Support,15,2,0,14,4,25.45
Document Verification,10,3,0,32,2,96.35
Bill Payment,17,6,1,6,1,23.16
Bill Payment,9,1,0,19,1,76.9
Account Services,15,4,0,34,2,140.18
Document Verification,14,0,0,46,3,95.53
Document Verification,10,5,1,51,1,304.44
Customer Support,11,4,0,21,4,41.29
Customer Support,10,1,0,38,1,296.29
Bill Payment,11,5,1,10,3,12.14
Customer Support,17,4,0,10,2,35.81
Document Verification,17,3,0,46,3,78.9
General Enquiry,16,5,1,13,3,16.45
Account Services,16,4,0,49,2,217.09
Document Verification,16,1,0,27,4,39.05
Bill Payment,13,4,0,5,2,7.42
Customer Support,11,5,1,18,3,50.05
Customer Support,16,1,0,49,1,380.83
Bill Payment,13,1,0,11,1,42.81
Document Verification,10,2,0,4,3,5.82
Bill Payment,11,2,0,20,2,37.05
Bill Payment,10,3,0,42,2,67.07
Customer Support,14,2,0,60,2,199.57
Document Verification,15,2,0,31,1,204.52
Customer Support,10,2,0,28,4,49.09
Document Verification,15,0,0,41,1,233.89
Document Verification,12,3,0,6,1,37.84
Customer Support,10,1,0,45,1,323.5
General Enquiry,10,4,0,19,3,27.99
Account Services,9,2,0,50,2,227.35
Customer Support,16,0,0,22,4,45.89
General Enquiry,16,6,1,31,4,30.93
General Enquiry,10,4,0,7,2,13.85
General Enquiry,14,1,0,27,3,37.84
Customer Support,9,1,0,20,3,40.79
Customer Support,13,1,0,35,4,58.99
General Enquiry,15,4,0,4,3,2.71
Bill Payment,17,3,0,29,2,50.72
Customer Support,12,6,1,19,2,66.45
Document Verification,11,3,0,24,2,64.19
Account Services,10,6,1,28,4,55.05
Customer Support,13,2,0,38,4,64.35
Customer Support,17,2,0,9,4,17.07
Customer Support,14,3,0,27,3,63.89
Bill Payment,10,5,1,20,1,63.17
General Enquiry,10,4,0,59,2,102.1
Document Verification,15,4,0,21,2,55.61
General Enquiry,16,3,0,48,4,40.2
General Enquiry,15,0,0,7,3,8.26
Customer Support,13,0,0,43,1,338.42
Bill Payment,9,0,0,25,1,75.06
Customer Support,15,5,1,2,4,3.86
Document Verification,9,4,0,37,3,64.28
Bill Payment,11,6,1,38,3,48.46
Bill Payment,15,5,1,11,3,10.13
Bill Payment,9,0,0,62,1,248.1
Bill Payment,15,3,0,27,3,36.79
Customer Support,13,6,1,26,4,38.44
Account Services,10,1,0,50,3,112.91
Document Verification,13,3,0,5,1,26.72
Bill Payment,14,0,0,4,1,13.94
Account Services,13,4,0,15,3,38.85
General Enquiry,15,1,0,16,4,18.67
Document Verification,11,3,0,21,1,109.73
Document Verification,14,3,0,48,1,259.96
General Enquiry,15,4,0,17,1,67.62
Document Verification,16,3,0,32,4,38.02
Customer Support,13,0,0,61,1,402.43
Account Services,10,1,0,29,3,78.57
Document Verification,17,5,1,48,4,73.33
Account Services,10,1,0,55,2,252.56
Customer Support,12,0,0,3,1,20.31
Customer Support,11,1,0,9,2,30.35
Account Services,15,3,0,3,2,10.18
Bill Payment,13,2,0,19,1,72.11
Document Verification,11,6,1,22,1,124.56
Account Services,17,3,0,4,3,9.09
Document Verification,11,5,1,18,3,37.26
Account Services,16,0,0,28,3,62.52
Account Services,15,3,0,25,3,70.72
Bill Payment,17,2,0,18,4,16.26
General Enquiry,9,2,0,11,1,49.32
Document Verification,15,4,0,17,1,113.63
Bill Payment,9,2,0,39,4,37.27
Document Verification,10,5,1,10,1,52.36
Customer Support,14,3,0,39,1,284.25
General Enquiry,15,4,0,26,3,34.61
Account Services,16,6,1,25,4,52.0
Document Verification,15,6,1,18,1,103.45
Customer Support,17,0,0,59,4,98.2
General Enquiry,10,6,1,46,2,83.14
Customer Support,13,2,0,58,3,121.71
Document Verification,16,2,0,9,1,54.36
Account Services,15,6,1,40,1,365.82
General Enquiry,16,3,0,43,4,43.19
Account Services,11,5,1,46,1,416.16
Account Services,11,6,1,47,2,209.53
Customer Support,16,6,1,27,4,42.08
Account Services,9,1,0,16,1,116.16
Account Services,11,4,0,20,1,170.6
Account Services,15,3,0,3,4,2.89
Document Verification,14,3,0,49,4,82.49
General Enquiry,13,6,1,16,1,71.3
General Enquiry,12,4,0,21,1,71.73
Account Services,16,2,0,5,1,41.07
Customer Support,10,1,0,24,3,63.71
Account Services,10,2,0,4,3,10.63
General Enquiry,15,5,1,38,3,45.16
Account Services,14,0,0,4,2,17.6
Customer Support,14,0,0,67,4,116.25
Bill Payment,10,4,0,18,4,16.55
Account Services,17,6,1,53,1,397.06
Bill Payment,14,1,0,14,3,16.56
Account Services,12,0,0,30,2,107.31
Customer Support,12,0,0,11,1,74.47
Customer Support,16,2,0,34,4,62.94
Document Verification,9,3,0,41,2,137.92
General Enquiry,9,4,0,12,4,14.39
Customer Support,9,6,1,26,4,45.01
General Enquiry,12,5,1,3,3,1.56
Document Verification,15,2,0,9,3,18.58
Account Services,17,6,1,31,4,59.54
Account Services,14,2,0,26,2,97.29
Account Services,13,5,1,14,1,129.34
Bill Payment,11,0,0,25,3,32.44
General Enquiry,15,2,0,23,3,30.54
Document Verification,15,6,1,34,3,63.72
Account Services,12,4,0,26,3,70.75
General Enquiry,10,3,0,17,2,37.09
Document Verification,10,4,0,33,2,110.83
Account Services,13,1,0,14,4,31.01
Document Verification,11,1,0,8,2,25.36
General Enquiry,16,0,0,5,3,5.0
Bill Payment,16,1,0,49,2,94.13
Bill Payment,11,1,0,16,4,15.42
General Enquiry,16,6,1,49,4,46.84
Document Verification,11,3,0,17,4,29.73
Bill Payment,10,6,1,8,2,16.53
Account Services,11,0,0,14,4,27.28
Document Verification,15,3,0,29,2,88.38
Bill Payment,16,5,1,5,4,4.5
Document Verification,14,1,0,28,3,61.06
Customer Support,10,3,0,25,1,148.74
Bill Payment,15,0,0,26,3,28.75
Account Services,12,4,0,11,3,30.02
Account Services,10,6,1,30,3,75.12
Document Verification,12,1,0,3,3,12.31
Bill Payment,11,1,0,10,3,9.46
Customer Support,15,1,0,20,2,71.04
Account Services,14,0,0,23,2,89.86
Document Verification,15,5,1,34,3,59.77
Account Services,16,5,1,9,2,31.62
General Enquiry,14,6,1,18,3,26.27
Customer Support,16,1,0,50,1,370.97
Bill Payment,11,6,1,23,3,25.4
General Enquiry,15,0,0,44,3,55.53
Document Verification,11,4,0,31,4,45.92
Bill Payment,11,4,0,18,3,20.85
Document Verification,13,2,0,5,1,24.7
Account Services,16,2,0,12,3,31.88
Account Services,10,2,0,41,1,285.79
Document Verification,14,1,0,17,1,102.35
General Enquiry,14,2,0,50,4,57.35
Customer Support,10,2,0,38,4,67.64
General Enquiry,15,0,0,14,4,12.63
Account Services,11,0,0,16,3,44.89
Document Verification,17,2,0,33,1,222.79
General Enquiry,17,1,0,37,1,168.54
General Enquiry,15,4,0,9,4,10.85
Bill Payment,16,1,0,30,3,33.16
Bill Payment,17,4,0,20,1,61.15
Account Services,9,4,0,12,2,54.41
Document Verification,13,3,0,14,1,86.41
General Enquiry,9,2,0,5,1,19.83
Document Verification,16,2,0,46,1,304.43
General Enquiry,13,2,0,39,1,152.44
Document Verification,13,0,0,8,2,25.59
Account Services,12,4,0,34,3,99.55
Customer Support,10,5,1,63,1,414.65
General Enquiry,12,1,0,38,1,150.04
General Enquiry,14,3,0,20,3,28.8
Bill Payment,12,2,0,37,4,29.72
Bill Payment,12,0,0,6,4,4.73
General Enquiry,11,1,0,14,2,23.27
Bill Payment,16,5,1,4,1,13.84
General Enquiry,14,6,1,21,1,89.56
General Enquiry,10,0,0,4,4,1.45
General Enquiry,16,3,0,44,2,91.36
Customer Support,10,6,1,4,3,8.44
Customer Support,17,0,0,58,4,96.47
Account Services,11,3,0,25,3,61.68
Bill Payment,16,3,0,56,1,206.1
Account Services,9,5,1,4,2,14.08
Customer Support,15,1,0,7,3,12.94
Customer Support,11,4,0,3,1,24.49
Document Verification,9,1,0,46,4,64.33
Bill Payment,13,2,0,10,1,36.32
General Enquiry,13,1,0,24,1,109.02
Bill Payment,12,3,0,12,1,38.41
Document Verification,16,4,0,20,3,36.8
Account Services,12,4,0,20,3,64.77
General Enquiry,13,4,0,9,2,15.93
General Enquiry,15,5,1,5,1,19.4
Account Services,13,6,1,33,1,258.65
General Enquiry,11,6,1,10,2,19.17
Customer Support,17,2,0,11,4,17.94
Customer Support,13,5,1,3,3,7.13
Document Verification,10,1,0,28,1,149.51
Document Verification,17,5,1,32,1,177.26
Document Verification,9,5,1,40,4,61.01
Account Services,11,2,0,15,2,52.88
Bill Payment,10,3,0,52,2,81.0
Document Verification,14,5,1,31,4,45.44
Document Verification,14,1,0,54,3,98.4
Bill Payment,16,3,0,46,3,56.24
Bill Payment,9,4,0,69,1,225.62
Customer Support,14,5,1,64,1,479.74
Account Services,13,5,1,36,2,145.01
Customer Support,17,5,1,39,1,237.27
Bill Payment,11,1,0,33,2,55.79
Customer Support,13,3,0,15,4,22.64
Account Services,13,3,0,43,1,396.6
Account Services,15,3,0,15,2,61.75
Account Services,17,5,1,4,4,3.94
Document Verification,11,6,1,9,4,13.22
Customer Support,10,5,1,36,3,90.08
Bill Payment,15,5,1,24,1,91.32
Customer Support,10,3,0,27,3,53.79
Customer Support,14,6,1,32,4,56.23
Customer Support,11,3,0,29,4,56.93
Customer Support,12,6,1,17,4,20.96
Document Verification,10,4,0,58,2,177.82
General Enquiry,14,5,1,58,3,89.67
General Enquiry,17,1,0,52,2,90.54
Account Services,15,3,0,16,4,32.11
Document Verification,9,5,1,9,1,60.58
Customer Support,17,2,0,33,4,52.69
Customer Support,13,0,0,21,1,151.02
Account Services,17,2,0,25,2,107.41
Bill Payment,12,0,0,25,2,38.27
Account Services,12,0,0,14,1,111.74
Bill Payment,14,1,0,41,2,66.55
Account Services,13,4,0,5,2,26.59
Document Verification,16,2,0,6,1,32.78
Customer Support,15,0,0,43,1,335.48
Document Verification,17,1,0,28,3,62.17
General Enquiry,13,5,1,21,4,23.4
Bill Payment,12,2,0,15,2,21.5
Account Services,16,2,0,5,3,11.39
Account Services,12,6,1,40,2,163.23
General Enquiry,17,3,0,43,3,57.86
Bill Payment,14,6,1,49,1,166.57
Document Verification,10,5,1,5,1,26.58
Document Verification,17,6,1,6,4,7.71
Customer Support,15,4,0,31,3,72.11
Document Verification,14,2,0,11,2,31.85
Customer Support,10,4,0,28,2,95.05
Bill Payment,17,4,0,10,1,34.01
General Enquiry,14,3,0,14,1,55.69
Account Services,10,3,0,47,1,384.25
Customer Support,11,1,0,31,2,119.34
Bill Payment,13,2,0,45,3,49.05
Customer Support,11,3,0,24,2,84.67
Account Services,14,4,0,13,2,45.09
General Enquiry,11,4,0,34,2,60.05
Account Services,13,4,0,24,1,187.07
Customer Support,12,3,0,27,4,40.06
Customer Support,15,5,1,27,3,57.18
Bill Payment,17,1,0,42,3,52.67
Bill Payment,13,5,1,32,4,30.28
General Enquiry,9,5,1,60,3,73.43
Customer Support,9,5,1,67,1,516.89
Customer Support,14,2,0,8,3,18.15
General Enquiry,10,6,1,32,3,41.46
General Enquiry,10,2,0,50,4,41.03
Account Services,15,4,0,19,1,168.87
Account Services,10,3,0,47,3,129.61
Bill Payment,11,5,1,37,4,37.57
Bill Payment,9,5,1,46,3,57.57
Customer Support,15,4,0,18,1,109.83
Document Verification,15,6,1,3,3,6.35
Document Verification,17,3,0,38,2,126.63
General Enquiry,15,2,0,7,1,26.62
General Enquiry,13,3,0,23,4,19.72
Customer Support,13,3,0,31,4,41.44
Account Services,9,4,0,14,2,60.29
Document Verification,12,1,0,20,4,28.89
Bill Payment,15,3,0,27,1,97.87
Account Services,16,5,1,7,1,58.26
Document Verification,11,4,0,32,4,47.31
Account Services,10,4,0,50,1,432.68
Document Verification,16,2,0,38,2,102.64
Account Services,12,6,1,13,1,108.3
Customer Support,17,1,0,39,2,131.31
Document Verification,12,1,0,5,1,27.37
Account Services,10,2,0,64,3,189.82
General Enquiry,12,6,1,36,3,47.27
General Enquiry,11,4,0,29,4,26.89
Customer Support,15,4,0,10,2,28.57
Bill Payment,15,2,0,1,4,0.5
Account Services,17,3,0,52,2,216.91
Account Services,16,3,0,35,3,101.18
General Enquiry,15,6,1,12,4,11.71
Customer Support,16,3,0,44,2,139.47
Document Verification,14,2,0,26,1,183.35
Document Verification,14,5,1,15,4,29.48
Document Verification,15,1,0,3,1,15.37
Bill Payment,12,4,0,10,3,12.32
General Enquiry,14,6,1,17,4,16.56
General Enquiry,17,0,0,37,1,149.1
Document Verification,12,2,0,10,1,50.86
General Enquiry,9,2,0,64,2,145.95
Customer Support,15,0,0,22,4,40.28
Document Verification,17,4,0,31,4,45.84
Document Verification,15,6,1,32,3,61.31
Document Verification,10,4,0,5,1,26.78
Customer Support,10,3,0,7,4,10.73
Account Services,13,1,0,10,2,47.72
Bill Payment,12,4,0,23,1,73.93
Document Verification,11,3,0,5,1,29.48
Customer Support,17,3,0,10,3,20.16
Bill Payment,12,2,0,11,1,38.28
Document Verification,15,2,0,4,2,15.26
Document Verification,15,3,0,18,3,39.35
Customer Support,12,6,1,2,3,1.87
Document Verification,17,4,0,4,3,4.68
Customer Support,17,3,0,26,1,160.11
Account Services,15,0,0,22,3,56.76
Bill Payment,12,6,1,21,3,26.56
Customer Support,15,0,0,4,4,7.19
Bill Payment,14,1,0,25,3,27.45
Bill Payment,10,4,0,43,4,38.06
Customer Support,9,4,0,30,3,67.79
Document Verification,12,5,1,28,3,61.66
General Enquiry,10,4,0,6,1,26.77
Customer Support,15,1,0,16,1,113.11
Account Services,13,2,0,22,1,181.23
Account Services,16,0,0,37,1,295.71
Bill Payment,12,3,0,35,1,129.57
General Enquiry,14,2,0,3,4,5.85
Account Services,16,5,1,45,3,105.92
Customer Support,13,6,1,38,3,77.96
General Enquiry,11,0,0,47,3,63.81
Account Services,16,6,1,28,1,191.33
Document Verification,11,0,0,6,2,20.18
Document Verification,9,4,0,54,2,168.36
Account Services,12,0,0,35,2,129.67
Bill Payment,11,2,0,32,2,53.24
Bill Payment,9,5,1,24,2,41.07
Bill Payment,10,0,0,5,2,8.54
Account Services,13,5,1,4,3,11.75
Bill Payment,9,1,0,10,4,7.89
Customer Support,16,2,0,35,2,139.59
Bill Payment,10,1,0,11,4,8.6
Account Services,14,5,1,38,3,96.46
Document Verification,14,5,1,23,4,33.58
Bill Payment,14,0,0,13,1,39.17
Account Services,12,3,0,19,4,45.98
Account Services,15,2,0,20,3,52.77
General Enquiry,17,4,0,12,1,54.32
Account Services,10,2,0,3,2,6.58
Bill Payment,10,5,1,15,1,58.68
Customer Support,11,1,0,1,1,8.02
Bill Payment,10,4,0,38,2,70.72
General Enquiry,13,5,1,3,2,7.48
Account Services,13,6,1,46,3,120.61
Document Verification,9,5,1,39,1,262.8
Document Verification,13,1,0,11,3,22.86
Customer Support,11,2,0,28,4,59.66
Account Services,14,1,0,23,3,63.96
Customer Support,13,4,0,44,4,64.73
Customer Support,14,1,0,3,2,8.66
Document Verification,13,3,0,47,3,95.86
Customer Support,10,6,1,43,4,73.94
Document Verification,10,5,1,42,3,85.79
Account Services,16,5,1,16,1,132.8
Account Services,9,4,0,22,1,154.31
Bill Payment,12,1,0,15,2,25.34
General Enquiry,9,1,0,24,3,34.56
Document Verification,11,5,1,35,4,51.57
Customer Support,11,4,0,24,4,43.32
General Enquiry,15,3,0,29,2,53.1
Customer Support,12,1,0,21,3,54.65
Document Verification,14,2,0,49,2,143.6
Bill Payment,13,2,0,20,2,31.66
Account Services,11,6,1,8,1,73.36
Bill Payment,14,2,0,39,4,29.88
Bill Payment,15,3,0,5,3,6.21
Account Services,15,4,0,14,4,27.02
General Enquiry,13,0,0,66,2,116.4
Bill Payment,15,6,1,36,3,44.06
Customer Support,16,6,1,32,2,125.87
Account Services,10,4,0,8,2,28.01
Bill Payment,17,1,0,37,4,25.68
Bill Payment,11,3,0,16,4,11.0
Account Services,10,0,0,65,1,511.18
General Enquiry,12,0,0,18,2,36.46
General Enquiry,16,2,0,36,4,41.12
Customer Support,17,1,0,16,3,39.06
Customer Support,9,6,1,18,3,39.87
Document Verification,15,2,0,22,1,116.64
Document Verification,11,2,0,18,3,44.83
Bill Payment,11,6,1,40,1,156.71
Account Services,11,3,0,19,4,45.41
Document Verification,10,5,1,43,3,80.07
Account Services,17,5,1,37,2,125.45
Customer Support,10,4,0,13,1,97.86
Document Verification,17,2,0,34,1,209.05
Customer Support,9,3,0,53,4,101.71
Document Verification,9,5,1,10,3,17.06
General Enquiry,17,2,0,42,4,47.89
Bill Payment,11,3,0,30,2,62.33
Account Services,15,1,0,14,1,113.18
Customer Support,9,5,1,21,2,68.88
Customer Support,14,6,1,44,3,94.45
Customer Support,17,6,1,7,4,9.55
Customer Support,11,2,0,8,3,22.31
Customer Support,15,2,0,20,4,31.5
Account Services,13,6,1,11,1,79.46
Bill Payment,9,2,0,43,1,170.29
Account Services,16,1,0,10,3,28.48
Document Verification,13,2,0,9,3,13.43
General Enquiry,13,5,1,60,4,56.03
Bill Payment,14,3,0,19,3,22.18
General Enquiry,13,1,0,15,2,32.42
Account Services,10,2,0,9,4,14.88
Bill Payment,9,1,0,12,3,14.89
Customer Support,13,5,1,9,2,30.82
Customer Support,14,6,1,31,2,124.36
General Enquiry,14,6,1,17,4,14.31
Customer Support,16,6,1,51,4,97.34
General Enquiry,12,0,0,7,3,10.37
Bill Payment,9,0,0,55,3,56.76
Document Verification,13,2,0,20,4,32.12
General Enquiry,17,2,0,50,4,54.23
Account Services,9,6,1,54,2,202.6
Bill Payment,17,3,0,40,4,33.12
Bill Payment,16,6,1,16,4,12.79
Customer Support,11,5,1,22,1,146.6
Bill Payment,11,0,0,15,2,25.03
Account Services,16,0,0,48,2,189.16
General Enquiry,10,4,0,43,3,51.94
Customer Support,13,2,0,8,3,13.62
Customer Support,17,6,1,9,1,58.63
Account Services,10,3,0,43,1,368.6
Account Services,10,4,0,9,2,31.19
Customer Support,9,3,0,22,3,51.42
Bill Payment,13,1,0,18,4,18.8
Customer Support,11,4,0,11,4,19.99
Customer Support,9,2,0,34,4,58.5
Account Services,15,3,0,18,4,44.73
Account Services,11,5,1,6,4,5.43
Bill Payment,10,0,0,12,2,17.07
Document Verification,14,4,0,26,2,69.65
Document Verification,13,5,1,30,1,176.21
Customer Support,14,0,0,71,1,424.58
General Enquiry,14,2,0,4,1,18.68
Bill Payment,10,0,0,21,2,38.93
Account Services,16,5,1,24,2,107.48
Document Verification,15,4,0,27,4,31.62
Account Services,11,4,0,1,4,5.64
Bill Payment,16,0,0,36,4,28.83
Customer Support,13,2,0,41,4,64.7
General Enquiry,15,5,1,32,2,62.51
General Enquiry,11,2,0,7,1,27.43
Document Verification,13,4,0,36,4,53.64
Customer Support,11,3,0,20,4,37.83
Customer Support,13,4,0,43,2,173.5
Account Services,16,3,0,44,1,334.32
Account Services,10,2,0,47,1,320.88
General Enquiry,13,1,0,25,2,52.58
Customer Support,15,6,1,20,3,51.61
Document Verification,17,4,0,23,3,49.13
Customer Support,17,3,0,25,4,46.49
Bill Payment,13,6,1,21,1,84.68
Customer Support,15,0,0,25,2,80.47
Customer Support,13,2,0,35,4,66.9
Bill Payment,17,0,0,32,4,24.58
Document Verification,14,5,1,49,2,139.54
Bill Payment,15,3,0,4,1,14.31
Customer Support,14,1,0,20,1,125.07
Customer Support,9,0,0,11,1,84.3
General Enquiry,13,2,0,5,3,7.84
General Enquiry,16,1,0,38,3,56.3
Document Verification,13,0,0,10,1,61.94
Customer Support,11,4,0,5,4,4.37
Document Verification,9,4,0,6,1,38.3
General Enquiry,9,6,1,33,4,35.87
Document Verification,15,2,0,19,3,35.51
Bill Payment,12,6,1,35,3,36.23
General Enquiry,15,0,0,33,4,36.54
Bill Payment,9,6,1,23,3,28.01
Bill Payment,14,1,0,23,2,37.87
Document Verification,9,0,0,52,2,169.54
Account Services,12,4,0,8,1,74.13
Bill Payment,10,1,0,22,2,33.05
General Enquiry,9,3,0,23,3,25.19
Account Services,16,4,0,24,4,52.92
Customer Support,9,2,0,45,3,96.65
Customer Support,13,3,0,11,3,32.44
Bill Payment,17,0,0,18,3,20.33
General Enquiry,14,3,0,11,4,8.86
Account Services,11,4,0,13,1,122.89
Document Verification,16,3,0,28,1,171.83
Bill Payment,10,4,0,65,1,230.23
Account Services,13,0,0,11,4,25.99
General Enquiry,12,3,0,12,4,12.37
Document Verification,14,2,0,54,1,332.13
Document Verification,9,3,0,40,2,122.44
Customer Support,11,1,0,5,2,16.45
Customer Support,12,3,0,5,4,3.71
General Enquiry,9,4,0,36,2,77.22
Document Verification,14,6,1,60,4,83.15
Customer Support,13,2,0,40,2,158.77
Customer Support,11,3,0,24,1,181.08
Account Services,17,0,0,49,1,393.12
Bill Payment,12,4,0,6,3,9.23
Account Services,12,6,1,13,3,33.3
Document Verification,9,1,0,23,2,64.67
Account Services,13,1,0,20,1,181.57
Bill Payment,15,1,0,17,3,18.58
Customer Support,16,4,0,21,4,41.03
Document Verification,11,6,1,14,2,40.19
Document Verification,14,1,0,37,2,119.24
Bill Payment,15,5,1,22,4,21.78
Bill Payment,14,3,0,42,1,153.43
Customer Support,16,0,0,59,1,384.46
Bill Payment,14,2,0,39,3,46.83
Bill Payment,9,1,0,54,3,53.94
Customer Support,16,0,0,58,1,374.56
Customer Support,11,1,0,5,3,11.76
Bill Payment,12,6,1,22,4,18.18
Bill Payment,14,3,0,46,1,164.6
Account Services,17,1,0,40,2,168.98
Bill Payment,10,5,1,4,3,6.61
Account Services,11,3,0,2,3,5.04
Customer Support,10,6,1,9,4,14.06
Account Services,16,4,0,7,3,22.95
Account Services,17,1,0,31,4,68.92
General Enquiry,9,5,1,60,1,273.42
General Enquiry,16,0,0,20,3,26.82
Account Services,14,2,0,28,2,105.77
Customer Support,15,2,0,18,4,40.43
Bill Payment,15,4,0,4,1,14.14
Account Services,11,2,0,21,3,50.5
Account Services,9,5,1,9,4,18.5
General Enquiry,14,6,1,5,4,4.36
Account Services,11,5,1,18,4,30.95
General Enquiry,9,5,1,26,1,120.13
Customer Support,15,3,0,11,4,20.35
Customer Support,11,3,0,7,1,36.1
Customer Support,13,4,0,6,3,9.76
Document Verification,11,0,0,11,2,29.86
Bill Payment,13,6,1,8,3,11.18
General Enquiry,10,6,1,37,1,152.12
Account Services,12,2,0,11,1,80.94
Document Verification,9,6,1,40,3,73.2
Customer Support,17,4,0,34,1,265.62
Document Verification,12,0,0,30,4,49.97
Bill Payment,16,3,0,13,4,7.94
General Enquiry,15,6,1,10,1,37.69
General Enquiry,13,6,1,32,1,137.36
Customer Support,13,4,0,22,4,40.18
Bill Payment,13,5,1,38,1,120.78
Account Services,13,3,0,7,1,59.31
Bill Payment,17,5,1,14,4,10.17
General Enquiry,10,5,1,35,3,52.65
General Enquiry,15,4,0,18,1,71.85
Account Services,17,4,0,9,2,32.01
Account Services,10,4,0,25,3,72.51
Account Services,9,3,0,27,2,93.29
Bill Payment,13,4,0,4,3,5.09
Document Verification,12,4,0,12,1,81.33
Account Services,17,0,0,30,4,51.18
Bill Payment,14,6,1,48,1,190.34
Document Verification,11,1,0,4,4,4.48
Bill Payment,12,5,1,35,4,34.13
Customer Support,17,4,0,41,3,99.9
Account Services,14,3,0,4,1,38.06
Customer Support,17,6,1,24,3,52.27
Customer Support,16,0,0,8,3,15.52
Customer Support,12,5,1,23,2,82.99
Account Services,9,2,0,58,4,132.9
Customer Support,15,5,1,9,3,17.17
Document Verification,15,6,1,19,3,37.05
General Enquiry,16,6,1,20,2,41.99
General Enquiry,10,2,0,18,1,75.75
General Enquiry,11,3,0,20,1,67.53
Document Verification,13,0,0,6,2,17.05
Account Services,10,4,0,28,4,59.76
Bill Payment,10,4,0,12,2,23.14
Customer Support,10,5,1,12,3,23.68
Customer Support,15,2,0,28,3,67.05
Account Services,16,5,1,15,2,66.6
Account Services,13,4,0,5,3,17.49
Account Services,13,3,0,47,1,346.51
Bill Payment,15,2,0,23,4,18.91
Bill Payment,9,3,0,63,4,61.5
General Enquiry,13,1,0,40,3,54.62
Bill Payment,14,2,0,36,4,32.16
Bill Payment,12,0,0,27,4,22.26
Document Verification,16,6,1,52,4,88.39
Customer Support,17,2,0,33,3,84.33
Customer Support,9,0,0,45,1,349.93
Customer Support,17,5,1,58,4,107.42
Customer Support,9,5,1,9,1,57.64
Bill Payment,17,5,1,22,2,32.34
Account Services,15,4,0,33,4,62.63
Bill Payment,10,2,0,41,2,74.66
Document Verification,16,2,0,34,3,69.2
Account Services,17,3,0,3,2,5.73
Customer Support,14,3,0,54,2,200.03
General Enquiry,10,2,0,21,1,89.48
Bill Payment,17,3,0,34,1,131.98
Bill Payment,16,5,1,10,4,10.12
Customer Support,15,0,0,5,1,39.45
Document Verification,17,6,1,35,4,55.68
Account Services,17,5,1,5,4,11.78
Customer Support,14,6,1,7,4,11.74
General Enquiry,13,3,0,44,4,46.1
General Enquiry,13,3,0,4,3,7.0
General Enquiry,13,0,0,28,1,116.34
General Enquiry,15,2,0,7,2,11.85
Account Services,14,2,0,35,3,103.15
Document Verification,14,2,0,28,3,61.98
Customer Support,9,4,0,38,2,146.71
General Enquiry,12,3,0,3,1,9.64
Customer Support,9,0,0,7,2,23.38
Account Services,9,6,1,57,1,418.44
Customer Support,9,2,0,53,2,178.78
Bill Payment,15,6,1,34,2,65.44
Customer Support,12,4,0,29,1,196.71
Document Verification,17,0,0,34,3,76.39
Account Services,9,4,0,46,2,195.2
Customer Support,14,4,0,56,2,217.14
General Enquiry,17,1,0,29,1,126.72
General Enquiry,11,6,1,6,1,21.11
Customer Support,13,0,0,9,3,14.43
Bill Payment,14,4,0,33,4,32.18
Account Services,14,4,0,49,4,105.97
Document Verification,17,1,0,31,2,91.51
Customer Support,11,3,0,23,3,49.26
Bill Payment,16,2,0,48,1,148.36
Document Verification,17,2,0,24,1,130.43
Document Verification,16,5,1,40,3,77.45
Bill Payment,17,6,1,33,4,28.17
Bill Payment,12,5,1,34,2,58.12
Account Services,12,5,1,29,4,68.33
General Enquiry,12,3,0,31,4,31.86
Account Services,13,0,0,8,4,20.08
Customer Support,11,4,0,27,1,209.37
Bill Payment,16,6,1,36,2,53.93
Bill Payment,17,3,0,27,2,42.32
Customer Support,12,1,0,20,3,52.2
Document Verification,14,6,1,38,1,195.19
General Enquiry,13,0,0,43,4,42.5
Customer Support,17,0,0,45,3,104.54
Account Services,11,2,0,20,4,43.84
Document Verification,10,6,1,68,1,365.24
Account Services,15,2,0,27,1,220.08
Customer Support,16,1,0,24,4,33.97
Customer Support,10,3,0,12,1,71.46
Document Verification,12,1,0,17,4,23.44
Bill Payment,12,1,0,17,1,62.08
Bill Payment,14,2,0,39,4,37.98
Bill Payment,14,2,0,39,1,151.8
Document Verification,13,4,0,2,4,3.46
General Enquiry,13,6,1,64,2,124.77
Customer Support,17,0,0,17,4,29.99
General Enquiry,11,4,0,2,1,7.08
Account Services,11,2,0,37,2,154.44
Customer Support,11,4,0,33,1,208.79
Customer Support,16,3,0,43,3,118.94
Customer Support,12,6,1,13,2,37.69
Customer Support,11,4,0,4,2,14.05
Customer Support,9,5,1,57,4,96.16
Bill Payment,9,3,0,61,2,99.64
Document Verification,15,2,0,17,3,29.1
Bill Payment,13,0,0,37,1,123.72
General Enquiry,14,1,0,20,2,37.36
General Enquiry,13,4,0,16,2,27.74
General Enquiry,17,0,0,15,3,21.35
Account Services,12,5,1,35,3,103.16
Document Verification,17,5,1,7,2,18.47
Bill Payment,12,0,0,29,2,49.11
General Enquiry,11,3,0,13,3,21.29
Customer Support,13,0,0,36,1,287.49
General Enquiry,11,6,1,36,2,64.8
General Enquiry,15,4,0,7,4,8.84
Customer Support,10,1,0,42,3,88.8
Document Verification,13,3,0,23,1,138.97
Bill Payment,17,1,0,14,2,23.86
Account Services,16,2,0,20,3,52.4
General Enquiry,12,4,0,20,2,38.72
Document Verification,17,2,0,35,3,70.15
General Enquiry,9,5,1,38,2,85.63
Customer Support,11,1,0,2,4,0.5
Customer Support,13,2,0,43,1,286.52
Bill Payment,12,6,1,30,3,35.78
Customer Support,16,1,0,15,3,39.81
Customer Support,16,6,1,10,3,20.32
General Enquiry,10,0,0,10,2,19.23
Document Verification,11,6,1,45,4,73.35
Account Services,10,2,0,4,4,8.09
General Enquiry,16,6,1,45,4,38.99
Document Verification,15,0,0,22,1,115.6
Customer Support,12,1,0,36,3,94.72
Customer Support,14,3,0,19,1,128.38
General Enquiry,11,2,0,20,4,23.3
Customer Support,9,6,1,53,3,126.08
Document Verification,10,2,0,7,2,20.7
Customer Support,13,2,0,31,3,73.35
General Enquiry,14,5,1,13,2,27.81
Customer Support,11,2,0,22,1,166.4
Account Services,17,5,1,24,4,47.68
General Enquiry,14,1,0,32,1,113.95
Customer Support,16,2,0,50,2,196.79
Bill Payment,16,5,1,9,4,8.84
Bill Payment,10,4,0,33,2,65.17
General Enquiry,11,0,0,18,3,23.37
Account Services,12,1,0,36,2,161.28
General Enquiry,10,2,0,41,3,60.47
Bill Payment,10,3,0,7,1,23.02
Document Verification,12,4,0,23,2,56.21
Account Services,11,6,1,10,4,13.51
General Enquiry,13,1,0,14,1,61.23
Account Services,14,2,0,41,1,290.84
Bill Payment,12,5,1,43,3,42.2
Customer Support,15,1,0,17,4,26.14
Customer Support,16,3,0,8,1,58.15
Customer Support,9,3,0,44,3,103.27
Customer Support,9,2,0,10,4,15.94
Customer Support,14,2,0,39,2,138.85
Document Verification,11,3,0,36,1,228.31
Document Verification,13,2,0,4,3,6.21
Customer Support,12,0,0,31,3,78.89
Document Verification,16,0,0,46,4,77.9
General Enquiry,14,0,0,58,2,125.2
Bill Payment,17,2,0,22,3,25.86
Customer Support,13,5,1,31,4,59.75
General Enquiry,10,0,0,57,1,196.8
Account Services,13,5,1,21,1,165.14
Customer Support,15,5,1,21,1,157.44
Customer Support,9,0,0,26,4,45.56
Customer Support,11,0,0,34,2,133.1
Account Services,17,6,1,10,1,78.39
Bill Payment,11,3,0,25,2,44.91
Document Verification,14,6,1,19,4,25.8
Customer Support,10,0,0,48,3,102.2
Account Services,13,5,1,30,1,236.94
Bill Payment,15,2,0,15,2,26.23
Bill Payment,16,5,1,62,1,188.86
General Enquiry,14,0,0,34,1,121.42
Document Verification,17,5,1,10,1,67.77
Account Services,9,6,1,7,3,17.13
General Enquiry,12,3,0,25,3,28.74
General Enquiry,14,1,0,32,3,43.99
Account Services,14,6,1,46,2,177.43
General Enquiry,13,4,0,8,2,16.8
Document Verification,17,1,0,25,1,145.89
Document Verification,11,1,0,18,3,34.68
Customer Support,14,5,1,65,1,498.18
General Enquiry,13,2,0,51,3,59.44
General Enquiry,9,3,0,42,3,57.07
Account Services,10,0,0,32,4,59.14
General Enquiry,15,4,0,15,4,17.25
Document Verification,13,0,0,31,4,40.53
Document Verification,15,1,0,4,2,12.1
Document Verification,16,4,0,33,2,87.58
Account Services,13,1,0,26,3,75.52
Document Verification,12,1,0,14,4,20.82
Account Services,9,5,1,20,1,158.4
General Enquiry,10,4,0,6,3,10.97
General Enquiry,14,5,1,34,4,39.24
Customer Support,15,3,0,16,1,99.03
Bill Payment,13,2,0,35,3,38.61
General Enquiry,11,2,0,22,4,18.92
Customer Support,12,6,1,33,4,62.01
Bill Payment,17,4,0,10,4,6.57
General Enquiry,9,3,0,53,1,242.76
Bill Payment,14,6,1,8,4,7.08
General Enquiry,17,5,1,38,4,36.71
General Enquiry,15,0,0,4,4,4.21
Account Services,14,6,1,28,2,125.51
Account Services,12,6,1,20,2,70.76
Document Verification,16,4,0,36,3,70.92
General Enquiry,12,3,0,24,3,29.86
Customer Support,16,0,0,17,2,68.55
Customer Support,12,1,0,26,4,50.76
Document Verification,17,3,0,47,2,134.06
Account Services,17,6,1,28,2,109.5
General Enquiry,13,3,0,56,4,65.24
Customer Support,15,6,1,11,1,91.61
General Enquiry,17,4,0,14,1,55.13
Customer Support,14,5,1,22,3,60.75
General Enquiry,15,4,0,10,4,12.91
Document Verification,9,2,0,47,3,86.95
Document Verification,15,5,1,9,3,20.34
Account Services,15,3,0,26,1,192.66
Bill Payment,10,0,0,29,1,102.56
Document Verification,14,6,1,12,3,23.65
Bill Payment,12,0,0,6,2,10.36
Account Services,13,3,0,41,3,116.82
Customer Support,13,3,0,9,2,30.19
Account Services,17,4,0,26,4,52.06
Bill Payment,10,0,0,25,2,48.91
Bill Payment,16,3,0,33,3,40.51
General Enquiry,16,6,1,58,4,65.57
General Enquiry,17,6,1,32,1,114.59
Bill Payment,13,3,0,53,3,60.6
Bill Payment,16,6,1,17,1,67.61
Account Services,14,5,1,37,2,135.64
Customer Support,10,4,0,12,4,25.68
General Enquiry,15,0,0,6,1,24.0
Account Services,11,5,1,4,1,32.3
Bill Payment,9,6,1,4,3,4.05
Customer Support,17,3,0,37,1,247.47
Document Verification,10,5,1,58,3,126.27
Bill Payment,10,5,1,12,3,16.0
General Enquiry,11,2,0,34,1,127.67
Bill Payment,14,6,1,27,2,42.71
General Enquiry,12,0,0,34,1,116.98
Bill Payment,17,5,1,12,4,11.28
Account Services,15,4,0,10,1,75.51
Document Verification,13,5,1,65,3,120.09
Customer Support,17,6,1,24,1,151.37
Bill Payment,11,4,0,27,1,93.31
Customer Support,16,4,0,30,2,110.16
Document Verification,9,0,0,69,4,103.59
Document Verification,10,2,0,55,2,164.45
Account Services,16,4,0,23,4,49.09
Document Verification,14,3,0,7,2,14.64
Document Verification,13,0,0,8,3,15.48
Customer Support,10,3,0,23,4,40.98
Bill Payment,9,3,0,22,3,26.72
Customer Support,15,4,0,7,4,15.62
Account Services,14,5,1,45,2,200.28
Customer Support,15,5,1,2,2,1.71
Customer Support,10,5,1,5,3,13.92
Account Services,12,4,0,37,4,81.57
Customer Support,12,5,1,8,3,16.71
Account Services,9,2,0,52,1,366.82
Account Services,9,6,1,41,1,340.35
Account Services,9,4,0,42,2,187.48
Account Services,10,5,1,24,4,44.09
General Enquiry,10,6,1,57,1,248.27
Customer Support,15,0,0,34,4,60.92
Customer Support,14,4,0,24,1,185.94
Document Verification,10,5,1,28,2,81.61
Account Services,15,1,0,1,1,6.56
Document Verification,14,5,1,13,4,22.29
Document Verification,13,0,0,76,4,111.61
Customer Support,14,4,0,45,4,80.7
General Enquiry,15,2,0,9,3,13.61
General Enquiry,17,5,1,4,1,18.9
General Enquiry,17,5,1,26,3,28.92
Bill Payment,9,2,0,36,4,28.55
Customer Support,10,5,1,42,1,284.97
Bill Payment,16,3,0,33,4,25.36
Customer Support,11,0,0,22,2,69.28
General Enquiry,12,1,0,20,1,83.8
Bill Payment,9,2,0,42,4,38.69
Document Verification,15,1,0,27,4,38.72
Account Services,15,0,0,26,2,90.37
Bill Payment,14,5,1,4,4,3.97
General Enquiry,17,1,0,24,2,51.91
Bill Payment,17,4,0,30,3,33.32
General Enquiry,14,1,0,29,3,44.24
Bill Payment,13,0,0,54,1,180.07
Account Services,14,1,0,17,4,32.46
Bill Payment,17,4,0,22,4,19.17
Customer Support,10,5,1,33,2,106.17
Bill Payment,11,0,0,29,3,37.72
Bill Payment,17,4,0,16,4,14.3
Bill Payment,9,2,0,62,4,51.92
Bill Payment,12,5,1,6,2,12.3
Document Verification,14,4,0,59,2,169.19
Account Services,11,4,0,40,3,105.11
Account Services,12,6,1,25,2,90.8
Bill Payment,12,4,0,34,3,38.13
Document Verification,11,4,0,13,3,25.21
Bill Payment,14,4,0,12,3,12.52
Customer Support,11,4,0,1,3,1.91
Bill Payment,9,5,1,47,1,149.54
Document Verification,14,5,1,21,1,123.56
Bill Payment,10,3,0,39,1,131.5
Document Verification,16,6,1,29,2,95.67
Document Verification,11,0,0,43,1,235.31
Bill Payment,13,5,1,60,4,59.11
Customer Support,10,4,0,54,4,105.06
Bill Payment,14,4,0,46,3,53.84
Bill Payment,16,0,0,40,1,126.71
General Enquiry,13,1,0,45,1,185.83
Document Verification,12,6,1,35,3,69.55
Document Verification,15,4,0,34,3,70.32
General Enquiry,14,3,0,9,4,10.81
General Enquiry,11,0,0,4,4,2.26
General Enquiry,10,0,0,39,2,79.91
General Enquiry,17,0,0,25,4,23.09
Customer Support,16,1,0,20,3,45.17
Customer Support,15,6,1,13,3,30.99
Account Services,14,5,1,54,1,465.1
Customer Support,15,2,0,18,3,36.5
General Enquiry,14,5,1,68,1,257.67
Account Services,10,0,0,55,4,119.59
Document Verification,13,1,0,29,2,90.11
Account Services,14,3,0,37,3,100.27
General Enquiry,10,2,0,9,3,12.42
Account Services,11,1,0,18,2,74.15
General Enquiry,10,6,1,16,4,16.51
General Enquiry,17,1,0,32,3,46.1
Document Verification,13,4,0,50,4,62.81
Document Verification,10,2,0,31,4,43.49
General Enquiry,11,1,0,18,1,62.89
General Enquiry,12,2,0,20,1,67.78
Customer Support,14,5,1,38,4,69.25
Document Verification,12,6,1,23,4,35.82
General Enquiry,16,0,0,7,1,28.29
Account Services,12,6,1,1,4,0.5
Account Services,9,5,1,19,2,75.54
Document Verification,11,3,0,18,4,21.95
Document Verification,9,1,0,24,2,75.4
Bill Payment,17,4,0,34,4,29.59
Document Verification,15,3,0,13,1,75.39
Customer Support,16,4,0,20,2,72.5
Document Verification,17,6,1,13,2,41.22
Account Services,10,0,0,53,4,116.61
Account Services,13,3,0,20,3,47.46
General Enquiry,16,3,0,33,2,67.19
Document Verification,17,4,0,3,1,19.92
General Enquiry,17,2,0,3,2,8.04
Document Verification,17,6,1,32,1,208.56
Bill Payment,16,4,0,12,2,20.22
Customer Support,17,3,0,14,3,30.7
Customer Support,9,5,1,32,1,221.97
General Enquiry,15,5,1,9,4,5.58
General Enquiry,13,4,0,23,1,102.24
Document Verification,15,4,0,3,3,4.24
Bill Payment,9,5,1,27,2,52.42
Account Services,9,0,0,32,3,75.75
Customer Support,17,4,0,21,4,36.06
Bill Payment,10,3,0,36,1,117.95
Account Services,15,0,0,3,1,19.87
Customer Support,10,3,0,18,2,63.9
Customer Support,12,6,1,29,4,44.45
Account Services,12,1,0,41,3,121.8
Bill Payment,15,2,0,15,3,20.09
Document Verification,9,3,0,60,3,123.75
Customer Support,9,1,0,39,4,73.06
Account Services,13,0,0,52,2,176.7
General Enquiry,12,6,1,25,2,43.01
Customer Support,14,4,0,13,2,39.89
Document Verification,12,2,0,2,3,7.89
Document Verification,16,3,0,36,2,102.79
Account Services,9,4,0,43,1,349.96
Customer Support,9,6,1,12,2,35.49
Customer Support,15,3,0,34,2,117.02
Account Services,17,0,0,43,3,99.58
Document Verification,16,4,0,18,4,29.38
General Enquiry,16,3,0,4,4,1.7
Account Services,10,2,0,45,2,155.13
Customer Support,15,4,0,20,2,64.31
Account Services,16,1,0,47,3,123.69
Document Verification,12,4,0,41,3,89.34
Bill Payment,15,0,0,18,4,15.16
Bill Payment,14,1,0,51,4,47.23
Document Verification,15,4,0,13,2,28.9
Account Services,13,6,1,58,2,205.65
Document Verification,17,4,0,45,1,236.29
Account Services,15,3,0,24,4,54.17
Bill Payment,10,2,0,53,2,87.49
Account Services,10,0,0,44,4,89.88
Bill Payment,15,6,1,15,4,10.49
Account Services,14,1,0,58,3,165.81
Account Services,15,1,0,18,4,35.41
Customer Support,14,2,0,38,2,126.8
Document Verification,14,5,1,67,3,118.53
Document Verification,10,1,0,54,3,106.62
Customer Support,16,0,0,38,4,68.77
Customer Support,10,2,0,37,3,77.85
Account Services,16,5,1,47,1,402.68
Customer Support,9,5,1,19,3,49.2
General Enquiry,13,2,0,46,4,45.89
Bill Payment,14,2,0,57,2,112.82
Customer Support,10,1,0,19,3,49.41
Bill Payment,12,1,0,11,2,23.68
Bill Payment,15,1,0,33,3,37.2
Bill Payment,11,0,0,13,3,16.2
Bill Payment,10,0,0,28,3,39.37
Customer Support,15,1,0,4,1,27.29
Customer Support,9,6,1,18,4,28.31
Document Verification,16,2,0,15,2,42.61
Account Services,13,0,0,60,1,414.24
Document Verification,15,6,1,44,2,150.04
Account Services,10,1,0,47,2,168.02
Account Services,11,5,1,8,2,39.57
Account Services,17,3,0,25,1,203.51
Bill Payment,9,5,1,28,4,21.08
Bill Payment,10,0,0,9,4,7.82
Document Verification,17,2,0,50,4,77.56
Bill Payment,13,5,1,35,4,26.94
General Enquiry,11,6,1,20,1,91.59
Customer Support,9,4,0,51,1,322.58
Document Verification,10,0,0,51,2,134.86
Account Services,13,3,0,13,2,52.88
Account Services,15,3,0,34,2,129.64
Bill Payment,17,6,1,35,3,41.9
Document Verification,16,2,0,50,4,83.87
Bill Payment,14,6,1,64,3,71.43
Customer Support,16,2,0,29,1,230.3
Bill Payment,11,4,0,24,3,24.25
General Enquiry,13,3,0,12,1,52.06
Document Verification,14,5,1,57,4,84.22
General Enquiry,16,0,0,33,3,50.18
Account Services,16,1,0,45,1,387.71
Customer Support,13,2,0,8,3,14.18
Customer Support,16,1,0,24,4,41.87
Document Verification,15,2,0,27,2,80.1
General Enquiry,15,2,0,23,4,26.78
Customer Support,14,6,1,58,4,89.43
Account Services,13,4,0,48,2,176.38
Document Verification,16,3,0,38,4,53.07
Bill Payment,17,2,0,21,3,22.18
Account Services,17,3,0,41,1,316.01
Customer Support,14,5,1,35,2,137.89
General Enquiry,10,3,0,23,3,31.23
Customer Support,12,2,0,2,4,4.31
Bill Payment,12,5,1,13,4,11.87
Bill Payment,12,5,1,25,4,26.66
Account Services,13,3,0,41,1,305.5
Account Services,16,4,0,8,4,13.59
General Enquiry,11,0,0,29,3,39.25
Bill Payment,11,5,1,16,3,21.63
General Enquiry,16,2,0,16,1,61.55
Customer Support,16,2,0,42,4,69.66
Bill Payment,13,5,1,7,2,10.11
Account Services,13,0,0,15,4,23.38
Bill Payment,16,2,0,43,1,134.61
Account Services,10,4,0,13,2,56.76
Customer Support,11,5,1,29,1,209.14
Bill Payment,14,0,0,68,3,87.1
Customer Support,9,5,1,17,2,54.45
Account Services,11,4,0,17,4,31.48
Account Services,11,6,1,10,1,83.32
Bill Payment,17,3,0,30,3,37.31
Customer Support,14,4,0,25,2,94.73
Account Services,16,4,0,31,4,60.02
Bill Payment,11,6,1,28,4,22.19
Account Services,9,1,0,13,2,59.05
Account Services,12,2,0,26,3,60.69
Bill Payment,14,0,0,29,2,52.73
Customer Support,10,6,1,43,4,74.83
General Enquiry,14,0,0,40,3,60.84
Document Verification,17,1,0,32,2,103.64
Account Services,9,3,0,47,4,83.34
Bill Payment,13,4,0,34,3,38.02
General Enquiry,15,2,0,27,1,114.4
Customer Support,10,3,0,15,2,58.19
Account Services,13,3,0,9,3,18.5
Customer Support,17,5,1,38,3,78.61
General Enquiry,9,2,0,57,1,215.96
Customer Support,12,1,0,4,2,15.17
General Enquiry,11,4,0,25,3,37.15
General Enquiry,15,2,0,17,3,22.65
Account Services,14,4,0,39,2,158.21
General Enquiry,16,6,1,3,4,6.78
General Enquiry,16,4,0,42,3,48.35
Account Services,14,0,0,48,2,200.03
Customer Support,16,5,1,20,4,44.27
General Enquiry,14,2,0,42,2,84.23
Customer Support,10,3,0,42,2,138.09
Account Services,12,6,1,8,1,59.9
Customer Support,16,0,0,7,2,26.07
General Enquiry,14,2,0,17,3,23.31
Account Services,10,5,1,64,2,251.61
General Enquiry,16,1,0,24,4,23.39
General Enquiry,9,2,0,34,3,37.72
Document Verification,12,6,1,43,1,219.2
Account Services,17,4,0,22,4,47.11
General Enquiry,13,6,1,47,2,108.01
Bill Payment,14,0,0,34,1,106.97
Bill Payment,13,5,1,61,2,118.17
Account Services,12,5,1,33,1,240.48
Customer Support,12,2,0,2,3,6.0
General Enquiry,16,1,0,8,4,11.84
Document Verification,15,6,1,20,3,42.39
Bill Payment,13,2,0,12,1,46.04
Customer Support,15,2,0,4,4,10.37
Bill Payment,15,5,1,33,1,127.17
Customer Support,16,4,0,19,3,49.05
Customer Support,11,6,1,36,4,64.71
Account Services,10,5,1,27,4,57.57
Document Verification,17,2,0,8,4,11.19
Bill Payment,10,4,0,50,1,197.22
Customer Support,13,6,1,70,2,231.73
Document Verification,12,6,1,2,1,13.38
Account Services,16,0,0,50,3,142.23
Customer Support,16,0,0,52,4,95.22
Bill Payment,14,0,0,18,4,13.4
Account Services,13,2,0,20,3,66.12
Bill Payment,10,3,0,56,2,100.07
Document Verification,11,1,0,11,3,22.48
General Enquiry,11,3,0,26,3,38.23
Customer Support,9,5,1,55,1,326.67
General Enquiry,11,3,0,20,4,20.59
General Enquiry,13,1,0,18,4,20.87
General Enquiry,12,1,0,22,1,96.13
General Enquiry,11,2,0,17,1,70.22
General Enquiry,16,1,0,23,1,96.47
Customer Support,16,1,0,48,2,157.82
Account Services,9,4,0,48,3,134.19
General Enquiry,10,6,1,58,3,80.56
Customer Support,9,1,0,5,1,29.83
Bill Payment,15,0,0,5,4,1.05
General Enquiry,12,2,0,8,4,5.86
General Enquiry,11,3,0,24,4,26.24
Customer Support,16,5,1,10,2,34.77
Bill Payment,10,0,0,38,3,41.49
Customer Support,16,2,0,36,4,73.02
Document Verification,16,6,1,23,4,32.09
General Enquiry,9,6,1,50,3,61.58
Customer Support,15,1,0,14,2,47.73
Account Services,11,1,0,16,1,118.06
General Enquiry,11,0,0,14,1,63.14
Bill Payment,17,6,1,27,1,98.97
General Enquiry,13,4,0,52,4,48.52
General Enquiry,10,5,1,60,2,107.14
Document Verification,9,2,0,48,4,63.23
Document Verification,11,4,0,4,1,23.29
Customer Support,9,6,1,42,4,75.09
General Enquiry,9,6,1,12,2,25.5
Bill Payment,11,4,0,37,1,142.94
Document Verification,16,2,0,4,3,7.61
General Enquiry,14,2,0,11,1,45.16
Document Verification,11,5,1,24,4,38.45
General Enquiry,9,0,0,66,3,99.65
Account Services,17,1,0,42,4,74.93
Document Verification,16,6,1,24,1,141.27
Bill Payment,13,2,0,9,3,12.05
Account Services,17,4,0,11,4,20.32
Customer Support,15,1,0,24,4,47.59
Bill Payment,12,4,0,17,4,14.62
Bill Payment,17,3,0,8,4,2.74
Account Services,14,2,0,25,2,84.34
Document Verification,14,1,0,49,2,137.66
Bill Payment,14,2,0,22,2,38.39
Account Services,13,4,0,34,4,61.32
Bill Payment,17,5,1,29,4,26.3
Bill Payment,14,0,0,14,1,44.21
Account Services,15,1,0,17,1,118.8
General Enquiry,11,1,0,5,2,9.56
Customer Support,17,1,0,30,2,92.03
Customer Support,15,6,1,2,4,9.54
Account Services,10,1,0,61,1,409.18
General Enquiry,14,0,0,14,4,14.29
Bill Payment,13,3,0,54,4,44.5
Bill Payment,15,3,0,23,2,36.95
Customer Support,12,1,0,18,3,36.66
Customer Support,16,3,0,31,4,53.15
Bill Payment,13,5,1,9,2,15.01
Account Services,16,2,0,14,3,42.47
Bill Payment,13,3,0,12,1,49.89
Document Verification,14,1,0,45,2,123.57
General Enquiry,12,0,0,20,3,22.73
General Enquiry,14,0,0,21,2,46.3
Document Verification,13,4,0,48,3,83.82
General Enquiry,10,0,0,13,3,18.02
Document Verification,12,5,1,24,3,54.98
Document Verification,14,1,0,48,2,136.96
Account Services,10,4,0,10,3,33.94
Bill Payment,9,6,1,78,3,80.52
Customer Support,12,3,0,22,2,80.9
General Enquiry,17,4,0,8,3,9.41
Bill Payment,12,6,1,5,1,15.52
Customer Support,14,0,0,56,2,169.92
Account Services,9,4,0,7,1,61.45
Document Verification,16,5,1,65,1,417.74
Customer Support,13,6,1,69,1,435.53
Customer Support,9,1,0,6,2,27.33
General Enquiry,12,4,0,3,3,3.4
General Enquiry,15,3,0,24,2,53.11
Document Verification,15,4,0,26,2,78.17
Bill Payment,9,6,1,4,1,14.68
Account Services,13,5,1,9,1,82.03
Document Verification,15,2,0,12,1,69.14
Customer Support,14,4,0,42,2,128.59
General Enquiry,9,1,0,19,1,83.85
Bill Payment,16,1,0,35,3,40.49
General Enquiry,9,1,0,18,4,16.47
General Enquiry,17,4,0,55,3,78.91
Bill Payment,17,0,0,26,1,100.78
Account Services,12,0,0,19,4,39.88
Account Services,12,5,1,20,2,90.44
Bill Payment,10,4,0,45,1,152.41
Account Services,10,4,0,6,1,54.08
Bill Payment,17,0,0,18,3,20.64
Document Verification,16,3,0,55,2,158.7
Customer Support,9,6,1,19,3,47.65
General Enquiry,12,1,0,16,4,17.97
Account Services,14,2,0,49,3,152.44
Bill Payment,13,4,0,36,3,40.2
Account Services,17,6,1,27,3,70.19
Account Services,10,6,1,46,3,134.4
Document Verification,16,3,0,32,2,87.41
Customer Support,13,2,0,58,2,174.34
Customer Support,12,2,0,23,1,166.05
Account Services,9,4,0,13,3,37.66
Document Verification,10,2,0,60,2,176.8
Account Services,16,4,0,29,4,65.03
Account Services,10,0,0,82,1,686.3
Account Services,11,5,1,15,3,36.76
Customer Support,17,2,0,14,4,19.3
Bill Payment,13,2,0,49,2,77.48
Account Services,15,4,0,18,2,71.63
General Enquiry,17,6,1,52,3,79.94
Document Verification,9,1,0,67,1,460.65
General Enquiry,14,0,0,66,1,282.59
Account Services,12,6,1,21,3,49.1
General Enquiry,9,1,0,28,1,112.01
Bill Payment,9,5,1,53,4,49.09
Customer Support,13,6,1,43,4,87.4
Document Verification,17,6,1,17,1,110.46
Document Verification,15,4,0,12,4,17.38
Account Services,15,2,0,14,2,53.98
Bill Payment,9,1,0,10,3,13.19
Bill Payment,12,1,0,13,3,16.31
Document Verification,11,2,0,28,2,76.42
Bill Payment,16,0,0,62,3,66.11
General Enquiry,16,3,0,2,4,4.07
Document Verification,11,1,0,24,4,32.42
General Enquiry,13,3,0,33,1,133.03
Customer Support,12,6,1,18,1,136.9
Bill Payment,12,6,1,35,4,25.26
Document Verification,16,2,0,44,2,116.38
General Enquiry,13,2,0,13,3,14.68
Document Verification,9,4,0,46,2,126.26
Customer Support,15,5,1,12,2,45.72
General Enquiry,10,2,0,26,3,30.11
Account Services,9,0,0,69,2,305.82
Document Verification,17,4,0,55,1,341.22
Document Verification,12,2,0,4,1,28.71
Customer Support,9,0,0,64,1,384.1
Customer Support,16,5,1,57,4,95.5
Bill Payment,16,2,0,29,4,27.1
Bill Payment,14,5,1,20,1,70.42
Document Verification,12,6,1,18,2,46.29
Account Services,16,5,1,38,3,92.39
Bill Payment,12,6,1,34,4,28.06
Account Services,17,0,0,34,3,81.9
General Enquiry,9,4,0,7,2,15.53
Customer Support,10,1,0,14,4,21.81
General Enquiry,12,3,0,16,1,63.61
Bill Payment,14,0,0,24,4,21.41
Account Services,16,0,0,35,4,73.56
Account Services,16,4,0,41,2,175.49
Bill Payment,15,4,0,2,1,7.08
Account Services,15,6,1,10,2,41.39
Account Services,15,4,0,22,1,168.44
Bill Payment,16,2,0,32,2,59.88
Customer Support,12,6,1,22,4,44.04
Document Verification,14,5,1,53,3,97.77
Document Verification,15,2,0,41,3,80.9
Bill Payment,15,2,0,22,2,33.74
Bill Payment,16,4,0,3,4,2.32
Document Verification,11,1,0,32,3,68.14
General Enquiry,15,0,0,17,3,16.99
Account Services,12,2,0,16,1,112.74
Customer Support,16,1,0,12,4,22.42
Customer Support,11,6,1,18,1,115.52
Account Services,13,0,0,69,3,200.96
General Enquiry,12,2,0,25,4,26.36
Document Verification,15,3,0,28,1,148.13
Customer Support,17,4,0,29,4,48.37
Account Services,17,2,0,44,2,200.79
General Enquiry,12,4,0,11,1,39.06
Account Services,15,6,1,45,1,347.84
Document Verification,15,3,0,33,4,53.5
Customer Support,12,5,1,31,3,71.83
Bill Payment,16,2,0,19,2,29.81
Bill Payment,12,2,0,5,3,4.94
Document Verification,10,1,0,60,4,99.35
Customer Support,14,1,0,16,2,56.92
Account Services,16,0,0,20,4,36.23
General Enquiry,12,5,1,6,1,23.37
Customer Support,13,3,0,28,4,45.48
Document Verification,13,5,1,56,4,80.63
Bill Payment,16,2,0,36,3,41.02
Customer Support,14,0,0,22,4,42.6
Document Verification,14,0,0,66,1,378.96
Bill Payment,16,2,0,38,2,64.79
Customer Support,11,6,1,37,1,274.2
General Enquiry,11,6,1,41,4,40.77
Document Verification,10,0,0,64,1,404.49
Customer Support,15,4,0,24,2,93.67
General Enquiry,16,6,1,65,2,130.93
Account Services,16,3,0,39,2,145.48
Customer Support,12,4,0,4,2,21.54
Document Verification,17,6,1,8,4,9.91
Account Services,15,4,0,15,4,24.67
Account Services,16,0,0,61,2,231.95
Account Services,15,3,0,18,2,66.89
General Enquiry,16,5,1,4,2,8.99
Document Verification,9,6,1,49,3,87.3
Customer Support,17,2,0,27,3,63.98
General Enquiry,10,4,0,29,4,32.01
Account Services,16,2,0,13,1,121.33
Account Services,9,4,0,31,1,270.41
Customer Support,17,4,0,31,4,55.98
Customer Support,13,6,1,9,1,63.07
General Enquiry,9,0,0,16,3,19.88
Bill Payment,16,6,1,47,2,79.06
Bill Payment,15,4,0,42,3,45.45
Document Verification,14,5,1,26,1,175.92
Account Services,11,3,0,8,1,60.66
Document Verification,12,2,0,2,1,12.79
Document Verification,16,3,0,50,3,90.91
Bill Payment,14,5,1,55,1,190.18
General Enquiry,13,4,0,14,3,19.61
Document Verification,10,5,1,26,3,55.51
Account Services,14,4,0,41,1,310.52
Document Verification,17,2,0,48,1,328.44
Document Verification,16,6,1,55,3,115.06
Document Verification,12,3,0,28,4,37.93
Customer Support,16,6,1,44,2,140.96
Customer Support,11,5,1,13,4,21.53
Bill Payment,15,2,0,39,3,46.75
General Enquiry,15,5,1,35,4,38.75
General Enquiry,12,5,1,9,1,33.15
Customer Support,14,6,1,9,4,13.64
Customer Support,10,5,1,55,1,377.1
Bill Payment,14,3,0,48,4,38.3
Customer Support,9,5,1,29,3,65.17
General Enquiry,12,3,0,3,3,3.76
Document Verification,17,6,1,63,2,182.93
Customer Support,17,4,0,15,1,115.72
Bill Payment,14,3,0,33,2,64.85
Bill Payment,11,0,0,27,1,89.81
General Enquiry,12,6,1,30,4,35.16
Document Verification,12,0,0,6,3,12.33
Bill Payment,17,0,0,36,3,35.29
Document Verification,11,0,0,8,3,12.78
Account Services,13,0,0,27,1,237.74
Account Services,13,0,0,14,1,101.98
Document Verification,13,5,1,27,3,59.76
Document Verification,14,3,0,20,1,136.52
Customer Support,9,3,0,8,2,30.22
Bill Payment,16,1,0,33,2,54.28
Document Verification,13,4,0,28,4,43.8
Account Services,15,5,1,38,1,300.76
General Enquiry,15,3,0,8,2,11.23
Document Verification,15,4,0,9,2,29.38
Bill Payment,9,2,0,11,3,12.68
General Enquiry,10,3,0,10,2,19.43
General Enquiry,9,5,1,17,2,30.89
Document Verification,16,2,0,29,4,48.28
Customer Support,16,0,0,13,3,25.36
Account Services,13,0,0,45,4,86.5
Customer Support,12,5,1,35,4,66.35
Account Services,13,2,0,4,2,15.32
Bill Payment,13,5,1,56,4,45.6
Document Verification,11,0,0,42,4,56.48
Account Services,12,1,0,18,3,41.2
Bill Payment,15,3,0,8,2,15.24
Document Verification,12,5,1,24,1,154.4
Account Services,10,5,1,6,4,12.7
Customer Support,17,1,0,32,4,54.39
Customer Support,10,2,0,12,3,22.71
Customer Support,12,5,1,19,2,57.61
General Enquiry,15,4,0,13,4,12.01
Account Services,9,4,0,13,1,105.37
Customer Support,14,3,0,36,3,77.54
Document Verification,10,2,0,31,2,87.42
Bill Payment,9,2,0,23,2,37.99
Bill Payment,11,5,1,28,2,55.23
Account Services,15,5,1,12,2,44.43
Document Verification,13,1,0,24,1,164.95
Bill Payment,9,1,0,49,4,48.54
Customer Support,16,4,0,55,2,219.08
Document Verification,15,5,1,32,2,85.7
General Enquiry,11,2,0,34,3,38.46
Account Services,11,0,0,45,3,132.83
Bill Payment,14,3,0,33,4,28.0
General Enquiry,16,5,1,18,4,12.88
Customer Support,15,6,1,21,4,38.37
Bill Payment,9,2,0,49,4,44.05
Document Verification,9,4,0,19,4,31.17
Customer Support,14,0,0,24,3,58.93
Customer Support,9,4,0,54,3,109.21
Bill Payment,9,5,1,52,2,77.78
Bill Payment,16,3,0,8,1,30.08
Document Verification,11,4,0,28,1,174.54
Document Verification,9,6,1,10,3,21.25
General Enquiry,16,3,0,11,2,22.1
Document Verification,10,4,0,24,2,78.38
Document Verification,17,2,0,7,3,10.14
Account Services,9,0,0,8,3,26.09
Customer Support,16,0,0,22,4,36.63
Customer Support,14,6,1,13,2,46.95
General Enquiry,12,1,0,33,2,59.78
Account Services,9,6,1,61,3,145.2
Document Verification,17,1,0,20,4,34.83
Customer Support,12,6,1,25,1,195.49
Account Services,10,0,0,51,2,220.89
Document Verification,12,1,0,13,1,71.05
Customer Support,13,3,0,46,3,106.72
Account Services,9,4,0,53,3,153.8
Bill Payment,14,5,1,13,2,26.15
Customer Support,11,5,1,18,2,59.75
Account Services,11,6,1,4,3,4.98
Bill Payment,17,5,1,48,4,42.54
Bill Payment,10,2,0,60,2,120.73
Document Verification,11,3,0,15,1,79.54
General Enquiry,16,1,0,12,1,52.15
Document Verification,12,4,0,10,2,24.95
Bill Payment,13,3,0,46,1,162.12
Account Services,14,5,1,42,3,113.21
General Enquiry,9,2,0,38,4,31.96
Bill Payment,9,2,0,43,2,76.38
Customer Support,12,4,0,30,3,62.3
Customer Support,15,3,0,5,4,10.92
Account Services,15,6,1,2,3,6.65
Customer Support,15,2,0,23,3,62.42
Account Services,12,6,1,8,4,14.48
Account Services,15,6,1,2,2,6.71
Bill Payment,15,4,0,18,3,18.77
General Enquiry,15,2,0,17,3,24.37
Account Services,17,1,0,14,1,121.59
Bill Payment,14,3,0,33,2,62.43
Document Verification,13,3,0,3,2,5.32
General Enquiry,14,2,0,43,1,174.08
Bill Payment,14,1,0,3,3,4.59
Customer Support,11,0,0,18,3,41.12
Bill Payment,12,0,0,49,1,155.64
Document Verification,14,5,1,67,4,111.48
Customer Support,12,4,0,22,1,156.18
Document Verification,16,1,0,37,2,105.64
Bill Payment,16,1,0,41,4,33.99
Customer Support,14,3,0,4,3,5.18
General Enquiry,9,1,0,33,3,48.58
General Enquiry,14,3,0,46,4,44.35
Document Verification,11,3,0,35,4,57.33
Document Verification,10,4,0,29,3,63.15
Document Verification,11,0,0,16,3,32.71
General Enquiry,13,5,1,68,2,139.25
Document Verification,11,0,0,50,3,94.38
Customer Support,16,5,1,9,4,19.61
Document Verification,12,2,0,18,2,55.74
General Enquiry,9,0,0,66,2,140.6
Document Verification,10,2,0,54,2,182.81
Customer Support,15,4,0,18,2,67.6
General Enquiry,11,6,1,12,1,43.99
General Enquiry,12,2,0,34,2,69.28
Document Verification,11,4,0,18,1,97.04
Document Verification,17,0,0,5,2,11.42
Document Verification,13,1,0,23,4,36.39
Bill Payment,9,1,0,9,3,10.79
Document Verification,14,0,0,15,2,45.99
Account Services,11,1,0,9,2,45.45
Customer Support,14,5,1,35,2,129.5
Account Services,15,1,0,14,1,96.77
Customer Support,16,6,1,38,3,84.46
General Enquiry,14,0,0,45,1,156.94
General Enquiry,12,5,1,24,1,95.61
Customer Support,15,3,0,13,3,28.6
Bill Payment,14,3,0,52,2,85.16
Document Verification,13,0,0,61,3,138.64
Account Services,10,0,0,22,2,78.56
Customer Support,9,0,0,65,1,490.49
Document Verification,15,3,0,19,1,126.52
Customer Support,10,1,0,37,2,148.6
Document Verification,16,0,0,50,4,78.69
Account Services,9,3,0,52,3,145.21
General Enquiry,11,3,0,29,2,48.82
Bill Payment,13,3,0,28,2,45.23
Bill Payment,14,1,0,30,3,31.21
Customer Support,9,6,1,13,2,46.6
Bill Payment,15,6,1,22,4,14.98
Bill Payment,16,4,0,46,1,165.15
Document Verification,16,3,0,12,1,68.39
General Enquiry,11,3,0,22,1,95.47
Customer Support,16,6,1,10,4,19.93
Customer Support,11,5,1,36,4,70.32
General Enquiry,9,6,1,38,2,74.13
Document Verification,16,6,1,36,3,72.47
Document Verification,14,4,0,38,3,57.92
Account Services,14,2,0,59,3,176.6
General Enquiry,14,4,0,13,2,24.1
Customer Support,9,1,0,7,3,18.92
Document Verification,9,5,1,65,3,147.66
General Enquiry,12,2,0,6,2,10.23
General Enquiry,9,6,1,8,2,11.0
Document Verification,12,2,0,27,2,84.43
Account Services,13,2,0,49,1,342.82
Customer Support,16,3,0,46,4,66.22
Document Verification,12,1,0,25,4,30.36
Document Verification,17,4,0,14,2,43.04
Bill Payment,17,2,0,23,2,44.11
Bill Payment,10,0,0,57,2,93.79
General Enquiry,16,3,0,27,3,33.02
Customer Support,9,2,0,30,4,52.99
Customer Support,15,4,0,4,3,3.95
Customer Support,17,5,1,56,1,339.96
Document Verification,16,6,1,28,4,45.0
General Enquiry,12,5,1,8,4,10.01
General Enquiry,9,2,0,55,4,57.97
General Enquiry,9,2,0,31,1,112.16
General Enquiry,16,5,1,43,4,44.36
Customer Support,13,4,0,32,3,65.93
Bill Payment,13,2,0,39,2,74.64
Bill Payment,12,1,0,7,3,8.31
Document Verification,12,3,0,10,2,31.01
Document Verification,10,6,1,58,1,306.54
Bill Payment,9,5,1,45,2,87.27
Document Verification,14,6,1,23,4,42.43
Document Verification,9,2,0,37,2,114.82
Bill Payment,10,6,1,6,3,8.51
Account Services,11,6,1,21,2,86.77
Bill Payment,12,4,0,15,2,29.87
Bill Payment,17,6,1,41,1,122.94
General Enquiry,17,3,0,40,3,47.58
Document Verification,11,5,1,29,2,77.15
Customer Support,15,0,0,37,1,259.33
Bill Payment,10,6,1,38,3,47.06
Document Verification,10,4,0,44,1,267.54
Account Services,16,4,0,13,3,36.74
Customer Support,9,5,1,51,1,388.95
Customer Support,12,5,1,23,4,50.27
Customer Support,9,0,0,69,3,172.51
Document Verification,11,5,1,22,4,37.79
Account Services,16,4,0,47,1,368.7
General Enquiry,10,1,0,22,1,74.31
Bill Payment,9,1,0,52,3,64.92
Account Services,15,6,1,12,3,31.74
Document Verification,16,1,0,19,1,101.02
Bill Payment,9,2,0,4,1,16.87
Document Verification,12,6,1,31,1,169.15
General Enquiry,9,5,1,3,2,3.64
Account Services,9,2,0,15,3,37.71
Customer Support,11,1,0,2,1,14.77
Document Verification,9,5,1,28,2,73.31
General Enquiry,14,0,0,26,3,29.7
General Enquiry,14,4,0,10,3,12.64
Document Verification,9,2,0,15,4,16.08
Customer Support,17,0,0,42,3,91.88
Document Verification,11,5,1,32,2,109.38
Customer Support,9,2,0,45,4,77.61
Customer Support,14,3,0,5,4,13.54
Account Services,13,6,1,35,4,66.38
General Enquiry,12,5,1,36,1,148.77
Customer Support,11,1,0,24,3,61.34
Account Services,11,5,1,41,2,141.0
Document Verification,17,0,0,49,4,61.27
Document Verification,15,5,1,3,1,22.93
Customer Support,9,5,1,7,4,11.81
Bill Payment,15,4,0,15,4,12.56
Document Verification,12,5,1,4,2,10.3
Account Services,13,2,0,57,1,515.59
Account Services,12,5,1,4,2,17.61
General Enquiry,10,6,1,20,4,20.58
Account Services,15,4,0,7,1,57.35
Document Verification,12,5,1,12,3,25.66
Bill Payment,9,6,1,58,3,57.3
Bill Payment,12,5,1,26,3,31.99
General Enquiry,17,1,0,34,4,31.66
Bill Payment,16,2,0,29,3,32.32
Document Verification,12,1,0,9,2,30.93
Document Verification,16,4,0,45,4,61.62
Customer Support,9,0,0,27,1,178.1
General Enquiry,17,1,0,45,4,42.67
Account Services,13,3,0,24,2,103.46
Account Services,11,5,1,24,4,57.56
General Enquiry,14,6,1,23,1,76.63
Document Verification,10,6,1,61,2,159.06
Bill Payment,12,0,0,18,2,29.62
General Enquiry,14,6,1,60,1,262.73
Document Verification,13,1,0,24,4,37.32
General Enquiry,13,4,0,24,4,23.24
General Enquiry,16,2,0,39,4,42.38
General Enquiry,15,3,0,26,3,32.83
Account Services,15,4,0,16,2,65.44
Account Services,17,5,1,54,2,209.52
Account Services,17,0,0,53,4,99.59
Account Services,13,5,1,46,4,88.25
Bill Payment,12,2,0,15,3,14.94
Account Services,16,2,0,4,1,29.94
Document Verification,14,4,0,11,3,23.92
Account Services,9,1,0,8,3,17.64
General Enquiry,17,6,1,46,1,194.05
Document Verification,13,4,0,30,4,38.69
Customer Support,13,3,0,32,1,240.62
General Enquiry,12,3,0,13,3,16.47
Account Services,16,6,1,10,4,9.47
Bill Payment,16,1,0,22,2,41.86
Customer Support,9,5,1,5,3,10.26
Bill Payment,17,0,0,44,4,42.31
Document Verification,9,3,0,42,4,54.84
Document Verification,12,2,0,37,4,64.48
Document Verification,17,4,0,38,1,210.65
Document Verification,16,0,0,62,2,158.88
Bill Payment,14,0,0,32,3,40.86
Bill Payment,15,5,1,13,2,20.04
Bill Payment,16,0,0,51,4,47.73
Document Verification,16,5,1,21,2,58.58
General Enquiry,14,0,0,25,1,93.61
Document Verification,11,4,0,10,1,59.22
Customer Support,17,4,0,36,3,90.54
Document Verification,12,6,1,26,1,148.17
Bill Payment,13,3,0,43,2,74.5
Document Verification,11,1,0,11,3,25.08
General Enquiry,17,1,0,19,1,74.49
Bill Payment,9,6,1,5,3,6.57
Account Services,14,6,1,23,1,196.87
Document Verification,12,5,1,26,2,80.41
Bill Payment,15,1,0,35,1,108.67
Document Verification,10,6,1,21,1,128.36
Customer Support,13,2,0,23,4,37.9
Customer Support,14,0,0,57,2,184.57
Document Verification,17,5,1,3,3,7.23
Account Services,15,6,1,2,1,18.44
Account Services,11,0,0,35,1,288.06
Document Verification,13,2,0,57,4,90.87
Document Verification,9,4,0,21,4,32.02
Customer Support,11,2,0,6,4,8.83
Customer Support,15,4,0,29,3,60.32
Bill Payment,10,1,0,39,2,76.32
Customer Support,12,5,1,28,2,92.67
Account Services,10,1,0,41,4,80.23
General Enquiry,17,3,0,49,4,50.04
Bill Payment,9,3,0,48,4,39.13
Document Verification,16,1,0,5,4,8.55
Customer Support,15,3,0,24,4,39.06
Account Services,11,5,1,12,2,50.71
Document Verification,14,0,0,29,1,151.02
Account Services,12,3,0,30,4,62.64
Bill Payment,12,1,0,6,2,10.46
Document Verification,14,6,1,33,2,86.21
Account Services,16,3,0,39,3,102.1
Document Verification,14,4,0,29,1,188.96
Account Services,9,5,1,48,2,212.1
Account Services,12,5,1,31,2,118.52
Account Services,10,4,0,12,3,35.72
General Enquiry,12,3,0,31,2,58.65
Bill Payment,14,6,1,53,2,93.13
Account Services,14,6,1,34,3,103.54
Customer Support,10,2,0,49,1,368.24
Document Verification,10,2,0,57,4,91.2
Customer Support,11,2,0,30,1,209.15
Customer Support,11,2,0,20,3,36.81
General Enquiry,13,1,0,18,2,32.49
Document Verification,11,6,1,33,3,68.28
Customer Support,11,6,1,23,1,179.69
Account Services,17,0,0,51,3,154.1
Account Services,12,3,0,18,3,44.23
Document Verification,12,2,0,27,1,165.71
Customer Support,9,6,1,37,3,87.05
Customer Support,14,3,0,54,1,324.66
Document Verification,12,1,0,32,1,192.64
Account Services,11,4,0,34,3,91.69
Account Services,13,5,1,46,1,339.85
Customer Support,11,3,0,7,4,12.01
Customer Support,14,3,0,58,3,154.23
Document Verification,15,4,0,2,4,2.7
Bill Payment,15,3,0,26,1,93.96
Bill Payment,13,6,1,7,4,10.14
Customer Support,9,5,1,39,3,102.01
General Enquiry,14,3,0,51,4,47.55
Account Services,17,4,0,8,1,65.48
General Enquiry,17,2,0,17,1,71.99
Bill Payment,12,4,0,24,2,44.02
Document Verification,13,3,0,43,1,270.96
General Enquiry,16,2,0,39,3,47.87
General Enquiry,13,0,0,53,1,240.76
Account Services,17,3,0,12,1,94.44
General Enquiry,15,6,1,39,4,31.94
Bill Payment,12,4,0,13,4,11.46
General Enquiry,14,6,1,19,1,64.62
Account Services,12,5,1,19,3,56.84
Bill Payment,16,4,0,31,1,106.12
Bill Payment,16,2,0,11,4,7.17
Account Services,13,5,1,70,4,139.29
Account Services,11,3,0,8,4,14.98
Bill Payment,11,4,0,12,4,9.34
Document Verification,10,2,0,17,1,113.49
Bill Payment,10,6,1,25,2,43.78
Document Verification,15,3,0,33,4,49.23
General Enquiry,16,3,0,36,3,44.48
Customer Support,9,3,0,6,2,24.17
Document Verification,14,0,0,47,2,151.69
Bill Payment,10,4,0,54,3,68.87
Customer Support,12,3,0,26,1,195.69
Bill Payment,10,6,1,4,3,3.97
Customer Support,13,0,0,32,4,58.85
General Enquiry,16,3,0,8,2,19.04
Customer Support,11,1,0,6,3,17.59
Customer Support,11,0,0,3,3,6.58
Bill Payment,16,2,0,36,1,127.67
Customer Support,11,1,0,15,4,24.03
General Enquiry,14,5,1,8,4,5.81
Document Verification,12,4,0,11,1,64.58
Document Verification,11,0,0,26,4,45.78
Account Services,12,4,0,30,2,108.15
Account Services,13,5,1,22,1,197.13
Document Verification,13,6,1,55,1,352.35
General Enquiry,16,1,0,3,1,13.17
General Enquiry,9,6,1,55,2,119.45
Account Services,12,2,0,28,4,61.99
General Enquiry,15,3,0,10,4,11.63
Customer Support,13,0,0,23,4,39.53
Bill Payment,13,4,0,23,2,43.2
Customer Support,10,4,0,40,4,65.57
Bill Payment,15,6,1,8,4,7.23
Bill Payment,15,0,0,40,1,126.97
Document Verification,15,5,1,22,3,49.34
Customer Support,9,6,1,22,4,46.73
Bill Payment,9,4,0,50,1,187.28
Account Services,15,5,1,3,4,6.52
Document Verification,12,1,0,7,1,39.31
Document Verification,15,4,0,24,1,161.89
Document Verification,13,3,0,44,4,65.41
General Enquiry,17,2,0,31,1,128.43
Customer Support,10,4,0,45,4,97.01
Bill Payment,16,4,0,25,3,30.53
Document Verification,11,0,0,16,1,99.22
Account Services,17,5,1,20,1,177.2
General Enquiry,10,2,0,41,2,74.44
Document Verification,10,2,0,48,1,301.46
General Enquiry,10,4,0,8,1,25.88
Customer Support,10,1,0,14,4,17.19
Bill Payment,9,0,0,14,3,14.76
Customer Support,12,1,0,16,1,96.32
Customer Support,13,5,1,8,4,16.22
Customer Support,11,6,1,39,2,125.95
Account Services,16,6,1,41,2,159.88
Customer Support,15,3,0,21,3,47.89
Account Services,9,3,0,26,1,182.81
Customer Support,13,4,0,43,4,69.13
Customer Support,9,0,0,31,2,119.8
Document Verification,15,5,1,36,3,64.32
Account Services,16,6,1,37,4,73.41
Document Verification,17,6,1,16,4,23.04
Customer Support,17,1,0,20,4,35.52
Document Verification,12,6,1,15,1,77.9
Customer Support,11,6,1,19,3,45.87
General Enquiry,13,1,0,34,1,153.87
General Enquiry,13,5,1,65,1,297.19
Customer Support,11,1,0,1,4,2.7
Customer Support,12,0,0,9,1,58.56
General Enquiry,14,6,1,47,3,70.38
Account Services,17,3,0,41,4,94.87
Customer Support,9,2,0,49,3,114.28
Customer Support,10,3,0,10,4,16.68
Account Services,11,2,0,6,1,42.22
Account Services,14,4,0,9,2,33.56
Account Services,14,1,0,4,3,1.08
General Enquiry,10,4,0,9,1,37.38
General Enquiry,15,0,0,19,3,25.78
Account Services,17,3,0,14,3,34.33
Account Services,9,6,1,38,1,335.54
Account Services,15,1,0,27,4,53.19
Account Services,14,1,0,13,4,25.95
General Enquiry,16,4,0,23,1,100.16
General Enquiry,13,0,0,21,2,48.33
General Enquiry,14,0,0,44,4,46.39
Customer Support,17,4,0,13,4,19.67
Bill Payment,16,5,1,42,2,74.54
Account Services,17,5,1,28,3,77.45
Bill Payment,17,3,0,43,3,48.62
Document Verification,13,0,0,44,2,121.1
Bill Payment,13,5,1,48,4,37.62
Document Verification,9,6,1,29,1,151.18
General Enquiry,11,1,0,17,1,69.59
Document Verification,11,4,0,33,1,186.33
Account Services,11,3,0,30,2,106.91
Document Verification,9,1,0,16,4,21.55
Document Verification,9,2,0,43,4,65.79
Bill Payment,15,2,0,22,1,71.89
Customer Support,16,0,0,12,4,25.7
Bill Payment,13,0,0,13,4,10.03
Document Verification,16,2,0,43,3,82.06
Account Services,9,4,0,61,4,132.33
Bill Payment,14,6,1,60,1,222.46
Customer Support,16,2,0,24,4,49.99
General Enquiry,17,0,0,54,3,64.56
Bill Payment,12,3,0,10,3,11.95
Document Verification,9,5,1,12,1,82.41
General Enquiry,14,2,0,39,2,85.63
Account Services,15,5,1,13,1,110.63
Customer Support,16,1,0,38,2,156.24
General Enquiry,12,2,0,31,3,40.15
Customer Support,14,6,1,53,2,162.31
General Enquiry,15,6,1,12,1,51.55
Customer Support,12,0,0,9,2,32.3
Account Services,16,1,0,41,2,182.66
General Enquiry,9,1,0,10,2,14.46
Document Verification,13,5,1,25,4,42.33
Bill Payment,14,5,1,29,3,38.83
General Enquiry,13,2,0,26,3,32.62
Bill Payment,17,6,1,40,2,76.37
Account Services,15,5,1,37,4,64.95
Bill Payment,11,0,0,16,4,11.6
Account Services,14,1,0,55,1,426.26
General Enquiry,10,6,1,40,2,87.21
Customer Support,14,6,1,46,2,139.22
Account Services,15,1,0,15,2,49.9
General Enquiry,16,4,0,38,2,88.28
Bill Payment,11,4,0,35,2,62.29
Account Services,16,3,0,33,1,243.74
Account Services,11,4,0,3,1,22.82
Document Verification,10,3,0,28,3,61.31
Customer Support,14,5,1,25,3,60.02
Bill Payment,17,3,0,38,4,30.89
Bill Payment,16,4,0,3,3,2.31
Customer Support,9,3,0,52,3,103.16
Document Verification,12,5,1,2,1,6.98
Document Verification,10,0,0,73,4,95.56
Document Verification,14,1,0,47,4,84.72
Account Services,16,4,0,28,1,211.74
Document Verification,14,3,0,18,3,32.25
Document Verification,17,6,1,56,1,370.29
Customer Support,13,5,1,16,2,49.17
Document Verification,15,4,0,4,3,9.4
Document Verification,14,6,1,28,4,45.63
General Enquiry,9,2,0,43,4,38.09
Bill Payment,13,2,0,23,1,82.76
Bill Payment,15,4,0,22,1,78.53
Account Services,11,5,1,18,2,75.78
Document Verification,10,0,0,29,1,164.08
Bill Payment,17,6,1,31,1,93.71
Account Services,17,3,0,29,3,65.88
Bill Payment,17,0,0,18,1,68.59
Customer Support,14,1,0,57,1,370.82
General Enquiry,13,4,0,4,3,7.11
Bill Payment,11,5,1,3,3,4.18
Document Verification,15,4,0,23,3,47.03
Customer Support,12,6,1,24,3,51.17
Bill Payment,14,6,1,67,3,77.02
Document Verification,16,1,0,4,3,11.69
General Enquiry,13,5,1,5,2,8.02
Bill Payment,14,1,0,44,2,76.61
Account Services,11,0,0,44,1,329.62
Bill Payment,15,0,0,5,4,6.61
Account Services,14,5,1,9,1,80.92
Bill Payment,15,0,0,7,4,4.7
Customer Support,16,0,0,44,3,103.17
Bill Payment,9,6,1,26,2,41.02
General Enquiry,11,2,0,11,2,22.26
Customer Support,11,1,0,16,3,34.45
General Enquiry,13,5,1,16,1,54.72
Bill Payment,15,0,0,12,4,9.97
Bill Payment,17,0,0,19,1,63.94
Customer Support,12,3,0,23,1,170.15
Document Verification,16,1,0,15,2,50.97
Document Verification,13,2,0,8,3,17.43
Document Verification,10,3,0,17,2,52.82
Document Verification,10,4,0,28,1,153.39
Customer Support,11,5,1,26,2,85.52
Account Services,14,2,0,29,2,106.23
Customer Support,11,0,0,20,2,63.44
Document Verification,15,1,0,16,4,29.75
Account Services,16,0,0,49,4,105.67
General Enquiry,16,5,1,14,3,16.64
Customer Support,13,5,1,57,3,136.02
Document Verification,16,6,1,39,1,223.2
Account Services,9,1,0,26,4,45.3
Customer Support,12,2,0,12,1,85.38
Document Verification,9,1,0,15,2,37.0
Customer Support,13,2,0,38,4,62.01
General Enquiry,12,3,0,7,1,27.43
Account Services,15,0,0,29,1,233.37
General Enquiry,12,2,0,12,3,16.99
Customer Support,9,0,0,53,1,388.69
Document Verification,10,3,0,32,1,205.65
Account Services,17,3,0,31,4,64.9
Account Services,16,0,0,42,1,309.07
Customer Support,11,3,0,1,3,2.4
Bill Payment,17,2,0,49,3,62.93
Document Verification,17,4,0,43,3,82.11
Customer Support,10,4,0,46,2,157.27
General Enquiry,12,6,1,39,2,82.65
Bill Payment,16,1,0,14,2,28.55
Customer Support,15,4,0,21,2,85.68
Bill Payment,15,5,1,4,3,4.45
Bill Payment,17,0,0,24,4,19.06
Account Services,16,3,0,31,4,68.68
Document Verification,15,6,1,4,1,19.81
Customer Support,15,3,0,12,1,78.62
Bill Payment,9,2,0,3,3,3.5
Account Services,13,2,0,10,3,28.17
Customer Support,10,2,0,51,2,198.59
Bill Payment,13,6,1,7,2,10.15
General Enquiry,15,5,1,25,2,55.88
Document Verification,16,5,1,54,2,184.81
Bill Payment,9,3,0,23,3,30.31
General Enquiry,13,5,1,57,4,61.6
Account Services,15,3,0,23,1,170.04
General Enquiry,17,5,1,13,4,15.03
Document Verification,14,3,0,43,2,114.35
Customer Support,12,1,0,13,3,27.84
Bill Payment,16,6,1,8,2,14.06
Customer Support,16,3,0,47,1,287.67
Bill Payment,12,0,0,6,4,3.42
Document Verification,10,0,0,29,3,58.52
Account Services,14,5,1,61,1,555.79
Bill Payment,17,5,1,51,1,193.92
General Enquiry,11,1,0,21,4,20.21
Customer Support,13,6,1,34,3,66.23
Bill Payment,9,1,0,34,1,106.08
Document Verification,11,4,0,15,4,24.02
Bill Payment,15,1,0,5,2,7.9
Account Services,12,6,1,14,1,93.92
Bill Payment,13,1,0,38,1,118.12
Document Verification,14,5,1,11,2,29.81
Customer Support,13,6,1,21,1,130.19
Bill Payment,11,4,0,2,3,1.78
General Enquiry,12,5,1,22,3,28.15
Document Verification,11,1,0,24,1,126.32
General Enquiry,12,0,0,33,3,49.72
Document Verification,12,5,1,29,2,101.19
Bill Payment,12,5,1,29,3,33.99
General Enquiry,10,0,0,32,3,36.4
Account Services,17,4,0,22,3,62.48
Bill Payment,17,1,0,26,1,87.45
General Enquiry,13,6,1,17,2,29.08
General Enquiry,9,5,1,3,4,2.05
Bill Payment,11,2,0,31,4,25.8
Document Verification,17,5,1,10,2,36.39
Customer Support,9,2,0,50,2,205.95
Account Services,9,2,0,15,3,46.76
Account Services,14,3,0,38,3,96.56
Document Verification,14,4,0,27,3,59.97
Bill Payment,12,1,0,14,3,17.49
Customer Support,12,4,0,2,4,6.5
Account Services,12,3,0,16,3,40.16
General Enquiry,12,3,0,13,2,23.92
Document Verification,12,4,0,27,2,82.92
General Enquiry,16,1,0,20,1,90.54
Account Services,15,2,0,28,1,202.88
Document Verification,15,5,1,29,2,81.44
Bill Payment,17,3,0,40,4,37.04
Bill Payment,12,2,0,7,1,23.87
General Enquiry,11,0,0,8,1,32.74
Bill Payment,17,1,0,30,2,58.4
Customer Support,10,5,1,44,2,138.49
Document Verification,14,4,0,13,2,43.82
Customer Support,13,1,0,5,2,20.16
Bill Payment,13,4,0,43,4,30.73
Account Services,17,6,1,12,3,32.53
Account Services,9,1,0,42,2,143.98
Customer Support,15,4,0,27,3,59.2
General Enquiry,11,2,0,27,4,22.49
Account Services,12,1,0,29,2,131.83
General Enquiry,10,5,1,67,1,234.58
Customer Support,12,6,1,26,4,50.35
Bill Payment,9,2,0,46,1,146.8
Customer Support,12,1,0,14,1,93.24
Customer Support,9,4,0,28,3,65.18
Bill Payment,14,4,0,36,3,45.31
Document Verification,9,2,0,34,2,103.18
Document Verification,13,6,1,24,1,158.19
Document Verification,17,2,0,41,2,140.44
Document Verification,11,1,0,2,2,2.6
Account Services,17,0,0,29,3,81.18
General Enquiry,13,5,1,28,2,57.36
Document Verification,10,1,0,52,1,354.64
Bill Payment,15,5,1,24,4,23.78
Customer Support,17,3,0,50,3,121.08
Customer Support,15,4,0,15,3,43.33
Bill Payment,15,5,1,5,3,5.94
Bill Payment,10,3,0,3,1,8.87
Customer Support,13,6,1,56,4,92.74
Customer Support,11,0,0,25,4,43.33
Account Services,14,5,1,17,1,138.87
General Enquiry,14,5,1,22,1,88.2
Bill Payment,10,6,1,38,2,57.79
Document Verification,11,3,0,4,3,11.09
Customer Support,12,2,0,30,2,94.03
Customer Support,12,3,0,30,2,114.59
Document Verification,17,1,0,13,1,79.49
Document Verification,13,5,1,24,1,155.95
Account Services,17,0,0,20,4,39.11
Document Verification,17,4,0,37,3,84.6
Customer Support,12,5,1,17,4,28.42
Document Verification,16,1,0,53,2,141.6
General Enquiry,14,0,0,36,2,73.7
Document Verification,11,2,0,22,1,132.98
Document Verification,17,3,0,36,4,50.27
Bill Payment,17,0,0,55,3,55.01
Account Services,12,2,0,19,3,51.51
Bill Payment,12,6,1,25,1,82.9
Bill Payment,11,5,1,19,3,23.59
Document Verification,9,4,0,8,4,13.34
Document Verification,15,6,1,20,3,38.31
Document Verification,12,0,0,47,3,98.67
Account Services,17,4,0,37,2,169.31
General Enquiry,14,4,0,40,4,32.79
Account Services,10,5,1,12,3,32.04
Customer Support,12,0,0,38,3,102.65
General Enquiry,16,2,0,7,2,16.04
Document Verification,9,1,0,31,2,105.14
Document Verification,17,4,0,49,2,166.44
Bill Payment,11,5,1,30,1,115.91
Document Verification,13,5,1,31,3,63.06
Account Services,17,4,0,41,1,281.83
Account Services,16,1,0,46,4,76.64
Customer Support,13,2,0,35,4,55.77
Customer Support,14,6,1,17,1,97.44
Bill Payment,16,2,0,27,2,53.75
Customer Support,12,1,0,21,1,134.09
Customer Support,16,6,1,4,4,4.72
Account Services,13,1,0,16,2,70.08
Account Services,11,4,0,4,4,13.75
Account Services,16,4,0,22,2,77.72
Account Services,17,6,1,36,3,87.25
Bill Payment,15,1,0,7,2,8.84
Document Verification,10,5,1,65,4,98.51
Customer Support,9,3,0,36,4,56.89
Account Services,9,0,0,10,2,41.52
Document Verification,12,5,1,19,1,108.75
General Enquiry,11,4,0,23,1,83.96
General Enquiry,16,4,0,30,1,104.12
General Enquiry,15,4,0,5,3,10.2
General Enquiry,14,5,1,44,1,155.48
Account Services,10,0,0,40,4,79.79
Customer Support,9,2,0,50,2,189.57
General Enquiry,16,5,1,32,1,146.04
General Enquiry,12,0,0,36,3,45.8
Document Verification,16,2,0,31,1,162.62
Customer Support,9,2,0,57,2,205.64
Document Verification,10,5,1,61,4,106.87
Account Services,11,3,0,17,1,137.82
Bill Payment,15,6,1,24,2,42.62
Document Verification,16,0,0,37,4,58.09
Customer Support,16,0,0,8,1,57.08
Bill Payment,10,3,0,38,2,67.41
Bill Payment,13,2,0,6,4,7.0
Customer Support,9,1,0,51,2,161.89
Account Services,11,2,0,8,3,17.81
Bill Payment,10,6,1,58,2,106.01
Bill Payment,12,6,1,4,1,15.55
General Enquiry,15,5,1,3,3,2.07
General Enquiry,14,2,0,10,3,13.38
Document Verification,14,3,0,52,2,150.8
Document Verification,13,3,0,19,2,67.18
Account Services,13,5,1,38,1,264.19
General Enquiry,12,2,0,7,3,6.85
General Enquiry,13,6,1,31,4,28.82
General Enquiry,14,2,0,53,3,62.74
General Enquiry,14,0,0,33,3,44.86
Account Services,16,3,0,24,2,96.02
Customer Support,13,2,0,50,1,340.79
General Enquiry,12,5,1,5,4,3.01
Document Verification,13,5,1,40,4,50.09
General Enquiry,14,4,0,18,3,24.9
Bill Payment,16,0,0,44,3,48.19
Account Services,17,0,0,41,3,119.02
Account Services,16,5,1,36,4,79.96
Bill Payment,14,1,0,12,1,35.26
Account Services,17,6,1,14,3,41.88
Account Services,15,5,1,11,1,94.88
Document Verification,15,1,0,8,3,17.32
Account Services,9,3,0,69,3,169.67
Account Services,13,3,0,13,4,27.43
Account Services,17,0,0,43,2,162.49
General Enquiry,14,6,1,29,4,33.55
Account Services,17,0,0,12,1,89.36
Document Verification,11,2,0,30,4,43.46
Document Verification,17,0,0,26,1,153.71
Account Services,17,4,0,9,4,24.02
Account Services,11,2,0,30,2,123.66
Account Services,9,5,1,40,3,96.72
General Enquiry,9,4,0,11,4,11.59
Document Verification,9,0,0,50,4,83.8
Customer Support,15,4,0,14,1,92.85
General Enquiry,17,1,0,16,1,56.59
General Enquiry,9,3,0,45,2,79.94
General Enquiry,17,1,0,41,1,151.62
Document Verification,14,3,0,8,2,24.88
Account Services,9,6,1,62,3,156.29
Document Verification,15,5,1,29,1,165.2
Account Services,13,6,1,48,3,135.25
Customer Support,11,6,1,19,2,61.44
General Enquiry,14,6,1,9,3,10.01
General Enquiry,15,1,0,31,3,37.9
General Enquiry,13,6,1,26,3,31.18
Customer Support,14,3,0,18,3,45.53
Document Verification,11,1,0,8,2,19.74
Customer Support,9,2,0,50,4,79.63
General Enquiry,11,3,0,9,4,12.13
Customer Support,11,0,0,7,4,13.16
Bill Payment,16,3,0,46,4,35.58
Account Services,9,3,0,60,3,146.39
Customer Support,16,2,0,42,3,104.05
Document Verification,12,4,0,34,2,87.07
Customer Support,10,6,1,49,2,167.77
Document Verification,16,3,0,43,1,235.43
General Enquiry,15,1,0,33,1,149.92
Bill Payment,10,2,0,39,2,65.94
Bill Payment,17,1,0,40,3,51.57
Customer Support,15,1,0,6,4,9.42
General Enquiry,12,2,0,36,4,35.29
Bill Payment,10,4,0,55,4,46.51
Customer Support,15,0,0,21,3,55.82
General Enquiry,10,2,0,27,1,112.36
Document Verification,17,6,1,36,3,61.73
Bill Payment,13,1,0,14,2,25.2
Bill Payment,14,0,0,43,2,71.86
Document Verification,10,3,0,39,4,50.73
Account Services,15,1,0,29,2,123.32
Bill Payment,14,1,0,16,3,21.99
Account Services,13,3,0,22,4,49.42
General Enquiry,9,6,1,44,2,90.18
Document Verification,17,2,0,13,3,26.96
Bill Payment,17,0,0,32,1,111.26
General Enquiry,11,5,1,29,1,135.19
Account Services,9,4,0,29,4,66.91
Document Verification,13,2,0,25,2,75.06
Bill Payment,14,3,0,16,1,49.99
General Enquiry,10,5,1,43,1,161.28
Customer Support,12,0,0,41,3,98.83
Customer Support,13,1,0,6,2,24.29
General Enquiry,17,2,0,42,2,95.51
Document Verification,17,5,1,51,3,92.9
Account Services,10,1,0,9,4,15.98
Bill Payment,17,4,0,52,3,56.05
Account Services,11,2,0,31,4,53.75
Bill Payment,17,0,0,60,4,49.68
General Enquiry,10,4,0,16,3,16.68
Customer Support,14,4,0,4,3,6.33
Bill Payment,17,1,0,3,3,1.54
Bill Payment,13,3,0,24,3,24.97
General Enquiry,10,5,1,34,3,42.87
Account Services,16,1,0,41,4,82.22
Bill Payment,13,1,0,15,4,15.91
Document Verification,16,3,0,25,1,128.19
Bill Payment,16,0,0,11,1,42.72
Document Verification,11,0,0,14,4,16.69
Bill Payment,17,5,1,52,3,61.61
General Enquiry,17,0,0,16,4,17.79
General Enquiry,15,2,0,36,4,34.37
Account Services,11,5,1,21,1,163.11
General Enquiry,12,4,0,12,2,22.03
Bill Payment,12,5,1,25,2,36.54
General Enquiry,11,5,1,15,4,16.41
Document Verification,10,2,0,9,3,22.06
Document Verification,15,2,0,25,3,45.38
Account Services,9,2,0,59,2,251.05
Customer Support,14,6,1,13,2,38.15
Document Verification,17,3,0,32,4,47.34
Document Verification,11,5,1,31,1,198.9
General Enquiry,16,1,0,43,3,51.96
General Enquiry,14,4,0,49,1,186.44
Document Verification,10,3,0,24,4,40.89
General Enquiry,12,5,1,37,2,85.86
Account Services,16,0,0,58,1,400.95
General Enquiry,16,5,1,11,4,9.01
Bill Payment,10,6,1,33,4,28.26
Document Verification,11,5,1,27,4,39.93
Bill Payment,11,0,0,39,2,57.64
General Enquiry,13,5,1,58,2,110.61
Account Services,15,6,1,9,1,71.03
General Enquiry,12,5,1,18,3,22.35
Bill Payment,13,3,0,41,1,153.68
Customer Support,11,4,0,29,4,57.54
Customer Support,11,3,0,4,3,9.39
Customer Support,12,0,0,28,3,66.21
Account Services,16,1,0,16,1,133.64
General Enquiry,15,0,0,24,3,37.18
Bill Payment,16,1,0,30,1,95.8
Customer Support,16,0,0,5,3,10.81
General Enquiry,11,1,0,13,1,47.22
General Enquiry,16,3,0,52,1,233.38
General Enquiry,15,4,0,29,4,23.1
Account Services,17,1,0,22,4,40.05
Bill Payment,13,1,0,28,1,95.36
Account Services,14,0,0,3,1,26.89
Account Services,15,1,0,5,1,39.64
Customer Support,10,3,0,17,2,61.97
General Enquiry,12,6,1,33,2,61.72
General Enquiry,15,2,0,3,3,2.49
Document Verification,14,2,0,55,1,331.76
Account Services,10,1,0,51,3,148.92
Bill Payment,9,1,0,13,4,10.63
Bill Payment,14,2,0,8,3,10.37
Document Verification,17,1,0,34,4,56.94
General Enquiry,16,5,1,15,3,17.2
Bill Payment,14,6,1,34,2,60.94
Bill Payment,11,3,0,9,1,29.89
Document Verification,17,3,0,38,1,227.78
Account Services,15,4,0,21,1,189.65
Account Services,16,3,0,23,1,200.51
Document Verification,12,2,0,11,2,32.54
Document Verification,14,1,0,14,1,85.13
Bill Payment,12,4,0,6,3,6.04
Document Verification,15,6,1,8,4,13.53
Customer Support,10,1,0,51,3,132.3
Customer Support,12,4,0,21,1,160.75
Customer Support,10,2,0,5,2,16.12
Document Verification,13,6,1,22,2,64.09
Document Verification,16,3,0,22,4,36.48
Document Verification,10,5,1,15,1,88.81
Bill Payment,13,3,0,13,1,39.68
Document Verification,9,1,0,34,3,69.35
General Enquiry,14,1,0,15,1,68.6
Customer Support,16,0,0,53,1,393.98
General Enquiry,9,5,1,12,2,22.76
Document Verification,15,1,0,9,1,52.73
Bill Payment,14,0,0,57,4,46.38
Customer Support,13,1,0,9,4,13.41
Document Verification,15,6,1,6,3,7.03
Account Services,14,0,0,60,3,156.11
Bill Payment,9,4,0,9,2,15.99
Document Verification,17,1,0,35,1,218.47
Bill Payment,15,5,1,5,3,2.03
Bill Payment,15,5,1,29,1,113.24
General Enquiry,17,5,1,21,1,81.27
General Enquiry,15,4,0,9,2,17.69
Account Services,17,2,0,19,1,137.26
General Enquiry,12,6,1,9,2,20.44
Account Services,14,1,0,36,1,256.1
General Enquiry,11,3,0,32,3,43.24
Account Services,12,6,1,27,4,55.18
Document Verification,17,2,0,47,4,64.68
Document Verification,13,0,0,11,2,34.8
Account Services,9,1,0,58,3,156.91
General Enquiry,11,0,0,6,4,4.62
General Enquiry,12,5,1,21,1,89.64
Account Services,15,6,1,30,2,97.94
Account Services,15,3,0,13,1,109.8
Account Services,16,0,0,31,2,130.77
Document Verification,14,6,1,4,4,8.47
Bill Payment,9,2,0,30,2,45.28
General Enquiry,13,6,1,8,2,16.62
General Enquiry,13,4,0,19,3,24.31
Account Services,17,3,0,38,1,310.15
Document Verification,13,1,0,27,3,48.34
General Enquiry,13,6,1,38,2,81.84
Document Verification,12,3,0,17,2,52.28
Bill Payment,9,2,0,40,2,74.34
Document Verification,12,2,0,18,1,108.29
Account Services,17,2,0,28,2,105.45
General Enquiry,9,6,1,65,3,90.07
General Enquiry,12,3,0,2,1,8.65
General Enquiry,14,2,0,41,3,52.69
Customer Support,12,0,0,33,3,79.3
Customer Support,11,5,1,16,2,49.08
Bill Payment,12,4,0,15,4,13.53
Customer Support,16,2,0,5,4,7.42
Bill Payment,10,6,1,36,4,34.73
Account Services,13,4,0,32,4,61.62
Document Verification,10,4,0,39,1,250.79
Account Services,16,3,0,33,3,93.78
General Enquiry,11,5,1,34,3,47.45
Customer Support,16,0,0,31,4,61.21
Customer Support,9,2,0,19,4,35.31
General Enquiry,14,6,1,35,3,42.79
Account Services,11,0,0,8,2,28.63
Bill Payment,9,2,0,13,2,21.67
Bill Payment,13,2,0,33,4,29.21
Bill Payment,9,4,0,20,4,14.41
Bill Payment,16,6,1,14,4,12.08
Bill Payment,14,0,0,33,3,38.41
Customer Support,9,5,1,41,1,311.93
Bill Payment,14,6,1,19,2,31.37
General Enquiry,17,4,0,25,1,101.87
Customer Support,10,0,0,30,2,100.9
Document Verification,9,0,0,45,2,123.28
Customer Support,14,2,0,34,1,229.14
General Enquiry,13,1,0,44,2,95.64
Customer Support,16,0,0,49,4,80.56
General Enquiry,12,5,1,7,2,13.81
Document Verification,14,1,0,31,3,54.14
Document Verification,17,0,0,40,3,84.75
General Enquiry,16,1,0,12,1,48.43
Bill Payment,11,5,1,37,1,116.64
Bill Payment,16,0,0,42,4,38.63
Document Verification,16,2,0,11,3,23.07
Bill Payment,15,1,0,13,4,10.59
Bill Payment,12,3,0,22,4,21.02
Account Services,11,5,1,16,1,136.03
Bill Payment,13,1,0,23,4,18.25
Customer Support,15,3,0,23,2,80.49
Bill Payment,12,5,1,33,2,60.69
General Enquiry,9,1,0,27,2,52.48
Document Verification,12,5,1,5,2,8.17
Document Verification,10,3,0,28,4,34.53
Bill Payment,14,2,0,39,3,50.63
Document Verification,15,3,0,34,4,59.8
Bill Payment,16,5,1,41,1,151.09
Customer Support,11,0,0,20,1,127.52
Bill Payment,11,0,0,20,2,34.78
Document Verification,9,6,1,16,3,31.36
Customer Support,9,0,0,17,1,131.97
Bill Payment,11,1,0,19,4,18.7
Document Verification,17,2,0,11,1,59.28
Document Verification,15,3,0,31,1,182.64
Customer Support,15,1,0,7,1,51.2
Account Services,11,2,0,25,2,84.14
Account Services,9,0,0,60,2,263.81
General Enquiry,10,6,1,67,2,116.8
General Enquiry,14,3,0,11,4,9.23
Account Services,13,5,1,62,1,434.48
Account Services,11,3,0,20,3,61.54
Customer Support,12,6,1,26,4,46.24
Document Verification,13,4,0,39,3,73.43
General Enquiry,12,6,1,38,3,58.79
Customer Support,13,0,0,10,2,33.06
Customer Support,16,5,1,49,4,86.44
Account Services,12,5,1,3,4,6.17
Customer Support,17,0,0,40,4,76.43
Account Services,16,2,0,18,2,64.25
Document Verification,12,1,0,19,2,63.26
Bill Payment,12,2,0,21,3,28.47
Account Services,16,6,1,17,1,140.67
Document Verification,10,2,0,42,2,115.36
Customer Support,14,5,1,31,1,236.11
Customer Support,10,5,1,60,1,448.24
Customer Support,13,1,0,5,3,17.6
Customer Support,13,1,0,38,2,127.02
Customer Support,12,0,0,39,4,74.9
Customer Support,9,0,0,71,2,266.43
Customer Support,14,4,0,51,4,98.24
Bill Payment,13,5,1,49,3,63.84
Document Verification,12,6,1,4,3,6.04
Account Services,10,5,1,48,3,137.82
Account Services,9,6,1,47,3,110.94
Bill Payment,17,1,0,45,4,41.87
Bill Payment,12,0,0,8,2,12.68
General Enquiry,15,3,0,5,4,4.57
Customer Support,12,2,0,24,3,50.24
Bill Payment,17,6,1,32,3,42.78
Account Services,11,6,1,31,4,57.87
Document Verification,16,3,0,32,3,76.19
Document Verification,15,0,0,17,2,47.66
Customer Support,17,0,0,31,4,53.76
Customer Support,12,4,0,2,4,5.45
Account Services,12,1,0,6,3,18.56
Document Verification,12,6,1,31,1,169.21
General Enquiry,11,0,0,6,4,6.17
Bill Payment,9,5,1,58,2,97.27
Customer Support,16,1,0,27,4,42.88
Account Services,16,6,1,54,3,157.38
Bill Payment,17,6,1,53,3,62.37
General Enquiry,15,4,0,1,1,6.91
General Enquiry,11,2,0,11,4,9.93
Document Verification,13,0,0,7,4,14.27
Customer Support,17,5,1,3,3,7.53
Document Verification,15,1,0,32,1,217.21
Bill Payment,12,3,0,10,3,10.87
General Enquiry,12,0,0,18,3,26.05
Bill Payment,11,5,1,21,4,16.21
Account Services,15,0,0,30,4,67.19
General Enquiry,13,3,0,39,2,85.45
General Enquiry,10,3,0,28,4,27.77
General Enquiry,13,1,0,11,2,19.9
Customer Support,16,4,0,18,3,48.79
General Enquiry,17,0,0,45,1,174.86
General Enquiry,11,0,0,29,4,30.91
General Enquiry,13,6,1,7,2,14.06
Customer Support,11,5,1,12,1,86.17
Document Verification,17,2,0,21,4,33.69
Document Verification,15,0,0,6,4,8.34
Document Verification,16,4,0,5,4,3.5
Account Services,13,3,0,39,4,79.93
General Enquiry,10,4,0,18,1,73.56
Document Verification,15,0,0,27,2,71.04
Customer Support,11,4,0,12,2,39.03
Account Services,9,4,0,45,3,109.39
General Enquiry,10,3,0,54,3,74.99
Document Verification,16,3,0,3,4,5.22
Account Services,12,2,0,22,2,75.72
Document Verification,13,2,0,14,3,32.58
Bill Payment,10,1,0,19,2,32.53
Document Verification,12,2,0,18,4,27.39
Customer Support,10,1,0,62,1,450.03
Account Services,10,3,0,30,1,240.11
Customer Support,16,2,0,44,4,86.73
Account Services,14,3,0,24,3,77.34
Document Verification,17,2,0,45,2,132.05
General Enquiry,9,2,0,25,1,89.83
General Enquiry,9,1,0,48,3,70.5
Customer Support,12,0,0,43,4,78.42
General Enquiry,9,2,0,46,2,94.86
Bill Payment,11,0,0,22,1,88.01
Account Services,10,1,0,37,3,107.81
Account Services,15,6,1,10,1,72.01
Account Services,13,2,0,22,2,101.36
Bill Payment,12,2,0,10,4,8.66
Account Services,16,6,1,40,4,75.88
General Enquiry,13,5,1,46,3,54.34
Account Services,12,0,0,17,3,51.44
Customer Support,13,2,0,34,3,78.51
Document Verification,14,2,0,18,2,60.43
Bill Payment,12,3,0,10,2,20.51
Customer Support,17,5,1,32,2,95.27
Customer Support,11,3,0,35,1,245.24
Bill Payment,14,6,1,61,1,187.9
Account Services,11,2,0,16,3,44.03
Document Verification,16,1,0,10,2,34.25
General Enquiry,13,6,1,68,1,254.32
Account Services,17,5,1,25,1,192.54
General Enquiry,12,6,1,6,3,7.74
Customer Support,11,2,0,25,3,54.8
Document Verification,10,6,1,44,1,272.26
Account Services,12,3,0,20,4,38.72
Bill Payment,14,5,1,40,4,35.07
Customer Support,11,5,1,28,1,199.92
General Enquiry,10,3,0,38,1,160.9
Account Services,14,2,0,14,1,102.74
General Enquiry,13,1,0,21,1,91.57
Bill Payment,17,6,1,15,3,19.42
Account Services,13,1,0,56,1,413.83
Customer Support,9,6,1,39,1,297.14
Bill Payment,12,4,0,29,4,29.51
Document Verification,10,5,1,54,2,181.69
General Enquiry,14,3,0,44,2,97.09
Customer Support,16,5,1,20,1,152.45
Customer Support,10,3,0,55,2,165.18
General Enquiry,12,6,1,26,3,36.84
General Enquiry,12,5,1,14,4,13.42
Bill Payment,12,6,1,9,2,12.57
Document Verification,11,2,0,3,3,8.73
Customer Support,16,3,0,25,3,49.31
Account Services,10,5,1,20,2,81.22
Account Services,11,1,0,18,4,34.17
Customer Support,11,5,1,6,2,23.81
Customer Support,12,1,0,14,4,19.43
Customer Support,15,3,0,14,3,33.23
Bill Payment,14,5,1,15,4,14.29
General Enquiry,13,2,0,4,1,16.67
Document Verification,16,4,0,46,4,70.76
Customer Support,15,5,1,9,4,16.87
Customer Support,10,6,1,79,1,469.5
Document Verification,12,5,1,9,1,56.82
General Enquiry,9,1,0,48,3,61.0
General Enquiry,12,1,0,26,1,114.43
Customer Support,15,4,0,31,1,229.23
Bill Payment,14,4,0,57,3,73.17
General Enquiry,14,5,1,39,2,78.59
Bill Payment,12,4,0,35,2,65.93
Account Services,10,2,0,62,3,183.57
Document Verification,16,1,0,39,1,242.97
Bill Payment,12,5,1,9,3,12.35
General Enquiry,14,5,1,15,2,27.46
Customer Support,9,1,0,60,1,406.24
Account Services,15,3,0,26,4,44.63
Account Services,11,5,1,10,3,24.89
General Enquiry,14,3,0,43,3,64.08
Account Services,13,3,0,29,4,62.59
Account Services,13,2,0,7,1,61.29
Customer Support,15,0,0,21,3,50.41
Customer Support,15,4,0,18,4,26.75
General Enquiry,11,1,0,31,2,53.47
Document Verification,13,4,0,32,4,59.13
Bill Payment,12,3,0,23,1,73.48
Customer Support,13,0,0,29,4,44.99
General Enquiry,17,1,0,8,1,30.53
General Enquiry,17,6,1,24,1,106.96
General Enquiry,17,4,0,36,1,152.87
Customer Support,15,1,0,11,3,21.6
Account Services,10,5,1,4,3,10.39
General Enquiry,11,2,0,4,4,1.44
Account Services,10,3,0,22,4,40.71
General Enquiry,16,0,0,53,3,81.87
Account Services,12,5,1,24,4,53.82
Document Verification,14,0,0,20,2,56.61
Account Services,15,5,1,12,2,49.14
Account Services,12,2,0,29,4,57.66
Customer Support,15,0,0,44,4,92.76
General Enquiry,14,5,1,61,1,279.05
Bill Payment,12,5,1,29,4,23.36
Document Verification,12,0,0,30,2,96.99
Bill Payment,9,2,0,13,1,48.05
General Enquiry,14,3,0,48,3,55.96
General Enquiry,16,3,0,52,2,117.98
General Enquiry,9,1,0,55,3,68.44
Customer Support,9,0,0,29,2,102.09
Document Verification,10,1,0,52,1,309.3
Customer Support,10,2,0,11,2,43.12
Document Verification,16,4,0,49,2,145.15
Customer Support,11,5,1,34,3,77.74
Bill Payment,9,6,1,6,2,10.87
Customer Support,12,0,0,39,3,101.86
Document Verification,9,5,1,16,2,47.28
General Enquiry,9,3,0,62,4,61.18
Bill Payment,13,5,1,35,4,27.31
Customer Support,16,5,1,39,1,303.17
General Enquiry,15,0,0,10,2,23.59
Bill Payment,16,5,1,55,2,90.93
General Enquiry,10,0,0,55,2,109.61
Document Verification,11,4,0,16,2,38.19
General Enquiry,17,3,0,51,2,90.77
Account Services,10,4,0,21,4,39.51
General Enquiry,14,6,1,20,3,31.15
Account Services,12,0,0,21,3,55.55
General Enquiry,9,2,0,58,1,256.31
Account Services,17,1,0,54,3,162.75
Document Verification,17,6,1,16,2,50.32
Document Verification,9,5,1,11,3,24.27
Document Verification,9,2,0,13,2,41.7
Account Services,14,1,0,13,2,49.95
Account Services,9,4,0,57,1,449.66
Document Verification,15,3,0,9,1,60.93
Bill Payment,10,0,0,55,1,190.67
Document Verification,10,3,0,31,3,62.19
Bill Payment,16,1,0,46,2,86.78
General Enquiry,16,1,0,7,3,7.11
Document Verification,11,5,1,14,1,76.49
General Enquiry,15,4,0,35,4,38.34
Customer Support,12,4,0,30,2,103.11
Bill Payment,15,3,0,2,3,2.52
Customer Support,13,0,0,56,1,353.33
Document Verification,16,0,0,52,4,68.59
Bill Payment,10,1,0,16,1,46.66
Document Verification,13,1,0,23,4,32.86
Bill Payment,13,6,1,65,2,95.55
Account Services,9,5,1,46,4,90.48
Document Verification,15,2,0,5,2,15.94
General Enquiry,10,3,0,11,3,13.25
Document Verification,15,2,0,26,3,49.11
Customer Support,9,4,0,29,1,192.02
Document Verification,12,0,0,14,2,45.29
Document Verification,14,2,0,50,3,100.87
Account Services,15,5,1,25,2,114.86
General Enquiry,15,4,0,19,4,21.27
Customer Support,9,2,0,52,3,117.73
General Enquiry,17,3,0,21,2,37.67
Customer Support,14,3,0,22,1,139.18
General Enquiry,12,1,0,10,3,10.97
Document Verification,14,5,1,42,1,235.97
General Enquiry,14,3,0,31,3,40.57
Document Verification,12,4,0,27,3,52.29
General Enquiry,17,0,0,45,2,95.42
Bill Payment,14,6,1,66,4,55.01
General Enquiry,14,2,0,19,1,71.95
Customer Support,9,4,0,42,3,108.53
Account Services,9,4,0,14,1,100.68
Customer Support,12,5,1,43,2,142.63
Bill Payment,12,0,0,26,1,86.1
General Enquiry,11,2,0,37,1,145.19
Bill Payment,9,2,0,3,3,3.99
Document Verification,9,5,1,40,1,252.91
Document Verification,13,4,0,35,2,111.22
Customer Support,13,5,1,53,4,103.3
General Enquiry,16,2,0,9,2,16.07
Document Verification,13,2,0,58,1,320.38
Document Verification,15,6,1,17,2,46.3
Account Services,17,6,1,23,3,53.22
General Enquiry,15,5,1,27,1,115.65
Customer Support,16,4,0,7,3,15.21
Account Services,9,4,0,3,4,4.15
Document Verification,17,3,0,51,3,97.55
Bill Payment,15,5,1,27,3,31.92
General Enquiry,16,5,1,56,2,101.02
Customer Support,16,2,0,2,2,4.58
Document Verification,16,2,0,45,3,79.08
Account Services,17,4,0,43,2,175.22
Bill Payment,16,0,0,16,2,28.33
General Enquiry,13,0,0,13,3,19.69
Customer Support,10,1,0,35,4,67.44
General Enquiry,13,3,0,22,1,81.64
Account Services,12,2,0,17,1,125.43
Account Services,9,4,0,40,2,139.85
Customer Support,17,1,0,24,3,59.0
General Enquiry,9,6,1,52,1,201.16
Customer Support,14,3,0,26,3,51.23
Account Services,10,2,0,59,4,105.65
Customer Support,13,2,0,48,1,363.8
Document Verification,12,0,0,31,2,88.02
General Enquiry,13,6,1,33,2,61.01
Bill Payment,13,5,1,15,1,42.26
Customer Support,15,3,0,23,2,84.62
Document Verification,12,5,1,29,2,94.08
Document Verification,9,2,0,42,1,239.99
General Enquiry,17,0,0,17,2,32.04
Customer Support,10,4,0,24,2,94.99
General Enquiry,11,1,0,33,1,127.16
General Enquiry,16,2,0,21,3,24.32
Document Verification,10,1,0,58,1,296.03
Bill Payment,14,0,0,74,2,119.82
Document Verification,17,6,1,41,2,106.92
Account Services,15,2,0,14,1,120.45
Customer Support,17,4,0,43,4,70.5
Account Services,9,2,0,38,4,73.94
General Enquiry,16,1,0,22,2,34.56
General Enquiry,16,6,1,9,2,17.4
Account Services,13,6,1,20,2,72.46
Customer Support,17,6,1,16,1,110.9
General Enquiry,11,1,0,7,4,5.79
Customer Support,17,2,0,20,2,73.3
Bill Payment,15,5,1,8,4,8.81
Bill Payment,14,1,0,46,4,33.49
General Enquiry,16,0,0,8,2,15.54
Document Verification,16,5,1,19,1,133.73
Account Services,13,6,1,28,2,109.9
General Enquiry,17,1,0,55,2,119.27
Document Verification,16,3,0,36,2,105.58
Account Services,12,4,0,28,1,230.6
General Enquiry,14,2,0,10,1,45.6
General Enquiry,14,2,0,7,2,16.17
Account Services,13,4,0,57,4,133.94
Account Services,15,1,0,33,3,82.79
Account Services,12,0,0,20,3,56.74
Account Services,10,4,0,43,3,98.52
Bill Payment,11,2,0,4,1,14.23
Bill Payment,15,4,0,19,3,21.8
Bill Payment,12,1,0,12,1,43.4
Account Services,17,2,0,40,2,160.33
Bill Payment,12,6,1,2,2,4.35
Document Verification,10,4,0,61,1,395.15
Account Services,9,0,0,63,1,451.96
Document Verification,14,1,0,39,1,247.51
Account Services,10,3,0,64,4,115.33
Document Verification,13,3,0,24,3,43.44
Account Services,17,5,1,60,1,521.11
Account Services,12,3,0,31,1,228.43
General Enquiry,13,1,0,10,2,19.91
Account Services,14,4,0,41,3,93.02
Customer Support,17,5,1,5,3,11.12
Document Verification,16,1,0,28,3,47.2
General Enquiry,16,0,0,14,3,21.86
General Enquiry,13,6,1,46,3,55.67
Customer Support,12,5,1,14,3,27.66
Bill Payment,17,4,0,9,4,7.41
Account Services,17,5,1,37,2,151.02
Account Services,15,6,1,17,1,135.53
Document Verification,11,2,0,9,2,22.32
Document Verification,12,3,0,3,1,20.93
Account Services,17,3,0,15,4,29.12
General Enquiry,17,6,1,5,3,5.59
Customer Support,17,0,0,23,2,91.55
Customer Support,10,3,0,34,1,233.05
Document Verification,17,1,0,3,3,3.93
Bill Payment,13,1,0,5,1,21.61
Bill Payment,10,1,0,8,2,13.14
Customer Support,11,0,0,42,1,337.59
Document Verification,10,2,0,43,4,70.43
Document Verification,11,0,0,27,2,69.68
Document Verification,9,3,0,4,1,26.58
Bill Payment,13,4,0,19,4,20.04
Document Verification,15,0,0,12,4,18.5
General Enquiry,10,0,0,16,1,56.76
Document Verification,10,0,0,45,2,143.68
Document Verification,13,3,0,25,2,72.39
Bill Payment,13,0,0,29,1,87.21
Document Verification,9,5,1,13,1,72.05
Bill Payment,17,4,0,25,3,26.71
Bill Payment,12,2,0,11,3,14.74
Account Services,9,1,0,55,4,97.07
General Enquiry,13,3,0,29,2,51.31
Bill Payment,14,2,0,16,2,33.22
General Enquiry,9,5,1,54,1,201.01
Document Verification,15,2,0,3,3,5.21
Bill Payment,14,4,0,16,3,21.38
Customer Support,17,2,0,35,4,65.48
Bill Payment,16,4,0,11,2,16.96
Customer Support,12,4,0,35,3,83.37
Account Services,13,2,0,12,2,45.21
Bill Payment,17,1,0,6,3,7.54
Bill Payment,15,0,0,15,3,17.01
Document Verification,11,2,0,10,4,13.01
Document Verification,17,2,0,30,1,169.89
General Enquiry,12,4,0,33,1,130.58
Account Services,11,2,0,19,2,71.55
General Enquiry,10,3,0,64,1,237.12
Document Verification,12,5,1,35,3,72.71
General Enquiry,10,3,0,63,2,134.32
Bill Payment,11,5,1,39,1,148.53
Bill Payment,9,3,0,57,3,64.65
General Enquiry,15,3,0,3,4,3.05
Account Services,11,0,0,40,3,116.71
General Enquiry,17,2,0,42,2,85.55
Document Verification,9,1,0,44,2,133.67
General Enquiry,11,6,1,6,3,10.18
Customer Support,9,0,0,58,1,452.56
Account Services,16,2,0,17,4,27.39
Customer Support,9,4,0,44,1,287.93
Customer Support,14,4,0,48,3,112.3
Customer Support,12,0,0,37,1,266.19
Document Verification,11,0,0,14,3,19.42
Bill Payment,11,1,0,11,1,37.91
Bill Payment,9,1,0,44,2,82.54
Document Verification,14,2,0,36,3,71.8
Bill Payment,16,0,0,59,4,50.59
Bill Payment,13,0,0,55,4,47.64
Account Services,11,4,0,38,3,99.41
Document Verification,13,1,0,15,2,46.17
Document Verification,14,0,0,45,4,60.8
Document Verification,13,1,0,23,2,72.62
General Enquiry,16,0,0,20,4,23.52
Customer Support,14,1,0,17,4,31.6
Document Verification,13,6,1,45,4,68.24
Bill Payment,10,4,0,30,3,39.56
Bill Payment,10,3,0,19,2,28.16
Account Services,16,2,0,37,4,78.28
Bill Payment,10,2,0,43,2,83.96
Bill Payment,9,1,0,8,3,9.21
Document Verification,15,6,1,4,3,2.43
General Enquiry,9,4,0,48,1,166.8
Bill Payment,13,0,0,17,4,13.56
Customer Support,13,4,0,44,1,296.63
Customer Support,9,5,1,51,1,369.68
General Enquiry,15,2,0,30,3,41.0
Customer Support,11,3,0,8,3,18.7
Document Verification,12,3,0,30,1,175.12
Document Verification,11,4,0,27,4,40.13
General Enquiry,17,2,0,38,3,54.2
Document Verification,14,5,1,37,4,55.03
General Enquiry,16,0,0,45,3,56.63
Account Services,14,1,0,20,2,84.7
Customer Support,14,2,0,7,2,25.12
Bill Payment,10,2,0,44,4,35.68
Customer Support,14,0,0,35,3,67.8
Bill Payment,9,1,0,42,3,48.38
Customer Support,14,3,0,23,1,149.16
Bill Payment,13,2,0,20,2,37.13
Document Verification,13,2,0,50,1,316.71
Bill Payment,10,0,0,72,2,115.94
Document Verification,14,4,0,23,1,150.98
Document Verification,10,3,0,58,4,93.87
Account Services,9,2,0,41,4,95.08
Customer Support,16,6,1,38,4,76.37
Account Services,13,2,0,26,4,66.54
Bill Payment,10,3,0,28,3,28.68
Customer Support,15,4,0,30,4,54.6
Document Verification,15,2,0,25,4,44.98
Account Services,14,1,0,41,1,308.77
Bill Payment,10,4,0,22,4,16.6
Bill Payment,14,2,0,51,1,202.43
Customer Support,13,0,0,19,4,29.96
Account Services,17,4,0,29,3,84.06
Account Services,15,3,0,1,1,9.44
General Enquiry,17,6,1,7,4,7.58
Document Verification,13,4,0,35,3,69.14
Account Services,11,0,0,32,1,225.04
Customer Support,17,6,1,14,2,47.93
Document Verification,12,2,0,28,4,39.2
General Enquiry,14,0,0,21,4,22.66
General Enquiry,17,2,0,23,3,35.03
Customer Support,12,1,0,10,1,64.19
Account Services,10,6,1,22,2,73.8
Document Verification,14,0,0,54,4,81.72
Customer Support,9,6,1,47,2,180.01
Document Verification,11,4,0,24,1,157.89
Bill Payment,13,5,1,60,4,48.67
Account Services,12,3,0,3,3,7.07
Customer Support,14,4,0,34,4,61.42
Bill Payment,16,5,1,30,3,38.68
Account Services,10,1,0,14,3,38.46
General Enquiry,17,5,1,12,4,13.47
Bill Payment,12,0,0,4,2,7.14
Document Verification,15,6,1,9,2,26.48
Document Verification,10,2,0,30,3,59.48
General Enquiry,15,3,0,23,1,102.88
Account Services,16,2,0,53,3,146.93
Bill Payment,16,5,1,14,2,23.38
Document Verification,15,4,0,21,2,71.65
Customer Support,12,5,1,12,3,25.67
Account Services,13,6,1,6,4,9.38
Account Services,12,5,1,4,2,15.99
General Enquiry,16,0,0,19,3,26.46
Account Services,15,5,1,30,2,98.06
Customer Support,14,3,0,35,3,87.7
Customer Support,16,1,0,23,3,51.92
General Enquiry,11,6,1,47,4,43.8
General Enquiry,9,6,1,35,3,50.54
Customer Support,10,5,1,46,1,366.49
Account Services,16,6,1,40,2,143.74
Bill Payment,15,3,0,24,4,20.78
General Enquiry,9,6,1,3,3,2.16
Account Services,12,4,0,33,3,92.71
Bill Payment,14,1,0,47,2,89.35
Account Services,14,1,0,17,3,52.6
Account Services,14,2,0,45,2,198.09
Bill Payment,12,2,0,8,2,13.19
Document Verification,15,3,0,13,2,41.79
Account Services,16,5,1,27,1,244.01
Bill Payment,13,6,1,50,4,39.29
Account Services,15,0,0,18,3,41.42
General Enquiry,10,1,0,37,4,39.89
Customer Support,16,0,0,24,1,194.31
Customer Support,11,3,0,2,1,14.81
Account Services,15,0,0,39,2,162.43
Account Services,12,5,1,34,4,74.85
Bill Payment,17,6,1,6,1,18.76
Customer Support,9,4,0,13,1,85.14
Bill Payment,9,1,0,10,1,33.62
Bill Payment,12,1,0,34,3,34.94
Customer Support,13,4,0,11,3,24.19
General Enquiry,12,1,0,38,3,50.63
Account Services,12,2,0,28,1,214.3
Bill Payment,17,4,0,45,1,175.26
General Enquiry,11,3,0,3,2,7.26
Customer Support,13,6,1,41,2,123.24
Customer Support,17,5,1,15,4,23.0
Account Services,16,3,0,26,2,106.47
General Enquiry,14,5,1,40,4,44.45
Account Services,11,0,0,29,1,243.03
Account Services,11,2,0,13,3,30.76
Account Services,13,5,1,47,1,324.07
Customer Support,11,0,0,46,3,120.98
Customer Support,14,6,1,61,3,143.09
Customer Support,15,1,0,35,1,268.89
General Enquiry,10,1,0,4,4,3.92
Customer Support,15,3,0,25,3,48.36
Document Verification,17,5,1,26,4,37.42
Bill Payment,9,6,1,78,2,142.41
Customer Support,13,3,0,11,1,70.48
Account Services,11,5,1,34,3,81.3
Document Verification,15,6,1,19,1,113.62
Document Verification,17,5,1,42,2,133.28
Bill Payment,15,2,0,24,3,29.4
Customer Support,15,5,1,27,2,96.69
General Enquiry,9,6,1,49,4,57.19
Document Verification,14,6,1,35,2,114.54
Document Verification,16,3,0,10,3,24.25
Bill Payment,15,3,0,18,3,23.29
General Enquiry,10,0,0,24,1,102.62
Customer Support,15,3,0,6,4,7.06
Account Services,12,1,0,29,2,105.76
Bill Payment,13,0,0,46,2,89.37
Customer Support,12,6,1,38,4,55.92
Customer Support,14,3,0,12,4,29.15
General Enquiry,12,2,0,22,3,23.98
Document Verification,13,3,0,50,3,112.95
Document Verification,9,0,0,43,1,258.47
Account Services,17,6,1,53,3,125.73
Document Verification,11,6,1,11,1,60.13
General Enquiry,9,5,1,46,3,64.61
Customer Support,17,4,0,42,2,136.64
General Enquiry,10,3,0,52,3,61.19
Customer Support,12,5,1,6,2,26.9
Bill Payment,17,0,0,59,4,44.03
Customer Support,17,6,1,5,1,39.53
Account Services,14,1,0,14,1,98.17
Account Services,11,4,0,16,4,36.05
Document Verification,14,2,0,13,4,18.59
Document Verification,14,0,0,56,4,89.23
Account Services,15,0,0,38,3,78.38
Customer Support,13,0,0,4,3,6.63
Customer Support,16,4,0,34,2,121.47
Document Verification,12,2,0,1,3,0.73
Document Verification,12,5,1,34,2,92.71
Bill Payment,10,6,1,50,4,43.88
Bill Payment,14,4,0,4,2,7.45
Account Services,16,1,0,51,3,130.87
Account Services,9,1,0,9,4,14.13
Customer Support,12,1,0,17,1,99.84
Customer Support,11,4,0,6,3,7.06
Bill Payment,16,6,1,54,4,49.63
General Enquiry,14,2,0,29,2,48.98
Account Services,9,4,0,12,2,45.81
General Enquiry,15,5,1,2,3,2.14
Account Services,11,4,0,10,2,39.67
Document Verification,17,6,1,35,3,85.2
Customer Support,13,2,0,10,1,61.89
Document Verification,9,5,1,55,2,177.08
Bill Payment,11,4,0,13,3,16.28
Bill Payment,16,4,0,36,2,69.63
Account Services,10,4,0,29,3,79.25
Customer Support,12,3,0,12,3,28.53
Account Services,17,4,0,11,1,97.47
Document Verification,16,2,0,44,3,79.47
General Enquiry,9,4,0,55,3,75.21
Bill Payment,17,3,0,47,3,57.63
Account Services,14,3,0,9,4,14.6
Account Services,15,6,1,9,2,40.82
Account Services,15,6,1,11,2,47.39
Document Verification,12,5,1,24,1,156.87
Account Services,16,0,0,19,4,31.5
Document Verification,9,0,0,15,1,93.59
Account Services,12,0,0,45,1,387.72
Document Verification,17,6,1,20,4,33.02
General Enquiry,17,2,0,8,3,11.73
Bill Payment,9,0,0,12,2,16.06
Document Verification,13,1,0,25,2,81.47
Customer Support,15,6,1,5,3,11.0
Customer Support,12,3,0,24,1,142.32
Account Services,11,0,0,11,1,94.98
General Enquiry,17,3,0,33,1,118.54
Document Verification,10,1,0,7,3,13.32
Customer Support,10,2,0,11,1,71.02
General Enquiry,17,0,0,18,4,17.18
Bill Payment,9,4,0,15,4,10.98
General Enquiry,13,5,1,16,1,72.3
Document Verification,17,6,1,15,2,42.35
Document Verification,9,6,1,58,2,169.73
Account Services,14,1,0,21,4,41.91
Bill Payment,16,5,1,60,2,90.12
General Enquiry,14,5,1,27,1,121.26
Document Verification,9,6,1,47,2,129.55
Bill Payment,11,0,0,20,4,15.95
Account Services,16,2,0,49,3,141.97
Account Services,10,6,1,32,2,119.7
General Enquiry,9,4,0,38,2,80.09
Document Verification,15,4,0,23,1,141.07
Bill Payment,9,0,0,53,2,94.26
Bill Payment,15,5,1,40,3,41.29
General Enquiry,17,2,0,36,3,53.16
Customer Support,13,0,0,21,4,39.84
Document Verification,15,1,0,26,2,89.88
Account Services,16,4,0,53,2,233.37
Account Services,15,5,1,15,4,31.41
Bill Payment,12,6,1,28,2,46.67
Document Verification,13,3,0,26,3,59.65
Account Services,9,1,0,8,4,18.17
Bill Payment,11,0,0,4,3,3.23
General Enquiry,10,6,1,32,2,56.44
Bill Payment,17,1,0,46,1,152.23
Bill Payment,15,6,1,22,1,87.09
Document Verification,14,3,0,53,2,141.31
Account Services,17,0,0,39,4,71.71
Bill Payment,17,3,0,47,1,142.04
Bill Payment,16,5,1,32,3,42.14
General Enquiry,15,5,1,9,2,20.58
Document Verification,14,2,0,40,3,88.36
Account Services,9,5,1,4,1,31.25
General Enquiry,12,4,0,32,4,32.26
Bill Payment,13,2,0,3,2,6.53
Account Services,13,2,0,19,4,34.9
Account Services,11,3,0,14,3,35.94
Customer Support,17,0,0,20,1,126.14
Account Services,13,3,0,36,2,149.58
Account Services,15,1,0,8,1,63.76
General Enquiry,17,3,0,25,3,35.66
Document Verification,14,1,0,4,3,9.37
Customer Support,11,1,0,16,4,27.41
General Enquiry,14,2,0,31,2,53.6
Document Verification,16,1,0,48,4,67.95
General Enquiry,17,1,0,9,4,9.35
Account Services,15,6,1,41,1,321.51
General Enquiry,10,2,0,53,1,232.6
Customer Support,14,6,1,4,2,13.37
Document Verification,12,6,1,28,3,50.67
Account Services,15,1,0,18,4,37.9
Document Verification,17,2,0,47,3,93.03
Document Verification,12,0,0,15,1,97.56
Document Verification,15,0,0,40,1,202.72
Bill Payment,15,4,0,14,3,13.17
General Enquiry,14,3,0,40,4,43.43
General Enquiry,13,5,1,18,4,15.55
Document Verification,13,3,0,18,4,17.78
Account Services,14,1,0,50,2,212.19
General Enquiry,15,3,0,22,4,23.09
Customer Support,13,2,0,45,4,78.97
General Enquiry,17,4,0,37,2,83.22
Customer Support,9,0,0,16,4,30.39
Document Verification,10,1,0,41,1,249.05
Customer Support,13,4,0,10,4,18.87
General Enquiry,13,6,1,60,1,204.03
General Enquiry,14,2,0,17,4,18.41
Customer Support,13,5,1,33,1,251.32
Document Verification,17,1,0,34,3,57.97
General Enquiry,16,3,0,50,1,174.53
Customer Support,15,6,1,14,3,33.26
Customer Support,14,6,1,48,4,98.68
Account Services,16,5,1,47,4,96.87
General Enquiry,14,6,1,14,3,17.15
Account Services,13,5,1,54,4,124.68
Bill Payment,10,5,1,40,1,142.34
Document Verification,13,2,0,16,4,23.81
Document Verification,14,5,1,23,3,43.39
Account Services,11,0,0,45,1,373.43
Account Services,12,6,1,22,1,198.24
Customer Support,16,6,1,10,3,21.15
Customer Support,13,3,0,37,2,112.42
Customer Support,16,6,1,3,1,22.23
General Enquiry,16,0,0,57,3,85.05
Customer Support,11,5,1,17,3,42.47
General Enquiry,15,2,0,33,2,58.06
Customer Support,12,6,1,3,4,7.68
Document Verification,14,4,0,22,1,119.74
Bill Payment,16,5,1,31,4,26.81
Bill Payment,14,2,0,10,2,17.15
Document Verification,9,5,1,27,2,82.05
Account Services,14,6,1,58,2,226.0
Account Services,17,2,0,39,3,91.7
Customer Support,15,4,0,3,3,3.97
Bill Payment,12,3,0,2,1,6.56
Account Services,15,0,0,5,4,15.71
Customer Support,14,5,1,4,1,28.49
General Enquiry,10,6,1,47,1,189.23
Customer Support,12,5,1,11,3,22.01
Document Verification,17,3,0,26,2,82.54
Document Verification,11,5,1,27,4,35.6
Customer Support,9,6,1,20,4,39.52
Customer Support,16,5,1,40,4,72.5
Document Verification,10,6,1,12,2,37.83
Account Services,14,3,0,50,1,376.22
Account Services,9,1,0,21,1,156.37
Account Services,11,2,0,2,4,0.99
Bill Payment,16,3,0,37,4,29.54
General Enquiry,15,2,0,18,1,61.45
Customer Support,9,5,1,28,4,54.75
Bill Payment,9,2,0,43,3,42.92
Bill Payment,9,3,0,53,2,102.04
Document Verification,9,3,0,51,1,354.18
Bill Payment,9,0,0,4,4,2.73
Bill Payment,13,0,0,47,4,37.69
Customer Support,9,2,0,24,2,84.68
Account Services,12,3,0,34,4,77.75
Document Verification,16,4,0,9,2,25.86
General Enquiry,13,3,0,7,1,31.48
Account Services,9,3,0,63,2,243.65
General Enquiry,17,4,0,26,2,46.99
Document Verification,15,5,1,36,1,214.73
Customer Support,15,0,0,19,2,57.89
General Enquiry,9,1,0,22,3,30.69
Bill Payment,11,2,0,17,1,60.43
Document Verification,14,5,1,20,3,46.73
General Enquiry,14,3,0,22,2,44.58
Account Services,9,1,0,4,1,34.41
General Enquiry,15,5,1,1,2,2.32
Document Verification,14,0,0,57,2,166.51
Document Verification,12,5,1,30,1,166.07
General Enquiry,13,4,0,33,2,60.36
Bill Payment,14,5,1,41,2,62.81
General Enquiry,13,1,0,39,3,50.2
Account Services,12,3,0,15,3,37.16
Customer Support,16,0,0,7,4,14.06
Account Services,11,6,1,14,4,26.74
Bill Payment,15,0,0,40,1,149.95
General Enquiry,17,3,0,56,4,55.67
Account Services,12,2,0,11,3,30.15
Account Services,14,5,1,43,2,191.32
Bill Payment,16,5,1,59,4,54.28
Customer Support,9,0,0,63,2,235.75
General Enquiry,10,1,0,11,4,13.0
Bill Payment,13,6,1,4,3,4.88
General Enquiry,13,4,0,26,1,117.19
Bill Payment,9,4,0,50,2,78.79
Account Services,10,1,0,10,1,74.07
General Enquiry,10,3,0,25,2,48.14
Account Services,11,4,0,5,4,5.55
General Enquiry,13,6,1,53,4,46.52
Customer Support,12,6,1,31,2,120.67
Customer Support,11,0,0,24,4,36.99
Document Verification,16,1,0,47,3,93.53
Bill Payment,15,2,0,5,2,9.34
Document Verification,14,2,0,14,1,92.09
Document Verification,10,3,0,40,2,119.59
Account Services,12,6,1,9,4,18.17
Document Verification,10,4,0,20,4,28.59
Customer Support,11,5,1,31,3,76.86
Customer Support,16,2,0,47,4,88.85
Document Verification,11,4,0,37,4,60.52
Document Verification,11,1,0,31,2,82.25
Bill Payment,13,6,1,53,1,159.06
Account Services,13,6,1,48,2,174.03
Document Verification,11,4,0,11,3,23.46
Bill Payment,10,0,0,65,4,49.92
Document Verification,9,1,0,26,2,80.82
Customer Support,12,2,0,32,1,201.91
Customer Support,12,6,1,16,1,126.56
Account Services,11,4,0,23,2,81.14
Account Services,9,5,1,48,3,112.81
General Enquiry,10,4,0,7,4,10.49
Document Verification,13,2,0,7,4,9.46
Customer Support,15,6,1,29,2,99.2
Account Services,10,5,1,51,1,347.98
General Enquiry,17,5,1,7,2,18.26
Customer Support,9,3,0,10,3,25.83
General Enquiry,13,5,1,32,3,37.8
General Enquiry,11,0,0,16,4,17.26
Document Verification,15,6,1,7,3,19.09
Document Verification,17,4,0,9,4,15.4
Document Verification,11,4,0,9,3,17.27
Document Verification,10,0,0,21,4,24.12
General Enquiry,13,0,0,20,3,29.78
Customer Support,16,5,1,8,4,14.24
Customer Support,13,1,0,4,4,7.49
Document Verification,9,1,0,24,3,49.35
General Enquiry,9,1,0,43,3,50.75
Document Verification,11,4,0,36,1,210.46
Customer Support,16,6,1,25,3,54.78
Bill Payment,11,0,0,11,2,20.06
Account Services,13,4,0,30,2,110.89
Bill Payment,11,5,1,43,2,70.42
Customer Support,10,4,0,30,3,57.81
Document Verification,14,0,0,57,3,103.21
Account Services,15,5,1,39,3,101.89
Document Verification,14,0,0,11,1,66.08
General Enquiry,13,4,0,50,4,45.18
General Enquiry,11,6,1,15,3,19.62
Account Services,9,4,0,62,3,147.49
Bill Payment,15,1,0,27,3,35.01
Customer Support,17,5,1,14,1,87.27
Account Services,13,0,0,15,1,110.0
Customer Support,12,5,1,21,1,128.8
Customer Support,10,2,0,6,4,11.12
Bill Payment,11,0,0,36,2,61.85
General Enquiry,15,1,0,18,3,23.8
Bill Payment,13,5,1,43,2,66.19
Document Verification,11,0,0,21,2,61.92
Document Verification,12,3,0,30,3,65.76
Bill Payment,11,4,0,2,1,7.11
Document Verification,14,3,0,23,1,140.55
Bill Payment,15,0,0,30,3,40.21
Document Verification,13,5,1,5,2,17.47
General Enquiry,10,0,0,8,1,30.62
General Enquiry,10,0,0,22,1,78.12
Account Services,16,1,0,17,3,36.12
General Enquiry,12,6,1,11,3,14.98
Bill Payment,9,6,1,5,1,18.28
Document Verification,17,1,0,5,3,13.63
Account Services,11,3,0,8,1,72.68
Customer Support,11,4,0,2,4,4.9
General Enquiry,9,2,0,49,1,227.03
Account Services,9,1,0,39,1,344.95
Customer Support,17,6,1,10,2,34.77
Account Services,14,4,0,12,1,103.46
Document Verification,12,0,0,47,3,90.47
Document Verification,13,0,0,21,4,28.81
Customer Support,15,4,0,5,3,13.65
Account Services,13,5,1,35,2,131.43
Account Services,12,1,0,40,2,147.74
General Enquiry,16,2,0,51,1,199.39
Document Verification,15,6,1,17,1,99.38
General Enquiry,11,0,0,24,4,25.42
Account Services,14,0,0,46,2,210.83
Customer Support,11,0,0,5,4,15.18
General Enquiry,13,0,0,4,1,13.88
Document Verification,14,6,1,43,3,94.59
General Enquiry,15,5,1,42,2,88.15
Customer Support,11,3,0,12,2,49.94
Document Verification,13,5,1,21,2,67.3
Customer Support,11,4,0,7,1,47.21
Customer Support,17,4,0,28,1,193.66
Customer Support,15,3,0,27,4,52.0
Account Services,14,1,0,31,3,85.5
Document Verification,14,2,0,20,2,56.15
Bill Payment,14,1,0,12,4,10.31
Document Verification,12,3,0,28,1,184.64
Bill Payment,11,3,0,16,2,27.89
Account Services,14,1,0,3,2,12.87
Account Services,10,3,0,33,1,301.69
Customer Support,15,2,0,13,3,31.72
Customer Support,15,4,0,17,3,42.64
Customer Support,14,1,0,8,3,15.67
Account Services,13,2,0,22,1,182.17
Account Services,11,2,0,36,3,95.29
Customer Support,13,4,0,10,2,29.08
Account Services,12,4,0,6,1,45.09
Document Verification,17,5,1,37,3,77.58
Customer Support,13,3,0,22,4,28.37
Account Services,15,1,0,33,4,74.45
Bill Payment,15,6,1,34,4,27.57
Bill Payment,13,0,0,14,4,12.34
Account Services,15,3,0,27,1,200.59
General Enquiry,12,5,1,49,3,63.09
Account Services,9,1,0,42,3,96.99
Customer Support,12,2,0,7,3,11.54
General Enquiry,12,1,0,5,4,2.39
General Enquiry,11,1,0,14,4,13.48
Customer Support,17,5,1,12,3,26.58
Document Verification,14,1,0,24,2,74.12
Bill Payment,16,5,1,42,3,48.62
Account Services,9,1,0,9,1,66.58
Customer Support,12,3,0,8,2,20.68
Bill Payment,10,4,0,51,1,169.36
Bill Payment,15,6,1,36,4,28.84
Bill Payment,12,5,1,3,4,2.79
Bill Payment,10,1,0,17,2,32.1
Bill Payment,13,2,0,6,4,3.59
Bill Payment,14,0,0,72,4,57.87
Document Verification,10,4,0,45,2,129.26
Customer Support,12,2,0,28,2,109.67
Document Verification,16,4,0,32,1,168.71
Bill Payment,9,6,1,28,4,21.64
General Enquiry,10,0,0,70,2,141.57
Account Services,16,4,0,21,1,152.57
Account Services,16,6,1,22,2,96.54
General Enquiry,17,2,0,5,4,7.4
Account Services,13,0,0,64,3,187.38
Document Verification,12,5,1,9,3,16.86
Account Services,16,5,1,36,3,76.22
General Enquiry,14,6,1,16,3,18.84
Customer Support,11,1,0,5,3,13.02
Account Services,11,1,0,21,1,151.15
Customer Support,17,0,0,47,3,105.86
Document Verification,10,0,0,56,1,293.15
Account Services,9,4,0,46,3,126.91
Account Services,14,6,1,43,4,77.18
Document Verification,11,5,1,7,1,42.03
Bill Payment,11,6,1,20,3,20.02
General Enquiry,14,0,0,23,4,20.78
Bill Payment,12,5,1,12,4,13.08
Bill Payment,12,3,0,32,3,41.79
General Enquiry,15,5,1,7,4,8.65
General Enquiry,13,5,1,38,2,78.7
Document Verification,10,3,0,17,4,31.6
Account Services,15,6,1,28,1,223.57
Account Services,13,3,0,4,2,12.44
Account Services,12,6,1,39,4,74.52
Customer Support,16,6,1,42,1,281.41
Account Services,9,6,1,29,1,261.43
Bill Payment,16,6,1,40,3,49.02
Bill Payment,15,0,0,39,2,60.2
Customer Support,16,0,0,14,4,21.84
Bill Payment,16,3,0,28,1,108.2
Bill Payment,12,4,0,20,1,73.21
Document Verification,13,5,1,54,2,159.24
Account Services,12,4,0,29,2,101.34
Document Verification,17,4,0,7,3,14.55
Document Verification,17,3,0,14,1,93.17
Account Services,10,0,0,54,4,110.14
Account Services,16,4,0,34,3,74.05
Customer Support,14,1,0,48,4,69.77
General Enquiry,15,0,0,7,4,6.52
Document Verification,13,1,0,48,3,97.81
Bill Payment,10,1,0,69,4,57.71
Account Services,12,1,0,7,2,32.17
Account Services,11,0,0,27,3,78.29
General Enquiry,10,3,0,10,3,10.82
General Enquiry,15,2,0,26,2,54.28
General Enquiry,16,3,0,31,2,56.93
Bill Payment,15,2,0,23,3,27.21
Account Services,15,6,1,18,2,67.9
Bill Payment,12,3,0,41,4,32.68
Customer Support,11,4,0,19,3,42.96
General Enquiry,14,2,0,39,4,36.63
Document Verification,12,0,0,16,4,20.51
General Enquiry,9,2,0,20,1,77.16
Account Services,12,6,1,33,4,55.34
Document Verification,17,6,1,49,2,154.82
Document Verification,9,6,1,15,4,27.18
Account Services,16,5,1,20,3,50.62
Document Verification,12,1,0,10,1,65.28
Bill Payment,9,1,0,10,2,16.97
Document Verification,13,6,1,19,1,115.02
Document Verification,15,6,1,24,1,130.14
Account Services,17,2,0,45,1,359.29
Bill Payment,13,2,0,50,1,192.15
Account Services,13,1,0,33,3,85.59
General Enquiry,16,2,0,8,4,6.45
Bill Payment,16,2,0,10,1,37.51
Customer Support,12,0,0,30,4,48.35
Document Verification,17,4,0,22,2,56.65
Document Verification,11,0,0,45,4,66.37
Document Verification,17,2,0,26,3,46.38
Document Verification,9,6,1,50,1,342.57
Customer Support,17,3,0,16,3,35.47
Customer Support,11,6,1,18,1,136.48
Document Verification,17,3,0,34,2,97.89
Customer Support,11,4,0,8,3,14.06
Account Services,12,5,1,10,1,79.69
General Enquiry,9,4,0,37,3,41.87
Customer Support,14,4,0,38,1,263.85
Account Services,9,3,0,53,1,387.03
General Enquiry,13,1,0,18,3,27.12
Customer Support,14,5,1,20,4,34.36
Account Services,10,3,0,39,4,73.58
Document Verification,9,1,0,45,2,150.62
General Enquiry,10,1,0,50,2,98.45
Document Verification,17,4,0,12,2,39.29
Account Services,17,5,1,3,1,19.62
Customer Support,9,4,0,18,2,58.62
Customer Support,17,2,0,8,2,24.06
General Enquiry,11,5,1,10,2,23.87
Document Verification,13,4,0,40,2,109.7
Customer Support,15,3,0,13,1,78.52
Document Verification,13,4,0,22,1,149.25
Account Services,9,1,0,8,3,26.84
Customer Support,9,1,0,46,1,284.86
Bill Payment,10,5,1,23,2,43.47
Bill Payment,15,2,0,2,2,2.95
Customer Support,14,5,1,16,1,104.72
Account Services,16,2,0,45,4,77.22
Account Services,12,1,0,21,3,50.78
General Enquiry,12,4,0,32,3,42.81
Bill Payment,10,6,1,41,3,41.92
General Enquiry,17,4,0,4,3,5.35
Bill Payment,13,3,0,25,2,40.24
General Enquiry,15,4,0,31,4,28.59
General Enquiry,16,2,0,5,3,7.51
General Enquiry,17,1,0,30,4,32.7
Document Verification,10,4,0,4,4,4.06
General Enquiry,10,6,1,6,4,7.4
Document Verification,9,4,0,44,3,93.67
Customer Support,17,6,1,7,4,8.3
General Enquiry,13,2,0,23,4,24.93
Document Verification,14,5,1,44,1,290.36
Bill Payment,10,0,0,44,1,152.5
General Enquiry,10,0,0,3,1,13.24
Document Verification,11,2,0,28,4,41.23
Document Verification,9,2,0,55,1,353.37
Document Verification,14,1,0,51,3,82.78
General Enquiry,14,2,0,7,4,7.13
Bill Payment,17,4,0,27,3,34.34
General Enquiry,12,5,1,3,2,7.6
Bill Payment,16,5,1,23,1,77.09
Customer Support,12,6,1,29,4,52.65
Document Verification,14,6,1,17,1,97.53
Document Verification,17,1,0,55,1,354.78
Customer Support,17,6,1,46,1,357.28
Bill Payment,12,3,0,14,1,47.98
Customer Support,13,0,0,46,4,80.26
General Enquiry,15,1,0,31,2,60.47
Account Services,16,5,1,55,2,235.36
Account Services,16,1,0,36,2,163.51
Bill Payment,12,4,0,9,1,40.19
General Enquiry,16,0,0,37,3,51.13
Account Services,15,3,0,6,4,13.35
Account Services,16,5,1,15,3,47.05
General Enquiry,16,5,1,25,4,24.29
Bill Payment,14,5,1,51,2,87.29
Customer Support,14,1,0,44,3,88.85
General Enquiry,14,2,0,53,2,95.63
Bill Payment,10,6,1,37,1,136.19
General Enquiry,15,4,0,24,4,27.46
Account Services,17,3,0,36,3,95.99
Document Verification,15,1,0,13,4,20.04
Customer Support,9,1,0,28,2,92.36
Customer Support,17,4,0,19,1,144.88
Customer Support,14,1,0,16,4,24.52
Document Verification,13,0,0,37,2,114.44
Bill Payment,11,4,0,2,1,7.99
Account Services,14,3,0,12,2,42.99
Document Verification,16,2,0,36,3,70.55
Document Verification,16,4,0,55,1,343.32
Account Services,16,3,0,48,3,145.44
Document Verification,12,1,0,23,2,76.21
Account Services,12,3,0,3,3,5.95
Account Services,15,1,0,30,2,131.37
Account Services,15,4,0,16,1,127.14
General Enquiry,13,6,1,36,2,62.07
General Enquiry,10,4,0,36,2,64.07
Customer Support,14,6,1,39,2,140.26
General Enquiry,16,4,0,56,2,123.19
Customer Support,12,4,0,20,4,34.06
Bill Payment,12,3,0,18,3,22.92
Bill Payment,14,4,0,49,3,52.76
Bill Payment,12,2,0,25,3,30.03
General Enquiry,14,5,1,47,3,55.67
General Enquiry,17,6,1,47,3,67.0
Customer Support,12,3,0,20,2,80.61
Account Services,13,2,0,43,3,131.99
Customer Support,9,6,1,7,4,18.84
General Enquiry,13,2,0,13,4,13.88
General Enquiry,16,0,0,47,1,170.61
Bill Payment,16,3,0,22,2,36.81
Customer Support,11,2,0,20,2,60.91
Customer Support,16,1,0,45,3,109.47
Account Services,17,5,1,11,2,43.15
Account Services,17,1,0,22,3,56.99
General Enquiry,15,2,0,17,3,22.16
Account Services,16,6,1,36,1,278.78
Customer Support,13,2,0,23,1,145.3
Account Services,16,1,0,13,4,30.62
Bill Payment,16,2,0,40,4,32.78
Customer Support,16,4,0,38,1,238.02
Account Services,13,2,0,14,1,103.14
Account Services,16,3,0,14,1,129.29
Customer Support,11,3,0,1,3,1.54
Account Services,16,0,0,61,3,156.04
Account Services,10,4,0,11,1,92.33
Bill Payment,12,1,0,11,3,10.36
General Enquiry,16,6,1,26,3,36.23
Customer Support,17,4,0,30,2,107.1
General Enquiry,12,0,0,36,4,37.87
Account Services,12,6,1,22,3,52.28
Account Services,9,1,0,41,1,281.54
Document Verification,15,0,0,28,1,183.08
Customer Support,16,2,0,14,3,28.74
Bill Payment,16,0,0,16,3,19.38
Account Services,17,3,0,17,3,50.0
Customer Support,17,4,0,46,3,110.61
General Enquiry,16,2,0,50,3,69.73
Customer Support,15,4,0,34,2,105.83
Bill Payment,10,4,0,42,1,148.89
Customer Support,11,2,0,6,4,12.01
Account Services,11,5,1,13,4,30.57
Bill Payment,16,1,0,25,4,22.71
Document Verification,9,5,1,24,2,80.86
General Enquiry,16,3,0,15,3,20.56
Document Verification,12,2,0,16,4,21.68
Customer Support,12,4,0,11,3,26.01
Account Services,12,3,0,18,1,153.52
Bill Payment,15,3,0,2,3,3.98
Customer Support,16,6,1,38,2,144.95
Bill Payment,9,6,1,41,1,139.22
Document Verification,14,5,1,54,3,99.1
Document Verification,9,6,1,5,2,12.15
Customer Support,9,2,0,20,2,71.89
Document Verification,9,4,0,5,3,11.67
Account Services,10,2,0,17,2,74.66
Bill Payment,14,1,0,32,3,33.87
Customer Support,16,5,1,20,4,33.25
General Enquiry,16,2,0,21,3,28.61
Customer Support,13,2,0,38,3,95.38
Customer Support,17,2,0,47,3,103.57
General Enquiry,16,4,0,20,4,19.77
Bill Payment,17,3,0,44,2,80.56
General Enquiry,14,5,1,21,2,45.49
Account Services,16,6,1,10,1,72.32
General Enquiry,11,1,0,5,4,6.32
Account Services,12,0,0,24,4,55.34
Account Services,16,4,0,16,1,138.28
Document Verification,11,2,0,32,2,79.62
General Enquiry,15,4,0,20,1,81.0
Document Verification,10,6,1,36,4,49.57
Account Services,13,2,0,14,1,126.92
Document Verification,9,0,0,4,3,7.35
Document Verification,16,1,0,26,2,78.3
General Enquiry,14,1,0,12,3,14.07
Account Services,17,5,1,47,2,173.22
General Enquiry,15,2,0,16,2,33.14
Document Verification,15,3,0,12,4,20.41
Bill Payment,12,3,0,6,3,8.55
Account Services,12,0,0,35,2,147.03
Customer Support,17,5,1,42,1,326.41
Bill Payment,15,5,1,11,1,39.64
General Enquiry,14,5,1,64,2,112.22
General Enquiry,10,5,1,32,2,60.66
Account Services,12,0,0,3,4,4.97
Customer Support,12,4,0,5,4,10.92
Account Services,17,5,1,51,2,221.07
General Enquiry,14,5,1,52,1,236.53
General Enquiry,15,5,1,23,3,30.66
Customer Support,15,5,1,31,1,213.91
Bill Payment,12,2,0,4,3,3.3
Account Services,12,0,0,39,2,165.18
Customer Support,11,0,0,21,2,79.03
Account Services,10,4,0,21,1,195.6
Bill Payment,11,4,0,11,3,13.52
Account Services,16,6,1,5,3,9.57
Customer Support,12,2,0,39,3,104.9
Document Verification,12,6,1,27,1,184.7
Account Services,13,2,0,32,2,134.04
General Enquiry,10,4,0,29,2,66.91
Customer Support,16,1,0,21,3,38.4
Customer Support,12,2,0,39,2,114.06
Bill Payment,13,5,1,35,1,107.46
Document Verification,9,4,0,12,2,25.12
Bill Payment,10,0,0,33,4,26.07
Customer Support,14,4,0,11,4,22.29
Bill Payment,16,5,1,39,2,70.76
Bill Payment,12,4,0,13,3,15.61
Customer Support,16,5,1,49,4,81.92
General Enquiry,16,5,1,49,3,57.65
Bill Payment,15,1,0,10,1,37.28
Customer Support,13,0,0,38,3,96.17
Document Verification,13,3,0,52,3,104.17
Bill Payment,13,6,1,21,1,70.96
Customer Support,15,0,0,12,3,24.75
General Enquiry,17,0,0,26,4,28.2
Document Verification,14,3,0,24,1,162.4
Document Verification,10,5,1,32,4,45.13
Bill Payment,14,4,0,47,1,175.86
Bill Payment,10,6,1,7,3,6.97
Account Services,13,6,1,62,1,453.93
Bill Payment,13,2,0,30,2,44.37
Document Verification,9,1,0,45,3,97.08
Customer Support,10,3,0,23,1,172.77
General Enquiry,17,5,1,18,3,22.37
Bill Payment,9,1,0,40,4,36.89
Account Services,10,3,0,17,4,37.05
Account Services,12,0,0,44,2,176.8
General Enquiry,11,3,0,11,3,11.54
Account Services,14,3,0,47,4,108.0
Account Services,13,1,0,44,1,346.21
General Enquiry,15,6,1,31,1,129.91
Bill Payment,10,2,0,25,2,44.15
Bill Payment,15,5,1,34,3,35.6
Document Verification,10,0,0,83,4,143.44
Customer Support,16,1,0,52,1,411.48
Account Services,13,1,0,7,2,22.22
Customer Support,12,1,0,12,4,24.48
Bill Payment,16,4,0,36,2,68.41
Customer Support,12,4,0,35,3,76.49
Bill Payment,12,2,0,13,4,11.84
Account Services,10,0,0,69,4,148.1
Bill Payment,9,6,1,16,2,31.0
Bill Payment,13,4,0,17,4,15.87
Document Verification,10,0,0,27,1,157.76
Customer Support,15,6,1,20,2,61.55
Account Services,15,6,1,30,1,230.12
Account Services,14,5,1,25,3,70.0
Bill Payment,9,3,0,46,1,169.41
Document Verification,9,5,1,54,1,315.52
General Enquiry,14,2,0,31,3,38.26
Bill Payment,15,0,0,34,2,61.91
General Enquiry,10,6,1,46,1,173.21
Bill Payment,16,4,0,4,4,4.94
Account Services,11,1,0,23,1,161.75
Account Services,11,5,1,37,4,84.66
Customer Support,10,4,0,24,2,83.49
Account Services,15,2,0,4,2,19.88
Customer Support,16,0,0,8,4,10.74
Account Services,13,1,0,47,2,177.88
Document Verification,15,6,1,22,3,38.3
Document Verification,14,1,0,12,4,19.18
Document Verification,9,2,0,8,1,42.41
Customer Support,11,0,0,17,1,114.75
Document Verification,9,0,0,50,4,77.99
Bill Payment,14,2,0,18,2,27.33
Customer Support,13,6,1,4,1,32.36
General Enquiry,16,6,1,19,2,40.24
Account Services,10,2,0,23,3,70.53
Customer Support,17,0,0,47,2,166.98
Account Services,16,6,1,39,3,99.01
General Enquiry,10,4,0,43,3,51.33
Document Verification,15,1,0,15,1,85.0
Customer Support,14,4,0,10,4,15.97
Customer Support,11,5,1,31,3,71.67
Account Services,10,1,0,52,2,183.25
General Enquiry,14,3,0,4,2,7.3
Document Verification,9,0,0,76,2,220.55
Bill Payment,9,5,1,57,4,54.44
Account Services,10,2,0,36,3,109.0
Account Services,14,6,1,36,4,57.55
Bill Payment,10,6,1,18,1,67.05
General Enquiry,13,0,0,7,4,10.79
General Enquiry,12,4,0,39,1,149.08
Account Services,10,1,0,5,2,21.43
Document Verification,9,4,0,61,1,340.65
Document Verification,14,6,1,17,4,23.98
Account Services,13,0,0,49,2,181.16
Bill Payment,12,2,0,30,3,36.88
Bill Payment,13,5,1,30,3,38.51
Bill Payment,15,6,1,48,1,192.61
Document Verification,13,4,0,5,1,28.87
Document Verification,12,5,1,16,2,50.9
General Enquiry,16,6,1,24,3,26.39
Bill Payment,13,4,0,6,3,8.26
Account Services,16,5,1,51,3,145.45
Account Services,15,3,0,15,4,24.52
Document Verification,10,1,0,46,2,124.5
Account Services,16,5,1,34,2,134.09
Account Services,14,1,0,56,4,103.41
General Enquiry,12,0,0,5,3,4.17
General Enquiry,16,3,0,27,2,47.24
Document Verification,10,0,0,15,1,92.18
General Enquiry,16,5,1,58,2,118.18
Document Verification,17,3,0,17,1,89.68
General Enquiry,15,5,1,28,1,102.48
Account Services,10,4,0,31,1,262.74
Bill Payment,17,6,1,19,4,15.26
Customer Support,13,5,1,62,4,112.16
Account Services,14,3,0,39,1,300.72
Document Verification,14,5,1,46,3,86.93
Document Verification,9,1,0,34,2,114.63
Account Services,12,0,0,29,3,63.59
Account Services,10,5,1,20,4,37.15
Account Services,10,1,0,19,3,54.19
Document Verification,9,5,1,77,1,413.93
General Enquiry,9,6,1,46,1,165.47
Bill Payment,15,0,0,23,2,41.38
Account Services,9,5,1,45,1,402.23
Bill Payment,17,2,0,7,2,12.25
Account Services,11,5,1,1,2,1.59
Customer Support,10,6,1,8,4,13.86
Document Verification,14,0,0,58,1,370.17
Customer Support,12,6,1,14,4,25.9
General Enquiry,9,0,0,58,1,251.96
Bill Payment,17,5,1,25,2,45.56
Account Services,17,0,0,39,4,73.35
Document Verification,10,5,1,25,2,69.98
Bill Payment,10,2,0,47,1,151.9
Customer Support,13,0,0,30,4,49.47
Customer Support,11,4,0,19,3,41.45
Document Verification,13,4,0,29,1,190.59
Account Services,16,6,1,11,2,39.81
General Enquiry,9,5,1,6,3,7.02
Account Services,9,4,0,5,1,42.02
Account Services,14,5,1,51,4,95.35
Account Services,9,3,0,11,1,88.02
Bill Payment,9,5,1,9,3,10.09
Customer Support,16,6,1,43,4,83.9
Bill Payment,15,3,0,31,1,116.12
Bill Payment,15,3,0,17,4,15.08
Document Verification,17,2,0,12,1,71.33
General Enquiry,12,5,1,31,1,121.27
Customer Support,15,2,0,25,1,165.83
Document Verification,15,1,0,10,1,62.67
Bill Payment,12,3,0,24,2,42.17
Account Services,11,5,1,2,3,10.31
Account Services,11,6,1,7,4,13.01
General Enquiry,11,5,1,3,2,7.74
Document Verification,14,0,0,66,1,453.51
Document Verification,9,0,0,66,2,201.07
Document Verification,11,4,0,24,3,51.27
Document Verification,9,1,0,49,4,76.98
Document Verification,11,0,0,36,1,218.88
Document Verification,10,4,0,21,1,117.16
Account Services,17,4,0,32,1,266.9
Customer Support,17,5,1,16,3,34.13
Document Verification,15,0,0,22,2,67.92
General Enquiry,13,5,1,3,1,12.86
Account Services,9,5,1,19,2,77.75
Bill Payment,17,4,0,46,2,91.78
Document Verification,9,3,0,23,4,36.08
Bill Payment,14,2,0,59,1,179.25
Account Services,15,4,0,20,4,45.06
Document Verification,14,0,0,53,4,80.25
Account Services,16,2,0,37,3,109.0
Account Services,11,1,0,32,3,79.57
Account Services,9,4,0,34,4,73.33
Customer Support,12,6,1,28,3,73.38
Customer Support,14,6,1,50,1,381.7
Document Verification,16,2,0,41,2,130.97
Account Services,14,4,0,13,1,101.52
Document Verification,10,4,0,35,1,205.29
General Enquiry,14,1,0,57,3,74.25
Customer Support,16,4,0,38,3,98.15
General Enquiry,15,0,0,20,3,26.74
Account Services,17,4,0,14,1,126.45
Customer Support,14,2,0,30,2,101.94
Bill Payment,13,6,1,16,3,16.99
Customer Support,16,6,1,51,4,99.63
Bill Payment,11,1,0,16,1,50.01
Bill Payment,12,3,0,10,3,13.23
Bill Payment,14,2,0,29,2,55.39
Account Services,16,4,0,47,3,139.2
Bill Payment,14,2,0,21,3,20.04
General Enquiry,11,0,0,39,2,85.02
Document Verification,11,6,1,32,3,54.55
General Enquiry,10,6,1,43,4,41.44
Bill Payment,12,0,0,9,1,31.21
Customer Support,16,1,0,13,1,85.24
General Enquiry,16,4,0,19,2,38.63
Account Services,12,5,1,39,4,77.03
Account Services,15,3,0,28,2,106.73
Bill Payment,9,1,0,8,4,8.43
Customer Support,11,6,1,34,4,57.05
Account Services,14,1,0,41,1,366.09
Document Verification,14,1,0,59,1,306.07
General Enquiry,11,1,0,9,4,11.52
General Enquiry,15,1,0,7,4,7.17
Customer Support,10,5,1,50,2,198.81
Document Verification,9,3,0,58,2,183.94
Document Verification,15,1,0,15,2,37.45
Bill Payment,9,1,0,8,3,10.07
Bill Payment,15,2,0,42,4,36.92
Document Verification,14,3,0,43,1,256.27
General Enquiry,15,6,1,43,4,45.58
Customer Support,10,0,0,30,4,52.94
Account Services,11,1,0,21,1,153.93
General Enquiry,15,6,1,33,2,57.57
Account Services,17,3,0,51,4,111.5
Bill Payment,15,6,1,8,4,7.68
Customer Support,11,2,0,28,2,90.38
Customer Support,9,4,0,37,4,76.68
Customer Support,9,3,0,15,3,37.35
General Enquiry,9,3,0,5,2,11.49
General Enquiry,14,4,0,55,4,47.11
General Enquiry,12,0,0,26,4,31.4
Bill Payment,14,4,0,45,4,45.3
General Enquiry,16,5,1,8,2,19.33
Account Services,11,4,0,27,4,58.8
Document Verification,17,4,0,39,1,195.08
Customer Support,14,6,1,41,2,130.76
General Enquiry,11,1,0,7,1,22.77
General Enquiry,11,1,0,17,4,19.69
Customer Support,10,2,0,26,1,205.74
Document Verification,16,2,0,7,1,39.09
General Enquiry,13,2,0,33,2,59.26
Bill Payment,14,5,1,38,3,38.67
Account Services,16,1,0,10,4,21.83
Bill Payment,12,2,0,19,1,56.93
Customer Support,16,1,0,45,2,153.13
Document Verification,11,1,0,35,3,72.79
Account Services,11,5,1,16,4,42.44
General Enquiry,14,6,1,43,2,94.72
Document Verification,12,5,1,9,3,15.65
Account Services,9,0,0,8,2,35.16
Document Verification,9,4,0,37,1,236.7
Account Services,17,5,1,35,2,155.86
General Enquiry,13,6,1,20,2,38.79
Customer Support,10,3,0,53,3,117.67
Customer Support,12,2,0,11,3,24.25
Customer Support,17,2,0,8,3,15.95
Customer Support,12,3,0,6,4,8.23
Document Verification,13,2,0,60,4,93.34
Document Verification,13,3,0,42,2,140.89
Customer Support,11,1,0,11,1,73.96
Bill Payment,15,1,0,9,2,17.88
Account Services,16,0,0,9,2,36.06
Document Verification,15,2,0,16,2,44.15
Account Services,15,1,0,13,3,30.15
Bill Payment,14,5,1,47,4,46.49
Customer Support,9,2,0,21,4,32.47
Account Services,12,6,1,19,4,36.61
Bill Payment,17,4,0,24,4,23.72
Account Services,10,0,0,54,2,183.63
Account Services,15,6,1,31,3,74.36
Customer Support,9,3,0,12,2,42.02
Account Services,13,2,0,23,4,49.84
Bill Payment,14,0,0,13,1,39.51
General Enquiry,16,6,1,20,2,48.22
Document Verification,10,4,0,28,4,33.26
General Enquiry,9,2,0,24,1,79.78
Document Verification,14,6,1,67,3,120.11
Document Verification,10,3,0,16,3,27.21
Account Services,12,0,0,5,2,12.13
General Enquiry,13,6,1,8,1,31.6
General Enquiry,9,0,0,32,2,57.96
General Enquiry,10,0,0,31,2,55.94
Account Services,14,4,0,51,1,387.22
Account Services,13,5,1,41,4,93.44
Bill Payment,10,5,1,33,3,42.55
Account Services,10,6,1,23,3,56.46
Bill Payment,13,3,0,38,1,132.29
Document Verification,12,0,0,23,2,65.57
Document Verification,14,2,0,10,3,18.08
General Enquiry,11,1,0,10,4,11.55
General Enquiry,14,3,0,5,1,21.71
Account Services,15,1,0,13,3,28.77
Customer Support,12,6,1,45,3,115.72
General Enquiry,10,1,0,25,4,24.37
General Enquiry,14,2,0,56,2,105.13
Bill Payment,15,2,0,9,2,12.38
Document Verification,12,6,1,39,2,104.08
General Enquiry,16,0,0,24,3,34.27
Account Services,16,0,0,42,2,170.72
General Enquiry,13,3,0,29,4,33.76
Document Verification,11,6,1,20,4,30.36
General Enquiry,10,3,0,42,2,91.52
Account Services,17,4,0,31,2,134.73
Document Verification,15,6,1,20,4,29.92
Customer Support,12,4,0,17,2,66.36
Bill Payment,17,5,1,17,2,30.64
Account Services,14,6,1,56,1,504.23
Bill Payment,11,4,0,6,2,6.99
Bill Payment,9,6,1,8,3,8.28
Account Services,14,5,1,12,3,28.38
General Enquiry,17,2,0,51,1,200.8
Bill Payment,11,1,0,19,1,62.67
Customer Support,11,1,0,17,1,130.45
Document Verification,15,5,1,8,4,9.88
Bill Payment,17,0,0,68,3,77.98
Document Verification,11,2,0,4,3,9.9
Document Verification,17,3,0,36,1,196.18
Account Services,10,2,0,56,1,407.47
Account Services,15,3,0,27,1,241.57
Document Verification,13,0,0,48,3,85.57
Account Services,17,5,1,4,2,20.92
Account Services,9,2,0,3,2,9.86
General Enquiry,10,2,0,13,1,47.06
Bill Payment,10,0,0,41,4,34.37
Bill Payment,17,6,1,27,4,24.43
General Enquiry,10,0,0,45,4,45.1
General Enquiry,16,6,1,57,3,67.83
Bill Payment,13,4,0,32,2,48.75
Document Verification,14,3,0,44,1,293.56
General Enquiry,9,1,0,11,1,49.22
General Enquiry,16,3,0,18,2,42.09
Account Services,11,5,1,28,2,125.03
Document Verification,12,4,0,37,4,58.54
Document Verification,10,4,0,54,4,81.75
General Enquiry,16,2,0,36,2,78.37
General Enquiry,17,4,0,3,2,7.03
General Enquiry,11,4,0,28,4,29.5
Document Verification,15,4,0,22,3,45.96
Account Services,16,1,0,44,3,124.91
Account Services,17,2,0,8,1,65.61
Document Verification,10,6,1,50,2,160.43
Customer Support,10,5,1,13,3,37.5
Customer Support,11,2,0,39,1,295.3
Customer Support,10,2,0,37,1,274.63
Customer Support,10,6,1,39,1,286.34
General Enquiry,12,0,0,18,4,18.19
Customer Support,13,2,0,5,3,11.76
Bill Payment,12,5,1,37,4,38.28
Bill Payment,16,3,0,17,4,17.1
Bill Payment,11,3,0,22,3,24.5
Customer Support,15,0,0,47,1,314.97
Bill Payment,14,6,1,32,4,27.32
Customer Support,12,0,0,23,4,34.34
Customer Support,12,6,1,29,4,47.99
Document Verification,15,4,0,35,3,63.23
Document Verification,9,0,0,38,3,87.11
Account Services,14,2,0,18,1,164.06
Customer Support,16,3,0,18,2,62.47
Customer Support,12,6,1,30,1,235.37
Customer Support,15,2,0,22,1,142.42
Customer Support,12,4,0,8,3,21.85
Account Services,16,1,0,30,1,253.01
Customer Support,17,5,1,13,2,51.21
Document Verification,10,0,0,78,1,421.34
Customer Support,17,1,0,25,2,84.9
Customer Support,17,0,0,28,4,44.65
Account Services,13,2,0,50,1,391.36
Customer Support,12,0,0,6,3,15.43
General Enquiry,15,2,0,42,2,84.16
Account Services,17,5,1,28,2,99.47
Document Verification,13,0,0,8,4,15.22
Bill Payment,9,3,0,12,2,20.16
Bill Payment,14,5,1,18,2,33.15
Bill Payment,15,1,0,6,4,3.64
Customer Support,13,3,0,22,3,49.8
General Enquiry,9,0,0,5,1,20.05
General Enquiry,12,0,0,7,1,32.14
Customer Support,10,6,1,53,1,375.16
Customer Support,17,1,0,48,4,77.92
Bill Payment,15,4,0,16,3,17.39
General Enquiry,12,1,0,6,2,15.2
Bill Payment,15,1,0,19,1,73.68
Document Verification,13,3,0,12,2,40.33
Bill Payment,12,1,0,39,4,28.9
Customer Support,13,0,0,8,3,16.39
Document Verification,13,3,0,33,2,93.56
Bill Payment,12,5,1,21,2,34.62
Customer Support,17,3,0,28,4,52.4
Bill Payment,14,4,0,9,3,11.35
Bill Payment,14,4,0,36,2,55.2
Bill Payment,11,5,1,18,1,51.41
Account Services,15,1,0,16,1,116.32
Customer Support,15,4,0,15,1,104.37
Bill Payment,17,1,0,18,2,30.63
Account Services,17,6,1,29,1,243.58
Account Services,9,4,0,12,2,46.1
General Enquiry,14,3,0,57,2,124.46
General Enquiry,10,4,0,22,2,43.63
Customer Support,16,6,1,5,2,21.63
General Enquiry,15,5,1,25,2,45.63
General Enquiry,11,6,1,3,4,3.25
Customer Support,9,6,1,66,2,244.51
Bill Payment,13,5,1,26,4,19.82
General Enquiry,15,2,0,34,1,119.23
General Enquiry,9,4,0,47,4,49.39
Account Services,14,3,0,19,4,38.85
Account Services,9,5,1,61,2,252.89
Customer Support,13,5,1,9,4,17.17
General Enquiry,14,4,0,41,3,55.81
Customer Support,11,0,0,10,4,15.47
Bill Payment,14,4,0,29,4,28.41
General Enquiry,10,2,0,26,1,105.47
Account Services,15,6,1,41,1,284.39
Document Verification,14,5,1,37,2,119.24
Customer Support,16,6,1,9,3,25.97
Customer Support,15,4,0,36,3,80.4
Account Services,17,6,1,21,4,34.67
Document Verification,9,3,0,17,1,87.11
Bill Payment,15,0,0,8,4,5.62
Customer Support,11,5,1,3,4,8.37
Document Verification,16,5,1,51,2,162.54
Customer Support,13,2,0,47,1,339.07
Document Verification,9,3,0,63,3,108.29
Bill Payment,17,4,0,32,4,28.09
Bill Payment,11,3,0,26,3,27.1
Bill Payment,10,6,1,37,2,70.47
General Enquiry,14,0,0,66,3,77.21
General Enquiry,13,1,0,41,3,55.94
Account Services,10,2,0,13,4,23.22
General Enquiry,12,0,0,22,1,80.26
Account Services,12,3,0,27,4,42.79
Document Verification,17,3,0,24,3,54.62
Document Verification,9,4,0,8,1,38.1
Bill Payment,12,0,0,4,2,6.0
Document Verification,15,6,1,15,3,27.82
Account Services,16,3,0,8,4,11.02
Bill Payment,15,1,0,29,1,104.1
Customer Support,10,4,0,3,1,18.03
Bill Payment,14,0,0,57,2,114.2
Document Verification,14,1,0,52,2,134.92
Document Verification,17,1,0,6,3,12.64
Customer Support,10,0,0,40,2,146.04
Account Services,9,2,0,40,1,342.73
Customer Support,12,6,1,18,2,72.16
Document Verification,10,1,0,52,3,117.28
General Enquiry,12,5,1,12,4,11.89
General Enquiry,9,4,0,14,2,30.3
Bill Payment,11,2,0,6,1,18.63
Customer Support,11,6,1,35,3,97.24
Bill Payment,14,4,0,15,1,56.73
Account Services,10,4,0,39,3,97.86
Customer Support,13,3,0,22,4,38.27
Account Services,9,3,0,31,3,92.49
General Enquiry,9,0,0,58,2,102.75
Customer Support,10,2,0,4,3,12.79
Customer Support,13,3,0,17,2,66.3
Account Services,13,6,1,38,4,65.84
General Enquiry,11,1,0,19,3,28.56
Document Verification,13,4,0,25,3,47.66
Document Verification,12,0,0,27,3,47.05
Account Services,16,4,0,9,3,25.64
Account Services,13,5,1,26,2,95.5
Document Verification,13,5,1,40,2,111.48
General Enquiry,13,6,1,48,2,86.4
Bill Payment,14,3,0,50,1,162.96
General Enquiry,9,6,1,25,4,28.5
Account Services,9,1,0,37,3,86.65
Document Verification,15,2,0,22,2,66.07
General Enquiry,12,2,0,35,2,71.49
Bill Payment,17,5,1,45,4,34.08
Document Verification,11,5,1,35,2,98.08
Document Verification,15,4,0,3,4,4.28
Customer Support,15,6,1,36,2,124.38
Account Services,9,6,1,46,1,353.65
Customer Support,12,3,0,29,4,43.87
Document Verification,12,2,0,26,3,50.17
Account Services,10,5,1,18,1,143.95
Document Verification,14,0,0,43,3,83.15
Account Services,14,2,0,55,1,378.13
Bill Payment,11,2,0,13,4,12.3
Bill Payment,17,6,1,6,2,10.38
Document Verification,15,4,0,26,3,56.47
Document Verification,14,0,0,10,1,59.42
Document Verification,9,0,0,52,1,353.66
Customer Support,13,5,1,54,4,110.96
Account Services,14,4,0,7,2,31.31
General Enquiry,14,0,0,69,3,87.61
Customer Support,11,3,0,12,4,20.87
Document Verification,9,6,1,33,4,53.66
Document Verification,11,5,1,14,4,20.36
Document Verification,13,0,0,39,2,96.66
Document Verification,12,5,1,9,4,16.13
Customer Support,17,0,0,17,3,39.24
Document Verification,15,2,0,5,4,7.96
General Enquiry,17,6,1,23,3,29.55
Document Verification,17,6,1,13,2,33.29
Bill Payment,11,1,0,16,3,21.42
Customer Support,9,4,0,69,4,126.08
Document Verification,14,5,1,39,4,62.57
Customer Support,10,0,0,30,3,61.71
Document Verification,9,2,0,29,4,48.77
Customer Support,12,6,1,15,4,19.45
Customer Support,16,0,0,31,3,72.19
Document Verification,15,3,0,27,3,51.43
Customer Support,16,0,0,44,2,139.48
Customer Support,16,2,0,20,1,148.34
Customer Support,10,6,1,64,4,121.64
Customer Support,17,0,0,32,3,74.11
Bill Payment,12,4,0,32,3,42.05
Bill Payment,14,4,0,36,4,31.2
Customer Support,9,1,0,59,4,110.25
Customer Support,11,1,0,19,3,46.71
Document Verification,10,6,1,33,2,100.97
Document Verification,12,3,0,11,4,15.52
General Enquiry,10,6,1,41,1,155.24
Customer Support,13,0,0,45,3,115.08
Document Verification,15,0,0,40,3,84.08
Customer Support,13,0,0,14,1,93.96
Account Services,11,0,0,2,2,9.93
Document Verification,15,1,0,4,3,7.5
Bill Payment,10,0,0,36,4,31.43
Account Services,16,1,0,14,3,40.42
Customer Support,9,5,1,34,2,129.4
Bill Payment,17,6,1,34,1,113.26
General Enquiry,17,6,1,23,4,22.55
General Enquiry,12,5,1,28,2,49.59
Account Services,9,0,0,11,2,37.77
Document Verification,13,6,1,30,4,43.94
Bill Payment,12,1,0,14,4,12.21
Bill Payment,13,2,0,51,4,47.99
Customer Support,9,4,0,35,3,84.8
Account Services,17,3,0,40,4,78.15
General Enquiry,10,0,0,23,2,40.58
Bill Payment,9,0,0,35,3,41.04
General Enquiry,9,4,0,42,4,44.42
Account Services,12,1,0,7,2,30.46
Bill Payment,13,0,0,64,1,230.31
Bill Payment,10,2,0,36,4,28.96
Bill Payment,17,3,0,18,4,14.17
Bill Payment,11,1,0,19,1,56.15
Account Services,17,0,0,32,2,139.76
Account Services,11,3,0,22,3,51.99
Document Verification,16,2,0,34,3,77.75
Document Verification,10,2,0,18,1,97.91
Document Verification,15,5,1,34,4,58.64
Account Services,11,5,1,41,1,279.79
Bill Payment,17,1,0,45,1,166.49
Customer Support,11,6,1,21,4,30.44
Document Verification,11,4,0,6,1,30.12
Bill Payment,14,3,0,24,3,24.06
General Enquiry,10,5,1,58,3,84.89
General Enquiry,10,5,1,54,3,75.26
Document Verification,14,1,0,52,3,109.14
General Enquiry,12,3,0,6,1,21.5
General Enquiry,16,0,0,36,3,43.4
Document Verification,12,1,0,26,4,40.36
General Enquiry,13,6,1,19,4,19.27
Document Verification,14,3,0,28,4,45.43
General Enquiry,17,5,1,16,1,66.87
Customer Support,17,2,0,33,3,83.13
Bill Payment,13,3,0,33,1,116.05
Bill Payment,12,1,0,20,2,36.51
Bill Payment,13,6,1,14,2,22.15
Bill Payment,11,1,0,28,4,29.83
Account Services,15,1,0,17,3,52.06
Customer Support,14,4,0,23,3,44.12
Document Verification,13,4,0,23,1,146.34
General Enquiry,15,0,0,19,2,38.66
Customer Support,10,3,0,19,2,71.7
Bill Payment,10,3,0,40,1,145.62
Bill Payment,10,5,1,54,1,212.55
General Enquiry,16,5,1,11,4,8.64
Document Verification,13,5,1,42,3,74.76
Document Verification,11,5,1,34,4,55.29
Account Services,16,5,1,43,2,155.61
General Enquiry,15,6,1,16,4,17.54
Customer Support,17,5,1,4,1,20.28
Account Services,14,6,1,27,1,227.25
Account Services,10,4,0,45,3,103.68
General Enquiry,15,6,1,24,1,90.34
Bill Payment,13,3,0,37,4,36.36
General Enquiry,13,5,1,7,3,12.95
Account Services,13,5,1,25,2,112.2
Customer Support,10,6,1,8,3,13.19
General Enquiry,16,5,1,9,2,15.39
Account Services,13,1,0,14,4,32.96
Bill Payment,14,0,0,53,4,51.12
Bill Payment,9,3,0,18,3,19.82
Document Verification,16,4,0,26,2,87.09
Bill Payment,15,3,0,7,4,5.14
Bill Payment,14,0,0,17,4,9.72
Customer Support,10,6,1,7,2,26.09
Customer Support,13,2,0,49,3,109.64
Account Services,9,5,1,25,3,68.31
Document Verification,13,6,1,29,4,43.98
Customer Support,11,6,1,26,4,39.03
General Enquiry,14,0,0,62,3,79.18
Customer Support,14,5,1,6,3,16.8
Bill Payment,16,4,0,7,2,13.64
General Enquiry,9,6,1,27,4,30.84
Customer Support,9,3,0,57,2,223.66
Account Services,12,0,0,29,4,51.4
Bill Payment,16,4,0,33,2,50.2
Account Services,10,5,1,69,1,520.13
Bill Payment,12,1,0,23,1,69.54
Document Verification,10,0,0,49,4,75.21
Customer Support,15,4,0,11,1,80.16
Customer Support,16,3,0,28,2,94.58
Bill Payment,11,4,0,41,1,127.34
General Enquiry,9,4,0,13,1,57.49
Account Services,13,1,0,33,3,84.73
Bill Payment,13,2,0,28,2,55.65
Customer Support,9,1,0,6,4,8.56
Document Verification,15,6,1,12,3,22.43
Bill Payment,12,0,0,16,3,20.92
Customer Support,13,6,1,19,3,47.03
Document Verification,9,1,0,16,4,24.19
Document Verification,17,6,1,50,2,169.42
Document Verification,16,0,0,54,2,173.75
Document Verification,13,6,1,63,4,108.19
General Enquiry,10,6,1,19,2,34.77
Account Services,13,3,0,18,3,40.65
Document Verification,10,2,0,13,2,37.1
Account Services,13,1,0,20,2,84.21
Customer Support,14,0,0,60,4,106.34
Document Verification,12,4,0,16,2,48.32
Account Services,11,6,1,21,1,176.27
Document Verification,14,3,0,32,1,180.91
Bill Payment,10,0,0,19,4,13.88
Document Verification,11,0,0,26,4,37.01
Bill Payment,14,4,0,5,3,4.58
General Enquiry,13,2,0,49,4,41.92
Customer Support,17,4,0,28,3,75.03
General Enquiry,15,3,0,2,3,1.44
Customer Support,10,2,0,29,3,74.73
Bill Payment,11,0,0,18,1,60.86
Bill Payment,14,5,1,12,3,14.56
Document Verification,11,5,1,22,1,123.07
General Enquiry,11,2,0,19,1,71.96
General Enquiry,9,5,1,24,4,27.27
Bill Payment,13,6,1,54,4,42.46
Document Verification,9,3,0,41,3,84.53
Customer Support,14,6,1,10,3,24.9
General Enquiry,11,3,0,26,3,42.91
Account Services,15,4,0,28,2,94.42
Bill Payment,11,0,0,25,3,27.06
Customer Support,16,3,0,7,2,15.21
General Enquiry,13,5,1,4,4,3.63
Bill Payment,9,6,1,21,1,68.52
General Enquiry,12,2,0,7,2,14.46
General Enquiry,15,2,0,16,2,29.2
Bill Payment,10,5,1,58,4,55.32
General Enquiry,14,3,0,42,1,154.29
Account Services,10,0,0,39,2,146.21
Bill Payment,15,5,1,25,4,21.76
Document Verification,9,4,0,14,2,48.01
Document Verification,17,5,1,53,3,112.71
Bill Payment,15,3,0,22,2,34.67
Customer Support,9,0,0,56,4,97.37
Bill Payment,11,5,1,17,4,14.9
Bill Payment,12,4,0,17,4,18.16
Document Verification,12,2,0,13,3,26.63
Document Verification,11,0,0,33,2,85.16
Account Services,12,0,0,6,1,44.44
Bill Payment,9,5,1,47,3,48.08
Customer Support,11,2,0,31,3,65.25
Bill Payment,16,3,0,42,1,141.11
Document Verification,11,5,1,37,1,237.85
Account Services,14,5,1,5,1,32.53
Document Verification,17,2,0,45,1,237.4
Bill Payment,13,5,1,16,4,13.75
Customer Support,13,3,0,57,1,375.58
Bill Payment,10,0,0,44,3,44.21
Bill Payment,11,3,0,29,1,105.31
Bill Payment,12,1,0,25,2,36.73
Bill Payment,14,1,0,16,2,30.57
Account Services,13,2,0,27,4,58.73
Account Services,10,2,0,31,1,247.21
General Enquiry,12,3,0,31,2,70.46
Document Verification,10,3,0,68,4,105.36
Document Verification,15,0,0,32,1,201.4
Customer Support,14,3,0,48,3,98.63
Account Services,16,6,1,11,4,23.39
Bill Payment,11,0,0,46,1,150.14
Document Verification,12,4,0,22,1,140.44
Bill Payment,12,2,0,3,1,10.94
Customer Support,17,0,0,29,2,100.96
Bill Payment,17,1,0,37,1,120.43
Customer Support,12,6,1,28,2,106.61
Bill Payment,13,6,1,27,1,96.79
Bill Payment,11,1,0,19,2,31.41
Customer Support,13,1,0,9,3,19.31
Bill Payment,11,1,0,2,4,1.88
Bill Payment,17,6,1,46,4,40.99
Account Services,10,2,0,61,4,122.5
Account Services,16,2,0,9,2,45.35
General Enquiry,9,1,0,35,4,30.23
General Enquiry,16,3,0,56,1,251.62
General Enquiry,14,5,1,48,4,51.01
Account Services,13,2,0,10,4,21.83
Document Verification,9,3,0,15,3,27.68
General Enquiry,17,2,0,43,3,50.7
Customer Support,17,2,0,43,3,81.82
Bill Payment,11,3,0,28,4,21.61
Customer Support,10,4,0,52,4,104.86
Customer Support,9,0,0,19,3,37.96
Customer Support,17,6,1,25,3,68.48
General Enquiry,17,6,1,47,1,180.55
Account Services,13,0,0,36,2,139.08
Document Verification,13,4,0,35,1,195.12
Customer Support,17,2,0,25,3,58.02
Bill Payment,17,1,0,39,1,154.15
Document Verification,9,1,0,43,1,286.51
Bill Payment,14,0,0,31,3,41.53
General Enquiry,17,1,0,31,1,115.36
Customer Support,17,2,0,38,2,151.21
Customer Support,9,5,1,38,1,287.83
Document Verification,17,5,1,13,4,19.69
Account Services,12,0,0,12,1,111.66
Bill Payment,10,6,1,37,1,139.23
General Enquiry,12,1,0,29,4,25.08
Account Services,14,1,0,37,2,135.7
Bill Payment,16,4,0,16,1,52.36
Bill Payment,15,5,1,9,4,9.78
Customer Support,9,6,1,76,3,182.27
Document Verification,14,4,0,31,3,65.33
Bill Payment,17,2,0,39,4,38.51
Account Services,15,3,0,9,1,67.26
General Enquiry,17,0,0,22,1,94.58
Bill Payment,11,6,1,5,2,11.61
Account Services,11,5,1,24,1,174.5
Account Services,13,5,1,65,1,447.07
Bill Payment,14,2,0,19,3,19.38
Document Verification,16,6,1,51,3,111.51
General Enquiry,14,1,0,12,3,14.93
Customer Support,13,0,0,48,3,130.45
Bill Payment,17,2,0,16,3,18.1
General Enquiry,16,0,0,33,2,59.84
General Enquiry,17,0,0,11,3,12.62
Document Verification,12,5,1,34,2,112.06
Account Services,9,4,0,63,3,175.95
Document Verification,16,1,0,22,4,38.95
Document Verification,13,1,0,15,3,26.29
Bill Payment,14,5,1,4,4,4.28
General Enquiry,13,5,1,39,4,45.16
Document Verification,15,5,1,19,4,34.26
General Enquiry,13,6,1,13,3,18.51
General Enquiry,10,3,0,12,3,13.87
Bill Payment,12,1,0,28,3,31.72
General Enquiry,11,6,1,36,1,164.08
Bill Payment,14,6,1,15,4,14.15
Bill Payment,17,2,0,29,1,103.59
Customer Support,12,2,0,23,2,88.02
Customer Support,13,2,0,36,4,57.48
Customer Support,10,5,1,44,3,99.21
Account Services,12,2,0,30,4,64.86
Bill Payment,10,1,0,34,4,31.93
Customer Support,13,2,0,5,3,12.99
Bill Payment,13,1,0,8,1,32.31
Customer Support,11,6,1,13,4,15.78
Account Services,16,3,0,41,1,316.04
Bill Payment,11,2,0,42,4,40.61
Account Services,14,2,0,27,4,62.67
General Enquiry,15,5,1,34,1,135.37
Account Services,11,6,1,41,3,110.91
Bill Payment,10,3,0,52,1,184.62
Customer Support,11,0,0,30,2,117.1
Bill Payment,17,6,1,21,4,16.07
Bill Payment,12,4,0,5,3,6.41
Account Services,13,4,0,19,4,38.15
Account Services,9,3,0,64,2,246.19
Bill Payment,15,3,0,30,3,38.02
General Enquiry,16,4,0,13,4,17.34
Bill Payment,11,5,1,13,1,50.26
Document Verification,11,1,0,20,1,112.38
Account Services,13,0,0,67,1,573.97
Account Services,12,4,0,20,4,40.32
Customer Support,16,4,0,20,3,46.12
Customer Support,13,3,0,25,1,192.55
Account Services,12,2,0,26,2,102.55
General Enquiry,13,4,0,26,3,36.77
Bill Payment,15,2,0,26,2,46.59
Document Verification,12,1,0,12,3,23.7
Account Services,14,4,0,21,2,85.03
General Enquiry,10,4,0,18,1,77.53
Customer Support,10,5,1,14,3,31.32
Bill Payment,9,5,1,33,2,52.04
Customer Support,16,4,0,18,2,62.54
General Enquiry,10,3,0,57,1,212.9
General Enquiry,9,3,0,25,1,106.24
Account Services,12,3,0,15,2,57.45
Account Services,13,5,1,23,2,98.51
Customer Support,12,4,0,17,3,38.66
Account Services,13,4,0,48,4,90.09
Bill Payment,12,1,0,5,2,8.53
Account Services,15,5,1,22,3,55.41
Account Services,9,6,1,13,3,46.58
Customer Support,9,4,0,33,2,118.78
Account Services,13,2,0,42,4,68.23
Account Services,9,4,0,40,4,88.6
Customer Support,12,0,0,5,3,14.28
General Enquiry,15,5,1,32,1,132.29
Document Verification,10,3,0,14,3,25.65
Account Services,17,4,0,38,4,85.36
Customer Support,13,5,1,66,1,447.88
General Enquiry,15,5,1,41,1,138.77
Account Services,9,1,0,26,4,57.66
General Enquiry,17,2,0,4,3,6.57
General Enquiry,9,1,0,26,1,119.0
General Enquiry,12,1,0,33,3,48.99
General Enquiry,16,3,0,37,4,36.0
Customer Support,15,3,0,2,1,12.72
Bill Payment,17,1,0,34,1,123.06
General Enquiry,17,3,0,26,3,39.87
Document Verification,12,3,0,14,1,88.9
Customer Support,16,3,0,18,1,114.47
Account Services,17,4,0,13,1,95.58
General Enquiry,16,5,1,59,4,56.16
Bill Payment,17,2,0,22,4,21.2
General Enquiry,13,0,0,22,4,19.37
Document Verification,16,4,0,6,1,29.76
Bill Payment,14,5,1,34,4,26.13
General Enquiry,13,1,0,23,3,35.12
Customer Support,15,1,0,13,1,87.09
General Enquiry,12,3,0,7,4,5.87
Document Verification,10,4,0,56,1,364.74
Bill Payment,15,3,0,10,4,10.03
Account Services,10,2,0,62,4,120.49
Document Verification,11,2,0,3,2,5.01
Account Services,17,5,1,57,2,207.44
Account Services,11,4,0,25,1,187.59
Document Verification,9,2,0,70,1,422.32
Customer Support,16,5,1,57,2,204.03
Account Services,10,0,0,24,1,208.91
Document Verification,9,0,0,6,3,9.7
Customer Support,11,1,0,38,1,270.42
Document Verification,12,0,0,5,2,15.7
General Enquiry,14,1,0,45,4,47.39
Bill Payment,11,0,0,25,2,39.16
Bill Payment,15,5,1,37,2,67.09
Document Verification,16,1,0,7,3,17.09
General Enquiry,13,2,0,39,2,81.81
Bill Payment,16,4,0,8,3,8.61
Customer Support,17,2,0,7,4,11.68
Customer Support,16,6,1,19,3,48.05
Customer Support,15,0,0,11,2,39.34
Bill Payment,14,4,0,59,1,177.06
Document Verification,16,0,0,16,1,109.22
General Enquiry,16,5,1,12,2,22.99
Customer Support,10,1,0,12,4,20.17
Customer Support,9,6,1,58,2,203.44
Document Verification,9,4,0,19,2,53.41
General Enquiry,15,3,0,8,4,4.18
Document Verification,12,6,1,4,2,12.44
Bill Payment,12,4,0,24,3,21.11
General Enquiry,13,0,0,43,3,50.3
Customer Support,16,2,0,34,3,81.52
General Enquiry,12,3,0,14,3,20.92
Customer Support,10,2,0,49,3,99.45
Document Verification,10,5,1,46,2,133.87
General Enquiry,16,4,0,8,1,30.53
Bill Payment,14,1,0,56,3,58.71
Document Verification,12,1,0,10,1,66.92
Customer Support,11,3,0,27,4,47.8
General Enquiry,12,0,0,5,4,3.51
Document Verification,9,1,0,14,1,75.95
General Enquiry,14,5,1,59,1,216.32
Bill Payment,14,5,1,4,1,15.0
Document Verification,17,2,0,6,1,35.04
Account Services,17,4,0,11,4,13.11
Document Verification,13,3,0,57,3,114.1
Document Verification,10,2,0,31,4,43.49
Customer Support,13,0,0,73,3,160.04
Account Services,13,6,1,58,2,199.57
Customer Support,15,6,1,28,2,102.69
General Enquiry,16,0,0,38,2,87.2
Customer Support,16,1,0,10,1,66.61
Customer Support,11,1,0,15,3,39.81
Customer Support,15,2,0,5,2,19.92
Customer Support,12,1,0,23,2,70.54
Bill Payment,16,5,1,31,2,48.48
Bill Payment,9,6,1,48,3,58.17
Document Verification,17,1,0,6,4,6.68
Bill Payment,16,5,1,44,2,64.36
Customer Support,16,2,0,21,1,126.25
Account Services,9,4,0,52,2,213.42
Document Verification,15,5,1,31,3,52.88
Customer Support,15,2,0,34,2,115.68
General Enquiry,17,4,0,19,1,85.48
Customer Support,14,5,1,17,2,62.14
Bill Payment,16,0,0,12,3,14.38
General Enquiry,17,4,0,3,2,4.48
Bill Payment,17,5,1,10,1,34.78
Document Verification,17,6,1,51,4,86.28
Bill Payment,10,2,0,51,2,82.73
Document Verification,10,4,0,42,2,136.4
Account Services,13,1,0,30,3,82.37
Document Verification,15,3,0,17,4,16.53
Customer Support,17,5,1,38,1,233.9
Document Verification,17,5,1,7,3,11.35
Customer Support,9,6,1,31,2,118.25
General Enquiry,9,0,0,11,1,49.25
Account Services,12,1,0,17,2,59.99
Account Services,16,0,0,57,3,151.81
Document Verification,11,5,1,24,2,71.07
General Enquiry,9,5,1,55,1,244.42
Account Services,13,5,1,55,4,97.92
Bill Payment,14,1,0,18,2,32.46
Bill Payment,14,1,0,42,4,38.16
General Enquiry,12,0,0,12,4,7.66
Bill Payment,9,6,1,19,1,72.94
Document Verification,16,3,0,45,1,281.88
Bill Payment,14,3,0,24,1,97.71
Account Services,9,0,0,77,1,584.58
Customer Support,14,5,1,21,1,146.53
Customer Support,15,1,0,5,4,8.7
General Enquiry,10,3,0,21,2,36.73
Account Services,13,0,0,36,1,316.01
Bill Payment,13,0,0,22,4,20.41
Account Services,12,2,0,17,4,41.15
Account Services,17,6,1,9,1,65.4
Customer Support,9,0,0,35,3,86.14
General Enquiry,10,2,0,40,2,78.03
Customer Support,14,0,0,39,1,306.8
Bill Payment,17,6,1,14,2,26.13
Account Services,11,2,0,21,2,88.37
Account Services,16,2,0,31,2,109.21
Customer Support,16,1,0,49,3,130.36
Document Verification,15,1,0,14,3,30.93
Customer Support,17,6,1,19,1,129.27
Account Services,14,1,0,41,3,115.47
Bill Payment,14,6,1,54,2,83.64
Document Verification,14,0,0,21,2,58.9
Document Verification,14,4,0,38,1,215.6
General Enquiry,13,2,0,22,2,49.25
Customer Support,10,1,0,35,2,128.48
Customer Support,16,6,1,40,4,75.33
Document Verification,12,0,0,5,3,10.52
General Enquiry,10,2,0,53,1,224.49
Bill Payment,11,1,0,4,3,4.69
General Enquiry,11,6,1,14,1,46.89
Document Verification,9,4,0,43,3,82.25
Bill Payment,9,2,0,35,2,54.29
Document Verification,17,5,1,29,3,57.45
Account Services,15,6,1,27,3,73.78
General Enquiry,10,4,0,8,3,8.24
General Enquiry,11,2,0,14,3,21.2
Customer Support,15,2,0,17,4,35.44
Account Services,16,6,1,27,3,73.94
Document Verification,9,2,0,46,3,99.02
Bill Payment,17,6,1,54,1,204.54
Document Verification,13,5,1,52,2,132.18
Account Services,16,6,1,4,3,13.17
Document Verification,15,2,0,25,4,38.98
Account Services,17,2,0,15,1,127.37
Customer Support,11,1,0,36,4,67.07
Customer Support,10,6,1,66,4,127.72
Bill Payment,14,0,0,19,1,63.1
Bill Payment,14,4,0,54,4,51.31
General Enquiry,17,1,0,44,4,45.02
Document Verification,11,0,0,43,4,58.65
Bill Payment,17,0,0,57,4,48.51
Bill Payment,10,3,0,27,2,51.72
Customer Support,9,2,0,52,4,82.12
Customer Support,16,6,1,50,1,366.21
Document Verification,14,4,0,56,1,300.56
Customer Support,11,6,1,41,3,90.45
General Enquiry,14,3,0,25,2,55.64
Document Verification,15,4,0,28,2,79.37
Customer Support,17,4,0,52,4,84.25
Bill Payment,13,2,0,42,2,65.41
General Enquiry,12,3,0,2,4,0.5
Bill Payment,9,4,0,6,2,10.93
Document Verification,16,3,0,9,2,23.87
Customer Support,13,0,0,21,2,74.05
Customer Support,17,2,0,28,4,51.55
Document Verification,12,6,1,34,1,189.82
General Enquiry,16,5,1,4,3,2.75
Account Services,11,6,1,27,3,77.31
General Enquiry,12,4,0,1,3,0.71
Account Services,10,5,1,59,3,150.46
Bill Payment,17,6,1,6,2,12.62
General Enquiry,10,6,1,24,2,44.32
Account Services,9,0,0,82,4,173.24
Bill Payment,11,2,0,8,3,9.4
Customer Support,10,0,0,39,3,91.77
Document Verification,10,0,0,73,1,434.28
Bill Payment,12,0,0,30,3,32.24
Customer Support,16,5,1,15,3,33.08
Document Verification,17,5,1,10,3,18.43
Account Services,17,0,0,24,2,103.8
Bill Payment,13,1,0,9,4,9.55
General Enquiry,16,6,1,8,3,11.45
Bill Payment,12,2,0,20,3,24.58
Customer Support,15,6,1,25,1,199.89
General Enquiry,15,2,0,27,4,25.4
Bill Payment,15,0,0,3,1,10.71
General Enquiry,15,5,1,5,3,7.93
Bill Payment,10,6,1,28,1,90.3
Document Verification,14,2,0,4,2,10.89
Bill Payment,16,4,0,22,4,19.58
Bill Payment,16,1,0,43,4,41.48
Account Services,10,4,0,37,2,155.36
Bill Payment,15,4,0,11,2,18.02
Customer Support,15,1,0,29,2,105.47
Customer Support,11,5,1,42,2,158.51
Account Services,9,3,0,55,2,204.16
Document Verification,13,0,0,21,3,46.88
Bill Payment,13,2,0,58,4,50.71
Bill Payment,14,6,1,29,1,97.18
General Enquiry,12,3,0,30,4,27.05
Account Services,14,1,0,39,2,146.82
Bill Payment,14,3,0,16,1,54.41
General Enquiry,9,4,0,53,3,72.35
Document Verification,15,5,1,33,2,95.87
Account Services,16,0,0,37,4,69.95
Bill Payment,13,1,0,14,4,10.84
Bill Payment,9,2,0,37,1,139.79
Document Verification,9,4,0,5,4,6.22
Account Services,14,2,0,41,4,82.84
Customer Support,10,6,1,17,3,34.7
General Enquiry,11,1,0,12,1,52.48
Customer Support,17,6,1,55,1,400.57
Account Services,17,3,0,21,1,192.02
General Enquiry,9,2,0,42,2,92.86
Customer Support,17,2,0,4,2,12.19
General Enquiry,13,4,0,42,2,85.0
Account Services,15,5,1,7,4,14.36
Account Services,10,5,1,51,4,100.15
General Enquiry,13,4,0,49,1,169.99
Bill Payment,15,5,1,35,3,44.5
Bill Payment,10,0,0,20,2,32.95
Bill Payment,11,3,0,10,1,34.36
Customer Support,10,2,0,25,2,96.71
General Enquiry,9,0,0,85,4,96.5
Document Verification,11,5,1,24,1,130.72
Customer Support,11,3,0,14,3,35.85
Bill Payment,16,4,0,10,1,35.76
Bill Payment,12,3,0,25,2,45.59
Customer Support,12,5,1,38,4,62.69
Customer Support,9,3,0,54,4,83.79
Bill Payment,12,2,0,23,2,43.69
Customer Support,10,1,0,30,2,97.74
Account Services,17,6,1,40,2,165.61
General Enquiry,14,1,0,5,4,6.04
Account Services,10,4,0,55,2,204.17
Account Services,10,5,1,12,4,22.2
Customer Support,15,2,0,8,1,49.22
General Enquiry,10,0,0,34,4,34.67
Document Verification,15,6,1,34,3,71.35
Bill Payment,11,2,0,20,4,17.59
Bill Payment,12,4,0,24,2,46.33
Customer Support,17,2,0,3,4,0.5
General Enquiry,17,1,0,57,3,65.73
Account Services,17,5,1,49,1,381.13
Account Services,14,6,1,11,2,45.14
Customer Support,9,6,1,67,3,161.97
Account Services,13,5,1,50,3,119.28
Account Services,12,5,1,14,2,52.91
Customer Support,13,2,0,47,2,162.98
Document Verification,12,5,1,40,3,78.21
General Enquiry,16,4,0,27,2,54.85
Document Verification,16,4,0,35,4,46.09
Bill Payment,10,4,0,51,2,79.05
General Enquiry,14,4,0,14,3,15.25
Customer Support,14,0,0,13,4,21.43
Account Services,15,2,0,17,1,132.05
Document Verification,9,5,1,14,2,45.06
Bill Payment,17,2,0,32,3,40.34
General Enquiry,14,6,1,60,1,233.55
Account Services,12,3,0,18,4,35.09
Customer Support,16,2,0,9,2,28.32
Bill Payment,11,3,0,24,4,22.05
Document Verification,17,5,1,34,1,223.99
Customer Support,16,0,0,60,2,175.11
General Enquiry,11,4,0,10,4,9.4
Account Services,16,1,0,15,4,31.37
Account Services,10,4,0,55,3,128.53
Bill Payment,14,4,0,16,2,28.86
General Enquiry,11,3,0,13,1,49.54
Bill Payment,16,0,0,27,3,27.45
Bill Payment,9,1,0,12,3,13.01
Bill Payment,13,6,1,35,4,37.36
Account Services,14,5,1,35,2,145.98
Document Verification,15,1,0,15,4,20.7
Customer Support,10,2,0,39,2,136.66
Account Services,17,6,1,34,1,304.59
Account Services,17,5,1,20,4,36.59
General Enquiry,11,0,0,13,4,13.12
Customer Support,12,1,0,23,4,41.25
Account Services,12,2,0,11,3,33.69
General Enquiry,12,2,0,35,1,154.32
Account Services,16,2,0,18,4,34.52
Bill Payment,17,2,0,15,2,23.95
Document Verification,15,1,0,30,3,62.36
Account Services,9,5,1,36,2,135.87
Bill Payment,17,3,0,53,2,101.49
Document Verification,9,1,0,45,3,102.91
Document Verification,14,1,0,49,4,78.69
Customer Support,16,4,0,16,3,40.91
Account Services,17,3,0,36,2,132.27
Account Services,11,1,0,14,4,21.73
Bill Payment,11,3,0,40,4,36.26
Customer Support,12,0,0,21,2,72.75
Bill Payment,9,0,0,43,4,43.31
General Enquiry,13,0,0,59,3,86.51
Customer Support,13,3,0,25,3,56.67
Bill Payment,11,1,0,4,4,2.35
Document Verification,16,6,1,29,3,66.05
General Enquiry,14,6,1,21,2,39.71
Document Verification,13,0,0,40,1,263.16
Customer Support,10,4,0,41,1,301.45
Bill Payment,15,0,0,45,2,87.38
Bill Payment,11,3,0,3,4,2.47
Customer Support,17,4,0,45,3,108.79
Bill Payment,14,5,1,42,2,85.75
General Enquiry,17,3,0,11,1,37.97
General Enquiry,15,5,1,2,4,2.89
Bill Payment,12,6,1,29,3,34.16
Account Services,13,2,0,48,2,161.16
Document Verification,16,2,0,34,4,50.25
Document Verification,16,1,0,12,2,32.66
Account Services,11,5,1,26,3,74.06
General Enquiry,10,3,0,11,4,13.02
General Enquiry,9,2,0,56,3,66.25
Bill Payment,15,4,0,28,2,43.59
Customer Support,10,5,1,52,2,200.83
Customer Support,15,2,0,16,3,35.72
General Enquiry,11,0,0,2,4,0.5
Document Verification,14,2,0,46,1,296.89
Document Verification,16,6,1,6,3,10.85
General Enquiry,13,5,1,45,2,97.16
Document Verification,15,1,0,17,4,19.47
Document Verification,11,3,0,36,2,121.37
General Enquiry,10,2,0,27,1,95.57
Account Services,10,5,1,13,3,38.85
Account Services,14,2,0,8,2,30.4
Account Services,14,5,1,26,4,56.71
Account Services,11,3,0,30,1,241.8
Document Verification,15,4,0,2,1,12.22
Bill Payment,12,1,0,14,1,46.78
Account Services,15,2,0,10,2,32.61
Customer Support,10,0,0,47,1,362.79
Account Services,14,2,0,17,2,72.9
Customer Support,13,4,0,7,4,5.68
Bill Payment,17,5,1,27,2,53.91
Account Services,12,0,0,6,2,15.93
Document Verification,14,2,0,33,2,84.67
General Enquiry,15,0,0,5,3,3.86
Customer Support,9,1,0,19,3,47.03
Bill Payment,17,5,1,19,4,13.49
Customer Support,10,2,0,26,4,47.2
Customer Support,16,3,0,26,2,91.75
General Enquiry,13,5,1,10,1,40.41
Customer Support,13,2,0,18,4,32.87
Account Services,16,4,0,45,3,120.83
Account Services,16,6,1,24,2,88.55
Customer Support,16,0,0,6,4,10.14
Customer Support,14,1,0,24,3,51.0
Bill Payment,15,3,0,28,3,35.13
General Enquiry,16,5,1,7,3,6.49
Document Verification,14,4,0,24,1,151.65
Bill Payment,10,2,0,61,2,103.85
Bill Payment,12,0,0,37,4,31.92
Customer Support,15,2,0,26,4,53.16
Bill Payment,12,1,0,9,4,7.96
Document Verification,12,0,0,38,4,52.42
Document Verification,10,2,0,17,3,39.07
Account Services,13,3,0,40,2,163.91
General Enquiry,16,6,1,60,1,211.41
Customer Support,14,4,0,52,3,107.46
Customer Support,9,6,1,38,4,56.63
Document Verification,10,5,1,29,4,50.46
Customer Support,10,1,0,9,4,20.7
Document Verification,13,2,0,37,2,102.7
Customer Support,15,3,0,20,4,28.83
Account Services,9,1,0,54,4,113.29
Bill Payment,13,0,0,77,3,80.82
General Enquiry,15,1,0,12,4,10.67
Bill Payment,11,1,0,21,1,82.27
Account Services,14,6,1,22,1,195.27
Document Verification,13,2,0,32,1,205.22
Customer Support,11,4,0,21,4,30.9
Bill Payment,12,3,0,5,3,3.49
Account Services,17,3,0,41,1,372.88
Customer Support,17,1,0,9,2,34.74
General Enquiry,10,1,0,48,2,101.37
Bill Payment,14,0,0,11,2,15.93
Bill Payment,9,5,1,19,4,17.34
Document Verification,15,2,0,31,1,201.26
Document Verification,9,0,0,41,2,138.06
Account Services,15,0,0,2,2,9.63
Document Verification,15,3,0,21,4,26.69
Document Verification,17,1,0,8,1,42.41
Document Verification,12,2,0,23,3,43.24
Bill Payment,11,4,0,12,4,8.77
Customer Support,9,3,0,35,4,53.14
Bill Payment,12,4,0,15,1,58.17
Customer Support,17,6,1,53,2,188.25
Account Services,15,0,0,26,1,235.89
Customer Support,9,0,0,8,4,14.47
Customer Support,10,2,0,62,1,426.13
Document Verification,15,5,1,21,3,39.25
Document Verification,9,3,0,42,3,76.9
Account Services,17,4,0,41,4,68.88
General Enquiry,14,4,0,27,1,98.99
Bill Payment,13,6,1,36,1,121.82
General Enquiry,10,1,0,42,3,59.02
Customer Support,17,2,0,34,2,127.98
General Enquiry,17,0,0,46,2,86.55
Bill Payment,11,2,0,21,4,18.17
Account Services,10,0,0,26,1,221.53
Document Verification,14,2,0,19,4,29.73
Bill Payment,17,5,1,60,3,64.76
Customer Support,9,5,1,41,4,75.57
Bill Payment,12,4,0,16,1,52.28
Customer Support,9,2,0,7,1,41.6
Account Services,10,4,0,26,3,72.0
Customer Support,14,3,0,6,4,13.65
Bill Payment,12,3,0,28,4,25.5
Customer Support,12,0,0,24,3,53.16
General Enquiry,9,0,0,53,4,55.15
Document Verification,15,4,0,8,4,8.53
Bill Payment,13,4,0,62,4,50.07
Bill Payment,11,3,0,6,4,7.25
General Enquiry,10,1,0,7,3,11.59
Bill Payment,9,2,0,31,3,38.74
General Enquiry,12,4,0,30,2,55.46
Document Verification,11,5,1,18,4,28.58
Account Services,10,2,0,11,4,27.98
Bill Payment,17,0,0,53,1,200.42
General Enquiry,15,0,0,34,2,67.47
Document Verification,10,4,0,22,2,68.16
Document Verification,17,0,0,7,3,12.04
Customer Support,14,2,0,37,4,56.7
General Enquiry,12,4,0,27,1,121.71
General Enquiry,15,0,0,27,2,58.83
Account Services,12,4,0,19,4,40.72
Document Verification,10,4,0,50,1,287.2
Document Verification,13,2,0,4,1,23.05
Account Services,12,6,1,26,4,56.66
Bill Payment,10,6,1,4,1,14.61
General Enquiry,11,2,0,6,2,10.63
Customer Support,17,5,1,8,3,21.45
Document Verification,15,1,0,27,1,141.55
Customer Support,11,6,1,5,1,39.67
General Enquiry,16,1,0,40,4,41.29
Customer Support,13,4,0,36,3,79.07
Document Verification,15,3,0,25,2,80.37
Bill Payment,12,3,0,4,3,4.55
General Enquiry,13,1,0,5,1,16.46
Customer Support,11,6,1,9,4,12.73
Document Verification,15,2,0,17,1,98.45
Account Services,9,1,0,27,4,58.3
Document Verification,11,1,0,37,4,47.56
Customer Support,17,6,1,23,1,144.3
Document Verification,10,4,0,32,4,54.58
Document Verification,11,0,0,30,2,79.15
Account Services,17,4,0,37,3,112.36
General Enquiry,12,1,0,31,4,29.45
Customer Support,15,0,0,26,4,41.64
Document Verification,9,5,1,45,4,54.17
General Enquiry,13,1,0,33,4,29.04
General Enquiry,11,6,1,42,1,184.19
Account Services,9,3,0,22,3,46.82
Account Services,9,3,0,6,4,9.9
Bill Payment,12,4,0,39,2,63.94
Customer Support,10,5,1,30,4,52.72
Customer Support,9,0,0,75,2,251.72
Customer Support,9,2,0,5,2,18.46
Account Services,17,3,0,44,3,107.85
Bill Payment,10,0,0,6,3,7.04
Document Verification,10,6,1,29,2,92.07
Account Services,17,0,0,27,1,234.23
Account Services,17,2,0,38,4,75.95
Document Verification,14,4,0,43,2,133.72
Document Verification,10,0,0,74,2,245.29
Document Verification,12,4,0,4,1,21.65
General Enquiry,15,2,0,16,4,17.09
Account Services,16,0,0,40,3,98.67
Bill Payment,12,6,1,32,2,61.35
General Enquiry,16,0,0,28,1,98.41
Customer Support,16,3,0,44,1,341.16
Customer Support,16,6,1,47,1,324.61
Document Verification,10,2,0,38,2,116.12
General Enquiry,17,2,0,16,1,67.44
Account Services,17,4,0,32,2,141.37
Account Services,11,0,0,24,4,55.99
Customer Support,14,5,1,23,1,172.77
Customer Support,9,2,0,11,1,70.18
General Enquiry,12,2,0,25,4,23.61
Bill Payment,12,1,0,15,4,12.73
Account Services,16,2,0,37,3,101.98
General Enquiry,9,3,0,33,1,115.98
Customer Support,13,4,0,27,4,37.47
Customer Support,15,1,0,5,3,7.52
Bill Payment,9,5,1,15,4,11.48
Account Services,12,2,0,42,1,303.6
Bill Payment,15,2,0,15,4,13.88
Account Services,13,5,1,26,2,86.48
General Enquiry,11,1,0,20,3,29.98
Account Services,17,6,1,59,2,223.89
Document Verification,10,2,0,15,4,23.14
Account Services,14,2,0,40,2,161.77
Customer Support,15,6,1,15,1,95.48
Account Services,10,3,0,71,1,566.16
Document Verification,14,0,0,11,3,21.01
Document Verification,13,6,1,51,2,151.56
Document Verification,11,3,0,3,1,14.15
Account Services,14,4,0,38,2,140.96
Account Services,15,5,1,32,2,140.52
General Enquiry,9,3,0,10,3,12.83
Bill Payment,14,4,0,21,2,40.91
Account Services,15,6,1,36,1,290.72
Document Verification,13,4,0,12,2,35.17
Account Services,12,6,1,14,4,27.73
Customer Support,15,4,0,14,3,36.72
General Enquiry,12,5,1,14,3,17.33
Account Services,10,2,0,30,4,53.89
Customer Support,11,3,0,14,4,22.43
Bill Payment,10,3,0,29,1,102.35
Document Verification,14,3,0,22,2,71.18
Document Verification,10,2,0,54,4,69.43
Account Services,10,4,0,28,2,98.75
Customer Support,13,3,0,16,1,124.89
Account Services,13,4,0,13,4,27.85
General Enquiry,14,5,1,56,4,53.76
Customer Support,9,0,0,23,2,91.62
Account Services,10,6,1,56,4,100.74
Bill Payment,16,5,1,24,2,44.34
General Enquiry,9,1,0,44,4,39.39
General Enquiry,14,4,0,44,3,62.83
General Enquiry,10,0,0,71,3,78.5
Customer Support,15,1,0,11,3,25.8
Document Verification,17,6,1,37,2,102.39
Document Verification,15,4,0,19,2,48.29
Bill Payment,11,4,0,19,2,32.25
Document Verification,16,4,0,30,2,84.87
Customer Support,15,5,1,27,2,91.56
Bill Payment,15,2,0,25,4,18.56
Bill Payment,14,3,0,33,3,43.11
Customer Support,12,6,1,27,3,56.09
Account Services,9,6,1,65,4,106.96
Customer Support,15,4,0,27,1,173.12
General Enquiry,16,2,0,27,3,42.03
General Enquiry,16,1,0,6,1,20.56
General Enquiry,11,4,0,12,1,56.97
Document Verification,13,6,1,54,4,86.11
General Enquiry,17,4,0,2,4,2.04
Account Services,10,6,1,68,2,277.17
Bill Payment,11,6,1,22,3,24.29
Document Verification,14,4,0,30,4,53.1
General Enquiry,13,0,0,43,1,155.07
Customer Support,14,3,0,18,3,45.11
Bill Payment,10,4,0,29,4,21.49
Bill Payment,12,5,1,32,4,23.96
Bill Payment,10,6,1,22,1,86.44
Customer Support,17,3,0,9,4,11.66
Account Services,17,5,1,24,4,45.57
Customer Support,9,0,0,48,4,86.22
General Enquiry,13,3,0,30,1,126.98
Bill Payment,17,3,0,4,4,1.82
General Enquiry,17,1,0,46,4,45.24
Customer Support,9,6,1,17,2,65.63
General Enquiry,16,1,0,38,4,34.14
Customer Support,15,4,0,2,4,6.46
Bill Payment,14,5,1,25,4,24.11
Document Verification,10,3,0,22,3,43.8
Account Services,10,6,1,55,2,246.96
Document Verification,9,0,0,27,2,82.66
General Enquiry,10,6,1,62,1,229.2
Customer Support,14,4,0,27,3,62.17
Document Verification,9,6,1,81,4,127.66
Bill Payment,12,1,0,26,4,24.88
Bill Payment,15,1,0,9,2,16.83
Customer Support,12,6,1,35,4,62.64
Account Services,15,3,0,5,1,43.69
Account Services,9,4,0,51,3,133.34
General Enquiry,17,6,1,26,1,106.15
Account Services,10,1,0,43,4,74.5
General Enquiry,14,2,0,43,3,51.16
Account Services,11,4,0,25,4,52.42
Bill Payment,13,6,1,42,2,69.66
Document Verification,11,0,0,16,1,112.88
Document Verification,10,4,0,39,3,77.94
Document Verification,13,0,0,40,3,79.58
General Enquiry,16,1,0,28,1,110.24
Customer Support,15,4,0,10,3,24.95
Customer Support,13,3,0,31,2,97.87
Document Verification,17,0,0,16,4,27.48
Account Services,17,1,0,23,1,172.04
Document Verification,13,0,0,28,1,182.75
General Enquiry,13,3,0,29,4,29.97
Bill Payment,10,6,1,55,3,62.43
Bill Payment,15,1,0,14,2,27.71
Document Verification,9,3,0,48,4,70.87
Account Services,14,6,1,45,4,96.89
Customer Support,9,0,0,27,4,54.44
Document Verification,14,5,1,42,1,254.9
General Enquiry,14,2,0,23,2,46.52
General Enquiry,10,4,0,47,1,199.05
Document Verification,11,0,0,17,1,97.44
Customer Support,14,5,1,32,4,57.01
Document Verification,12,4,0,13,4,16.25
Bill Payment,12,0,0,23,2,36.88
Document Verification,9,6,1,35,3,74.2
General Enquiry,9,5,1,4,2,8.39
Customer Support,13,1,0,47,3,121.86
Account Services,9,0,0,79,1,539.79
Document Verification,9,6,1,56,4,94.13
General Enquiry,13,3,0,9,4,12.78
Document Verification,9,3,0,36,3,82.87
Customer Support,11,4,0,9,4,11.19
Customer Support,14,4,0,17,3,44.58
Document Verification,11,0,0,6,3,9.17
Customer Support,17,0,0,28,4,50.06
Customer Support,16,2,0,20,1,135.07
Account Services,10,2,0,9,4,20.42
General Enquiry,14,4,0,17,4,17.58
General Enquiry,14,0,0,41,3,48.38
Document Verification,13,0,0,54,2,167.36
Bill Payment,9,0,0,36,4,36.14
Account Services,14,3,0,49,4,96.45
Account Services,15,2,0,14,2,58.66
Customer Support,11,6,1,13,2,48.36
Document Verification,14,6,1,40,4,53.49
Account Services,13,0,0,31,2,125.43
Bill Payment,9,5,1,49,3,58.02
Bill Payment,16,3,0,24,1,73.62
Document Verification,11,1,0,14,4,21.86
Account Services,17,2,0,16,3,44.67
Customer Support,11,0,0,11,2,37.9
Customer Support,9,1,0,24,2,79.72
General Enquiry,11,6,1,15,3,13.98
Account Services,11,3,0,3,4,8.29
General Enquiry,12,0,0,36,4,40.32
General Enquiry,10,6,1,54,4,49.33
Account Services,15,1,0,18,3,56.47
Customer Support,13,5,1,50,2,185.06
Document Verification,17,1,0,43,3,87.17
Document Verification,17,0,0,6,3,19.34
Bill Payment,17,6,1,57,4,45.77
General Enquiry,14,6,1,52,4,45.46
Account Services,12,5,1,12,2,44.73
Document Verification,15,1,0,30,4,39.83
General Enquiry,13,5,1,51,4,49.3
Account Services,12,4,0,4,3,10.78
Account Services,13,6,1,28,4,56.2
Customer Support,12,4,0,36,3,96.63
Document Verification,10,3,0,57,1,326.92
General Enquiry,9,5,1,43,2,81.28
Bill Payment,15,2,0,11,1,41.68
Account Services,9,0,0,62,2,211.88
General Enquiry,13,1,0,48,4,46.25
Account Services,11,1,0,12,4,26.53
General Enquiry,12,3,0,16,1,71.81
Account Services,13,4,0,43,2,159.92
Account Services,14,5,1,16,2,60.38
Customer Support,16,2,0,46,1,364.63
Account Services,15,4,0,36,1,318.79
Customer Support,14,0,0,57,4,104.97
Document Verification,9,0,0,82,3,155.27
Bill Payment,16,3,0,28,1,97.99
Customer Support,12,6,1,19,4,30.2
Customer Support,12,2,0,8,4,11.37
Bill Payment,17,6,1,50,3,60.64
Account Services,14,4,0,32,2,129.68
Account Services,17,3,0,43,3,114.41
General Enquiry,13,0,0,29,1,132.87
Customer Support,12,1,0,18,2,58.53
Customer Support,16,4,0,10,1,82.99
General Enquiry,11,4,0,9,3,16.12
Bill Payment,15,1,0,17,2,30.0
Bill Payment,9,1,0,28,1,100.94
Customer Support,13,0,0,10,3,27.51
Customer Support,17,6,1,23,3,51.29
Customer Support,13,5,1,19,4,29.77
Bill Payment,13,0,0,8,4,7.64
Bill Payment,15,4,0,31,3,37.79
Bill Payment,14,1,0,34,3,33.46
Bill Payment,9,1,0,28,3,36.34
Bill Payment,13,5,1,11,1,44.84
Document Verification,14,0,0,36,4,41.83
Account Services,9,1,0,26,3,76.24
Document Verification,9,6,1,34,3,67.33
Customer Support,9,2,0,52,3,106.14
Bill Payment,17,2,0,18,2,30.86
Bill Payment,16,6,1,23,2,38.49
Document Verification,14,4,0,50,2,165.6
General Enquiry,16,6,1,59,3,75.3
General Enquiry,14,4,0,13,3,16.99
Customer Support,14,6,1,21,4,37.4
Document Verification,12,2,0,11,4,19.4
General Enquiry,11,0,0,28,1,99.02
Account Services,14,0,0,10,3,30.27
Bill Payment,12,6,1,4,4,2.49
Bill Payment,15,3,0,31,1,109.15
Customer Support,17,3,0,48,4,73.73
Account Services,11,1,0,10,4,28.11
General Enquiry,13,2,0,36,3,47.93
Bill Payment,13,5,1,63,3,75.65
Document Verification,11,2,0,15,4,21.95
Document Verification,16,6,1,47,2,144.34
Account Services,13,5,1,3,2,15.76
Document Verification,17,1,0,21,2,56.04
General Enquiry,15,1,0,26,2,45.35
General Enquiry,11,6,1,14,4,13.76
Document Verification,11,6,1,33,1,196.04
Account Services,17,2,0,11,2,43.97
Customer Support,15,3,0,28,2,89.79
Document Verification,17,6,1,21,3,43.1
General Enquiry,11,1,0,3,3,5.43
Customer Support,11,4,0,15,2,53.95
General Enquiry,14,5,1,52,1,224.57
Account Services,9,1,0,31,3,85.04
Account Services,17,6,1,62,1,450.98
Document Verification,16,6,1,41,1,231.04
Document Verification,11,5,1,11,2,32.95
Account Services,14,3,0,42,3,93.15
Account Services,10,2,0,18,4,39.64
Bill Payment,14,6,1,21,1,81.38
Account Services,10,6,1,46,1,336.34
General Enquiry,9,2,0,44,4,46.7
Account Services,11,0,0,34,4,69.97
Customer Support,13,3,0,21,2,68.75
Customer Support,16,6,1,53,1,370.08
Document Verification,13,0,0,47,2,153.11
Document Verification,17,6,1,22,4,34.19
Account Services,9,4,0,35,1,249.4
Customer Support,15,6,1,11,3,24.37
Bill Payment,17,2,0,9,4,7.58
Bill Payment,14,2,0,22,1,67.63
General Enquiry,10,2,0,10,1,45.21
Account Services,10,1,0,5,1,36.35
Bill Payment,11,2,0,4,1,15.34
Account Services,10,4,0,38,1,320.7
Account Services,16,2,0,47,2,206.48
Bill Payment,12,3,0,8,1,28.15
Document Verification,13,2,0,4,1,27.56
Customer Support,15,6,1,38,2,132.41
Account Services,14,3,0,9,4,19.19
Account Services,15,5,1,39,1,345.36
General Enquiry,9,1,0,45,4,41.9
General Enquiry,14,0,0,49,2,82.06
General Enquiry,10,4,0,31,2,66.4
Account Services,14,2,0,45,3,130.58
General Enquiry,15,0,0,44,1,175.96
Bill Payment,12,2,0,28,1,88.62
Bill Payment,12,3,0,2,2,2.27
Customer Support,11,3,0,7,2,22.52
Document Verification,13,5,1,48,1,284.36
General Enquiry,13,6,1,38,1,135.29
Document Verification,10,0,0,68,2,193.44
Account Services,10,6,1,8,3,19.18
General Enquiry,9,3,0,41,3,59.36
Document Verification,13,6,1,30,2,90.78
Account Services,11,1,0,7,1,64.55
Customer Support,11,4,0,21,4,29.88
Customer Support,16,2,0,35,1,211.63
Account Services,14,6,1,53,2,228.5
Bill Payment,11,6,1,12,1,47.51
Customer Support,11,2,0,33,1,217.59
Account Services,9,3,0,26,3,72.3
Bill Payment,12,4,0,10,3,11.63
Customer Support,10,4,0,15,3,34.04
Customer Support,10,4,0,32,2,109.61
Bill Payment,15,3,0,28,3,28.55
Bill Payment,10,1,0,29,1,90.66
Account Services,16,1,0,38,1,279.2
Document Verification,14,1,0,10,4,13.46
Document Verification,10,5,1,25,3,52.08
Customer Support,11,5,1,19,3,39.24
Customer Support,12,6,1,17,1,122.84
Account Services,12,4,0,14,4,34.69
Customer Support,13,1,0,44,1,278.76
Customer Support,9,5,1,50,3,104.87
Document Verification,13,1,0,33,1,193.56
Account Services,14,1,0,25,3,65.97
General Enquiry,15,4,0,37,3,45.66
Customer Support,9,5,1,7,1,48.01
Customer Support,17,2,0,32,2,108.49
Account Services,14,6,1,32,4,67.13
Customer Support,13,0,0,32,4,55.65
General Enquiry,11,5,1,26,3,36.0
Bill Payment,13,3,0,55,2,88.29
Customer Support,10,5,1,37,3,80.58
Document Verification,11,6,1,22,2,67.0
Bill Payment,15,5,1,41,2,77.38
Customer Support,15,3,0,10,2,34.63
Bill Payment,15,4,0,29,2,50.9
Document Verification,14,1,0,44,4,54.96
General Enquiry,9,2,0,29,1,131.52
Customer Support,12,2,0,29,4,59.06
Customer Support,13,4,0,27,3,58.03
Bill Payment,12,0,0,16,4,12.79
Account Services,13,0,0,66,4,130.9
Account Services,15,1,0,12,1,85.32
Document Verification,17,4,0,40,4,58.26
Customer Support,14,3,0,26,2,99.49
Customer Support,15,1,0,33,3,76.15
Customer Support,9,1,0,25,1,186.6
General Enquiry,16,5,1,3,3,1.51
Bill Payment,13,6,1,8,2,11.81
Customer Support,9,6,1,48,1,310.87
General Enquiry,14,2,0,19,3,22.31
Bill Payment,17,5,1,13,3,14.13
Account Services,17,5,1,24,4,51.65
Account Services,11,6,1,16,2,53.61
General Enquiry,9,6,1,29,1,114.0
Bill Payment,10,4,0,39,4,29.5
Bill Payment,15,5,1,30,1,110.37
Customer Support,10,3,0,15,1,98.45
Bill Payment,15,2,0,40,4,37.06
Account Services,11,0,0,31,4,73.2
Account Services,9,0,0,62,2,221.21
Bill Payment,16,0,0,64,2,122.73
Bill Payment,15,0,0,24,3,25.87
Account Services,11,2,0,17,1,149.69
Account Services,17,1,0,4,1,39.43
Customer Support,11,5,1,44,4,66.39
General Enquiry,14,4,0,27,3,35.92
Bill Payment,14,2,0,34,2,56.04
General Enquiry,11,4,0,25,3,36.21
Account Services,10,5,1,34,2,134.13
General Enquiry,10,1,0,38,4,40.32
Account Services,16,5,1,13,1,95.61
Document Verification,12,1,0,15,4,25.89
General Enquiry,14,2,0,12,4,13.43
Customer Support,16,1,0,9,1,56.52
Bill Payment,9,6,1,68,4,55.25
Bill Payment,14,4,0,63,1,252.5
Document Verification,17,0,0,9,3,18.24
Account Services,13,0,0,61,4,129.04
General Enquiry,9,2,0,22,3,26.98
Bill Payment,15,5,1,22,3,25.97
Document Verification,11,1,0,36,4,49.93
Bill Payment,13,6,1,46,3,55.25
Bill Payment,14,5,1,32,1,97.6
Account Services,17,4,0,40,4,80.62
Customer Support,17,3,0,9,3,15.83
General Enquiry,10,6,1,24,1,103.97
General Enquiry,14,2,0,41,3,54.19
Customer Support,12,1,0,30,4,53.12
Bill Payment,14,0,0,51,2,98.89
Document Verification,10,2,0,45,2,137.64
General Enquiry,10,3,0,21,4,20.12
Document Verification,9,2,0,21,2,63.16
General Enquiry,15,1,0,8,1,33.6
Account Services,14,2,0,53,2,187.73
Bill Payment,13,2,0,46,4,44.8
Bill Payment,10,2,0,53,1,163.14
Account Services,11,4,0,11,4,27.47
Document Verification,13,0,0,22,3,46.57
General Enquiry,13,5,1,45,4,48.19
Customer Support,9,5,1,41,2,126.42
Customer Support,14,5,1,8,4,16.16
Customer Support,10,3,0,16,3,33.41
Bill Payment,14,3,0,11,3,11.5
Customer Support,14,6,1,60,3,154.67
General Enquiry,10,5,1,72,4,78.89
Account Services,12,3,0,17,3,61.48
General Enquiry,17,2,0,26,1,108.49
Document Verification,15,3,0,18,2,55.67
Account Services,9,4,0,12,1,111.64
Bill Payment,12,3,0,26,2,51.11
Account Services,15,2,0,24,1,178.81
Document Verification,15,4,0,27,3,60.04
Customer Support,16,4,0,17,1,123.79
Account Services,16,1,0,38,1,259.97
Account Services,14,5,1,55,1,442.88
General Enquiry,11,2,0,22,1,96.47
Bill Payment,12,5,1,28,4,24.53
Document Verification,17,5,1,51,1,262.82
Bill Payment,12,6,1,6,4,6.87
Customer Support,16,2,0,33,1,233.22
Document Verification,15,5,1,32,3,68.73
Document Verification,14,1,0,26,2,75.11
Customer Support,17,5,1,43,3,95.39
Bill Payment,10,2,0,21,1,70.07
General Enquiry,9,2,0,27,1,92.59
Account Services,9,5,1,23,3,65.51
Document Verification,10,0,0,51,2,154.49
Document Verification,11,6,1,1,3,1.71
Customer Support,13,0,0,17,2,59.6
Bill Payment,17,3,0,21,3,22.84
Document Verification,15,6,1,5,2,14.77
Document Verification,15,5,1,48,3,88.36
Customer Support,11,3,0,13,4,25.31
Bill Payment,9,0,0,77,3,95.84
Document Verification,11,0,0,26,1,146.12
Account Services,9,3,0,26,1,238.56
Account Services,14,5,1,40,2,169.33
Customer Support,12,1,0,7,4,14.79
Account Services,15,1,0,29,4,57.41
General Enquiry,13,3,0,31,1,139.31
Document Verification,17,0,0,22,4,28.48
Account Services,12,2,0,5,3,12.3
Bill Payment,9,5,1,66,2,104.68
Account Services,17,1,0,51,3,116.05
Account Services,14,3,0,32,3,83.42
General Enquiry,12,3,0,25,3,38.85
Account Services,16,1,0,47,3,132.79
Customer Support,17,1,0,9,1,69.37
Customer Support,10,4,0,45,1,329.03
Bill Payment,15,3,0,33,3,43.26
Document Verification,13,6,1,15,4,20.72
General Enquiry,9,1,0,39,2,68.54
General Enquiry,15,6,1,5,4,4.44
Customer Support,17,3,0,28,1,205.66
Customer Support,10,4,0,10,4,12.7
Customer Support,14,1,0,40,1,287.99
General Enquiry,11,1,0,17,4,19.55
Account Services,17,2,0,20,4,37.51
General Enquiry,13,1,0,10,1,40.67
Customer Support,13,1,0,48,4,87.61
General Enquiry,9,3,0,58,2,106.47
General Enquiry,10,2,0,8,2,17.56
Document Verification,14,2,0,9,4,12.49
Customer Support,14,0,0,58,2,188.4
Customer Support,11,4,0,24,3,54.94
Account Services,16,2,0,29,4,61.05
Bill Payment,9,1,0,62,3,80.66
Customer Support,14,1,0,6,2,23.36
Customer Support,14,2,0,56,4,99.6
Account Services,15,3,0,27,2,96.97
General Enquiry,16,5,1,13,2,25.44
Bill Payment,11,5,1,14,2,24.15
General Enquiry,14,0,0,44,2,78.84
Customer Support,14,5,1,53,2,178.95
General Enquiry,9,2,0,40,2,79.41
Bill Payment,9,4,0,26,3,26.17
Customer Support,10,5,1,61,2,231.86
Customer Support,9,5,1,32,1,212.85
Customer Support,13,5,1,9,3,21.17
Bill Payment,16,3,0,15,4,14.6
Bill Payment,17,1,0,20,1,68.84
Bill Payment,15,4,0,25,3,31.14
General Enquiry,10,4,0,58,2,123.68
Bill Payment,13,4,0,30,3,33.84
Customer Support,9,6,1,62,3,126.68
Customer Support,11,1,0,23,2,80.0
Customer Support,12,5,1,29,2,113.46
Account Services,9,2,0,18,4,31.79
Bill Payment,9,3,0,27,4,26.76
Account Services,11,4,0,18,2,78.39
Account Services,15,1,0,26,4,48.81
Bill Payment,12,0,0,25,3,27.28
General Enquiry,17,3,0,3,4,0.5
General Enquiry,13,3,0,22,3,30.52
General Enquiry,13,5,1,24,1,94.01
Bill Payment,13,2,0,24,3,28.09
Account Services,15,4,0,19,2,79.02
Document Verification,11,3,0,34,1,198.31
Customer Support,9,5,1,26,1,168.92
Customer Support,17,2,0,18,2,59.37
Bill Payment,15,3,0,29,3,37.03
Bill Payment,13,2,0,33,2,59.19
Customer Support,13,6,1,22,4,41.62
Bill Payment,12,1,0,6,2,12.64
Document Verification,11,4,0,28,2,85.83
Bill Payment,12,1,0,3,2,5.33
General Enquiry,9,1,0,7,1,32.46
Document Verification,15,1,0,12,2,41.28
Document Verification,14,5,1,51,2,162.6
General Enquiry,13,3,0,25,1,104.81
Customer Support,10,5,1,55,4,104.73
Account Services,13,3,0,44,2,153.11
Customer Support,16,4,0,55,3,135.2
Account Services,9,5,1,67,4,141.68
Customer Support,17,5,1,48,2,180.24
Account Services,12,6,1,36,1,274.8
Document Verification,9,2,0,11,2,26.53
General Enquiry,16,5,1,53,3,81.05
Document Verification,9,6,1,55,2,158.25
General Enquiry,12,1,0,11,4,9.68
Document Verification,16,0,0,47,2,165.13
Bill Payment,9,4,0,11,2,22.92
Account Services,9,3,0,44,3,127.67
Customer Support,16,3,0,19,3,37.6
General Enquiry,11,0,0,35,3,45.22
Account Services,9,3,0,14,4,28.5
Account Services,14,0,0,51,2,197.12
Bill Payment,9,3,0,46,4,41.62
Account Services,17,1,0,7,2,30.88
Document Verification,17,0,0,31,4,46.67
Bill Payment,11,5,1,30,3,33.42
General Enquiry,14,0,0,55,2,117.75
General Enquiry,10,5,1,77,1,279.65
Bill Payment,13,1,0,21,2,41.85
Customer Support,17,2,0,13,4,22.87
General Enquiry,17,4,0,32,1,123.69
General Enquiry,13,1,0,4,4,3.25
Bill Payment,13,2,0,8,3,9.85
Document Verification,17,0,0,14,4,22.51
Document Verification,9,3,0,5,3,7.95
Customer Support,11,4,0,12,3,34.85
Account Services,13,4,0,47,3,113.43
Bill Payment,9,5,1,74,1,236.66
Account Services,16,3,0,25,2,88.8
Bill Payment,17,6,1,3,2,6.03
Bill Payment,14,5,1,54,2,83.39
Account Services,13,1,0,33,2,127.12
General Enquiry,11,4,0,27,2,47.74
Customer Support,16,1,0,30,2,98.68
Document Verification,14,6,1,11,1,71.61
General Enquiry,9,2,0,46,1,195.59
Bill Payment,13,2,0,18,2,27.73
Customer Support,13,2,0,48,3,107.67
Bill Payment,15,3,0,4,4,1.31
General Enquiry,13,2,0,3,4,4.29
Customer Support,13,1,0,11,4,21.58
Document Verification,16,5,1,56,3,114.69
Bill Payment,14,6,1,4,3,6.49
Account Services,13,2,0,41,3,117.09
Account Services,16,1,0,25,4,45.96
Bill Payment,17,2,0,32,3,38.44
Bill Payment,9,6,1,63,2,106.78
General Enquiry,13,3,0,7,4,6.51
Account Services,10,4,0,52,2,190.38
Customer Support,14,6,1,13,2,38.29
Account Services,15,4,0,23,4,51.23
Account Services,11,6,1,16,1,137.65
Account Services,16,2,0,54,4,94.41
Customer Support,10,1,0,48,2,164.17
Customer Support,16,2,0,43,3,107.76
Customer Support,13,2,0,37,2,139.15
Bill Payment,16,5,1,44,2,75.74
Document Verification,9,3,0,29,4,45.8
Document Verification,10,6,1,30,3,58.29
Bill Payment,16,6,1,54,3,54.47
General Enquiry,11,3,0,5,2,9.19
Bill Payment,10,1,0,12,2,21.85
Document Verification,16,3,0,16,2,43.86
Bill Payment,13,1,0,46,2,72.45
General Enquiry,15,6,1,13,1,58.34
Customer Support,14,6,1,15,4,30.34
Document Verification,9,5,1,26,2,85.46
Account Services,12,5,1,7,1,64.83
Customer Support,14,3,0,46,3,114.16
General Enquiry,9,6,1,22,1,92.31
General Enquiry,17,1,0,3,3,5.5
General Enquiry,10,4,0,5,1,21.11
Bill Payment,16,3,0,25,3,26.91
Bill Payment,13,0,0,27,1,102.8
Account Services,9,4,0,49,4,96.11
Account Services,9,1,0,16,2,68.44
Bill Payment,17,3,0,43,2,68.43
Customer Support,12,2,0,25,2,89.48
General Enquiry,9,1,0,18,1,71.12
General Enquiry,14,1,0,9,1,40.12
General Enquiry,11,1,0,36,4,42.63
Account Services,13,2,0,51,2,187.02
Account Services,10,0,0,85,2,297.53
Account Services,15,3,0,23,1,196.97
General Enquiry,17,1,0,37,1,165.88
Customer Support,9,4,0,15,4,27.66
Document Verification,9,0,0,16,4,31.01
General Enquiry,14,5,1,34,3,40.47
Account Services,12,6,1,30,4,47.57
Account Services,10,4,0,15,1,132.49
General Enquiry,13,6,1,27,2,46.87
Account Services,16,4,0,43,3,121.13
Document Verification,10,1,0,44,1,284.78
Document Verification,14,6,1,10,1,54.24
Bill Payment,9,4,0,44,3,49.0
Account Services,14,0,0,53,2,217.34
Document Verification,11,3,0,4,4,2.77
Account Services,12,3,0,1,1,13.14
Bill Payment,13,1,0,5,2,9.25
General Enquiry,13,2,0,27,2,49.89
General Enquiry,12,6,1,9,2,17.88
Customer Support,15,6,1,8,3,14.78
General Enquiry,15,1,0,12,3,18.48
Bill Payment,11,3,0,22,2,39.81
Document Verification,12,6,1,13,3,34.28
General Enquiry,14,5,1,14,1,55.11
Document Verification,12,5,1,15,4,28.42
Document Verification,17,0,0,39,3,76.0
Customer Support,17,4,0,6,3,13.81
Document Verification,11,1,0,24,4,35.09
Bill Payment,13,3,0,26,1,76.71
Account Services,16,1,0,44,4,90.3
Bill Payment,15,6,1,16,3,15.4
Account Services,9,3,0,22,2,97.95
Customer Support,10,2,0,67,2,251.39
General Enquiry,10,6,1,30,4,29.16
Customer Support,13,6,1,34,2,130.24
Document Verification,12,3,0,27,4,39.67
General Enquiry,10,0,0,49,4,48.64
General Enquiry,16,2,0,6,4,7.35
Bill Payment,15,1,0,4,3,5.51
Document Verification,12,5,1,20,4,34.46
Account Services,15,3,0,22,1,173.36
General Enquiry,17,4,0,5,2,7.7
Document Verification,16,1,0,24,4,33.87
Customer Support,13,6,1,53,2,174.87
Document Verification,15,5,1,46,4,76.98
Bill Payment,17,6,1,21,3,26.14
Account Services,17,6,1,7,1,65.67
Document Verification,15,3,0,27,2,75.07
Document Verification,16,2,0,23,1,150.28
Document Verification,17,4,0,23,2,74.46
Document Verification,9,3,0,7,1,40.33
General Enquiry,17,2,0,8,4,4.5
Bill Payment,13,2,0,14,3,13.85
General Enquiry,13,6,1,20,1,93.05
Account Services,16,6,1,21,3,54.04
General Enquiry,11,4,0,18,3,27.16
Customer Support,16,3,0,8,2,24.3
Account Services,10,1,0,48,2,163.47
Account Services,9,2,0,49,4,97.32
Bill Payment,9,0,0,30,2,53.16
General Enquiry,16,6,1,49,4,53.97
Account Services,9,3,0,46,4,75.94
Customer Support,15,5,1,11,2,39.38
Bill Payment,12,2,0,5,2,6.79
Account Services,9,6,1,18,2,59.68
Bill Payment,14,1,0,18,4,18.56
Document Verification,14,2,0,6,2,19.78
General Enquiry,11,6,1,37,4,32.49
Document Verification,17,3,0,19,2,56.12
Bill Payment,11,5,1,12,4,9.99
General Enquiry,10,6,1,12,1,53.05
Account Services,10,6,1,41,2,188.25
Account Services,17,0,0,16,2,62.43
Customer Support,16,3,0,35,2,142.59
Document Verification,15,3,0,16,3,38.99
General Enquiry,15,0,0,21,2,36.25
Customer Support,11,2,0,12,3,31.26
Document Verification,12,2,0,22,3,46.84
Bill Payment,17,1,0,38,3,48.74
Document Verification,10,5,1,48,4,64.02
Document Verification,11,0,0,24,1,142.74
Customer Support,15,2,0,6,2,24.97
Document Verification,17,2,0,7,3,15.35
Bill Payment,14,1,0,9,1,24.77
Account Services,16,3,0,41,4,87.32
General Enquiry,15,1,0,11,3,12.48
Account Services,13,2,0,28,2,99.42
Bill Payment,14,1,0,53,4,51.8
Document Verification,14,6,1,12,3,20.87
Customer Support,11,4,0,16,1,111.29
Customer Support,12,5,1,11,2,43.13
Customer Support,15,6,1,19,2,62.79
General Enquiry,16,1,0,3,4,2.36
Account Services,11,5,1,47,3,130.71
Bill Payment,13,4,0,8,2,14.85
Bill Payment,11,3,0,2,3,1.04
Bill Payment,14,5,1,39,1,120.29
Bill Payment,17,1,0,37,2,69.39
Document Verification,15,6,1,25,3,48.93
Document Verification,15,2,0,15,2,45.46
Bill Payment,14,4,0,37,2,60.25
Customer Support,17,0,0,10,2,33.31
Customer Support,11,1,0,24,1,188.18
Account Services,16,2,0,11,1,88.93
Document Verification,15,0,0,11,3,19.95
Document Verification,12,2,0,25,1,149.21
General Enquiry,15,5,1,27,3,34.21
Bill Payment,14,6,1,58,1,195.0
Account Services,16,0,0,18,3,39.87
Document Verification,17,1,0,52,3,112.66
Document Verification,17,5,1,52,1,299.6
Account Services,9,2,0,21,4,42.98
Document Verification,10,3,0,30,1,178.49
Bill Payment,12,4,0,13,4,8.69
Bill Payment,10,5,1,44,4,40.82
Customer Support,14,2,0,23,2,98.76
General Enquiry,11,4,0,33,2,54.01
Account Services,13,2,0,58,4,100.82
General Enquiry,10,2,0,38,2,64.71
Document Verification,11,3,0,14,4,23.17
Customer Support,15,1,0,24,2,77.77
General Enquiry,9,0,0,28,1,116.28
Account Services,17,0,0,15,1,107.28
General Enquiry,16,2,0,31,1,124.05
Document Verification,11,4,0,28,3,59.9
General Enquiry,15,4,0,10,3,15.19
Customer Support,12,2,0,25,3,70.37
Customer Support,15,1,0,11,4,19.9
Bill Payment,14,4,0,40,2,68.36
Document Verification,16,2,0,46,3,97.56
Bill Payment,14,0,0,50,3,55.4
Bill Payment,12,3,0,22,4,21.14
Document Verification,16,0,0,15,1,97.07
General Enquiry,12,6,1,35,4,36.43
Document Verification,13,1,0,28,1,154.07
Account Services,11,5,1,31,2,113.59
General Enquiry,16,0,0,46,3,61.78
Bill Payment,15,3,0,20,4,18.2
Account Services,9,2,0,3,1,21.64
Document Verification,17,2,0,18,2,46.07
Account Services,17,3,0,3,1,27.21
Customer Support,15,4,0,3,3,8.34
General Enquiry,16,1,0,18,1,65.85
Account Services,13,6,1,36,3,107.5
General Enquiry,13,5,1,41,4,45.74
Bill Payment,10,1,0,5,3,7.04
Customer Support,15,0,0,49,2,192.26
General Enquiry,13,6,1,6,1,22.14
Customer Support,15,6,1,6,4,6.18
Customer Support,17,0,0,13,4,19.54
Customer Support,11,6,1,22,2,90.08
Document Verification,11,6,1,6,4,11.54
General Enquiry,15,5,1,26,3,35.69
Customer Support,15,4,0,25,4,42.36
Document Verification,9,4,0,54,2,186.53
Account Services,10,3,0,52,3,135.5
Bill Payment,10,4,0,54,3,71.3
General Enquiry,13,3,0,34,1,145.32
General Enquiry,10,0,0,61,2,135.42
Customer Support,12,3,0,33,3,79.9
Document Verification,11,4,0,16,1,102.08
Bill Payment,11,4,0,12,1,42.18
General Enquiry,12,6,1,3,1,15.63
General Enquiry,10,3,0,36,3,52.87
Customer Support,17,3,0,25,1,197.47
General Enquiry,17,4,0,5,3,7.4
Bill Payment,11,2,0,11,3,14.6
Account Services,12,1,0,22,1,191.49
Customer Support,10,4,0,27,3,64.91
Bill Payment,17,3,0,11,4,8.7
General Enquiry,12,1,0,30,2,65.18
Account Services,12,4,0,3,2,9.02
Bill Payment,17,5,1,43,4,30.9
General Enquiry,13,0,0,46,2,82.43
Account Services,11,1,0,30,3,80.54
Document Verification,10,1,0,57,4,93.15
General Enquiry,13,2,0,16,1,73.62
Account Services,15,6,1,30,3,78.27
Customer Support,10,4,0,19,2,68.66
Account Services,11,3,0,33,1,275.06
Bill Payment,9,1,0,34,3,38.0
Customer Support,9,5,1,60,1,363.98
Bill Payment,12,6,1,34,4,28.3
Document Verification,11,5,1,39,3,76.39
Document Verification,16,5,1,18,3,30.74
Bill Payment,12,4,0,6,4,3.18
Document Verification,11,2,0,13,1,86.39
Customer Support,17,2,0,52,3,111.18
Bill Payment,11,4,0,5,3,5.78
Document Verification,10,5,1,16,4,23.51
Bill Payment,17,4,0,7,4,8.93
General Enquiry,10,5,1,15,4,14.55
Account Services,9,1,0,53,3,130.05
Account Services,17,3,0,49,1,398.5
General Enquiry,10,1,0,27,4,27.34
Customer Support,14,5,1,21,1,135.79
Customer Support,13,0,0,33,4,62.28
Document Verification,14,1,0,49,2,137.21
Customer Support,17,6,1,22,3,53.26
Document Verification,14,4,0,29,4,50.58
Customer Support,15,1,0,20,4,39.25
Account Services,15,5,1,29,4,61.37
Account Services,14,1,0,44,1,397.77
Bill Payment,11,1,0,29,4,23.6
Document Verification,15,1,0,34,1,231.27
Account Services,16,1,0,45,4,91.04
General Enquiry,9,4,0,60,1,258.86
General Enquiry,13,0,0,44,4,41.57
Bill Payment,13,1,0,27,3,28.67
Document Verification,10,6,1,72,1,456.41
Account Services,12,3,0,17,3,44.89
Account Services,9,2,0,51,3,122.0
Customer Support,13,5,1,48,2,166.68
Customer Support,16,3,0,48,1,383.14
Account Services,15,3,0,36,2,127.33
Account Services,16,4,0,19,1,141.57
Account Services,16,0,0,30,2,112.31
General Enquiry,17,2,0,45,1,186.49
General Enquiry,9,5,1,67,1,295.72
Document Verification,16,1,0,6,4,8.84
General Enquiry,16,3,0,40,4,40.77
Account Services,13,0,0,74,4,149.39
Account Services,16,2,0,14,1,121.39
Document Verification,9,6,1,7,2,17.87
Customer Support,15,1,0,7,2,23.68
Customer Support,12,4,0,4,3,13.77
Customer Support,16,1,0,27,3,74.17
General Enquiry,10,2,0,21,2,36.72
Document Verification,16,4,0,53,4,84.84
Document Verification,14,0,0,40,1,264.06
Bill Payment,11,4,0,32,1,118.15
Customer Support,16,2,0,25,1,203.43
General Enquiry,10,0,0,17,3,21.43
Customer Support,13,5,1,57,1,349.54
Bill Payment,9,2,0,38,4,33.15
Bill Payment,16,6,1,51,4,38.39
Customer Support,16,4,0,6,3,13.32
Document Verification,17,0,0,52,3,91.46
Customer Support,12,6,1,22,2,72.68
Document Verification,14,5,1,65,3,117.29
General Enquiry,13,4,0,51,2,115.98
Bill Payment,12,5,1,23,3,22.79
Bill Payment,10,0,0,28,2,48.87
Document Verification,13,5,1,32,2,109.43
Account Services,15,5,1,37,1,336.3
Document Verification,16,6,1,45,2,152.95
Customer Support,13,3,0,52,2,161.6
Document Verification,12,0,0,24,4,31.16
Document Verification,12,6,1,41,2,124.71
Bill Payment,13,4,0,49,4,46.3
General Enquiry,13,6,1,41,2,73.95
Account Services,13,3,0,50,2,232.46
Bill Payment,12,1,0,15,3,18.16
General Enquiry,11,0,0,3,2,5.2
Customer Support,14,4,0,4,1,38.11
General Enquiry,16,2,0,46,1,158.38
Customer Support,12,5,1,4,4,2.24
General Enquiry,12,4,0,3,2,6.75
Document Verification,13,6,1,46,3,103.23
General Enquiry,14,0,0,19,2,36.25
Bill Payment,14,5,1,5,4,2.67
Bill Payment,10,5,1,30,2,59.61
Customer Support,11,4,0,38,3,83.33
Document Verification,17,2,0,23,4,33.91
Customer Support,10,1,0,6,4,12.85
General Enquiry,16,3,0,39,1,173.89
Bill Payment,13,1,0,17,2,30.04
Document Verification,14,0,0,58,3,104.61
Bill Payment,10,0,0,74,2,126.92
Document Verification,9,6,1,3,2,12.12
General Enquiry,17,2,0,30,2,54.58
Document Verification,9,4,0,38,3,85.07
Account Services,12,5,1,23,3,63.59
Document Verification,9,6,1,22,3,49.97
General Enquiry,16,3,0,4,3,6.89
Bill Payment,15,4,0,15,3,17.33
Document Verification,15,2,0,30,1,172.71
Account Services,15,2,0,7,3,15.0
Customer Support,12,2,0,32,4,56.11
Account Services,17,1,0,24,2,102.17
General Enquiry,17,4,0,41,2,69.27
General Enquiry,15,2,0,26,4,30.15
Account Services,15,6,1,21,4,43.29
General Enquiry,10,2,0,18,3,27.77
General Enquiry,11,3,0,18,2,30.32
General Enquiry,16,3,0,30,3,37.9
Account Services,16,1,0,41,4,72.79
Customer Support,13,1,0,43,3,101.26
Bill Payment,16,6,1,7,2,12.58
Document Verification,12,4,0,10,4,12.56
Document Verification,14,0,0,49,2,124.85
Bill Payment,17,0,0,52,4,41.21
Document Verification,13,4,0,18,1,108.03
Document Verification,10,4,0,48,2,133.43
Account Services,14,4,0,34,2,137.39
Account Services,14,0,0,8,1,72.97
Account Services,10,2,0,36,2,165.28
Customer Support,10,4,0,24,2,69.9
General Enquiry,17,2,0,23,3,34.14
Document Verification,12,1,0,24,3,44.99
Customer Support,9,1,0,60,1,395.38
Customer Support,10,1,0,19,1,150.46
Bill Payment,17,6,1,23,1,76.01
Bill Payment,9,5,1,69,4,59.9
Customer Support,14,6,1,36,4,62.36
Customer Support,9,1,0,38,1,236.59
Account Services,13,1,0,36,4,71.8
Bill Payment,13,5,1,53,4,46.96
General Enquiry,17,2,0,37,4,38.9
Bill Payment,17,1,0,41,1,126.74
Bill Payment,15,6,1,7,1,23.19
General Enquiry,13,1,0,41,3,60.79
Customer Support,17,0,0,53,4,86.77
General Enquiry,17,0,0,16,1,70.3
Document Verification,14,2,0,49,3,95.87
General Enquiry,10,6,1,28,2,52.43
Bill Payment,11,2,0,41,3,50.21
Account Services,17,5,1,49,2,186.64
Customer Support,11,3,0,29,2,100.07
Bill Payment,10,3,0,12,3,13.74
Document Verification,14,0,0,21,1,137.88
General Enquiry,14,1,0,5,2,9.08
Bill Payment,14,5,1,50,4,38.15
General Enquiry,9,4,0,19,1,79.37
Document Verification,12,3,0,10,1,59.17
Document Verification,16,5,1,11,2,32.72
Customer Support,16,1,0,52,3,123.95
Account Services,15,2,0,24,2,106.99
General Enquiry,14,6,1,56,3,77.35
Customer Support,10,5,1,6,3,15.96
Account Services,17,6,1,49,3,141.66
Document Verification,14,6,1,38,1,211.08
Account Services,14,0,0,47,1,385.36
Account Services,17,2,0,35,1,302.48
Bill Payment,17,4,0,29,2,48.48
Document Verification,13,1,0,41,4,54.24
Bill Payment,12,6,1,36,1,125.33
Account Services,17,5,1,9,1,76.73
Bill Payment,12,5,1,6,4,5.95
Account Services,15,1,0,4,2,19.04
General Enquiry,17,3,0,32,3,41.52
General Enquiry,12,5,1,23,4,26.69
Account Services,16,0,0,46,1,390.28
Bill Payment,17,1,0,40,3,48.28
Document Verification,13,1,0,24,3,49.29
Account Services,17,6,1,45,2,207.02
General Enquiry,17,2,0,9,4,9.49
Bill Payment,9,5,1,52,4,43.02
Account Services,17,4,0,45,2,173.48
Account Services,14,4,0,35,3,93.63
Bill Payment,17,4,0,6,1,22.47
Document Verification,15,0,0,37,4,50.45
Customer Support,13,4,0,30,1,209.34
Bill Payment,14,4,0,49,2,79.13
General Enquiry,13,1,0,47,2,83.23
Customer Support,10,6,1,4,4,10.01
Customer Support,11,5,1,17,2,60.74
General Enquiry,16,2,0,30,1,125.01
Document Verification,12,5,1,12,4,13.32
Customer Support,9,6,1,56,2,195.23
Bill Payment,9,1,0,33,3,35.21
Document Verification,11,0,0,27,2,85.32
Bill Payment,14,2,0,49,1,151.8
Account Services,14,2,0,13,2,52.38
General Enquiry,12,4,0,12,2,26.67
Bill Payment,13,3,0,21,4,17.29
Document Verification,13,2,0,30,3,66.94
Customer Support,13,1,0,36,3,85.21
Bill Payment,10,4,0,42,4,40.91
General Enquiry,12,6,1,21,4,24.97
Bill Payment,16,2,0,9,1,29.62
Document Verification,15,1,0,27,3,55.89
Account Services,10,5,1,55,1,390.11
Bill Payment,11,0,0,26,2,45.77
Document Verification,16,6,1,37,1,207.74
Bill Payment,12,4,0,22,2,42.48
Document Verification,17,1,0,30,2,101.24
Bill Payment,12,2,0,22,1,81.56
Bill Payment,16,3,0,12,4,11.0
Bill Payment,11,1,0,37,4,26.82
Account Services,17,1,0,12,2,56.27
Document Verification,17,1,0,19,2,59.21
Account Services,15,3,0,3,4,5.99
Customer Support,14,3,0,28,1,176.49
General Enquiry,9,3,0,27,2,55.18
Account Services,13,6,1,35,2,121.64
Account Services,12,0,0,30,1,226.56
Document Verification,9,4,0,24,4,32.53
Account Services,10,3,0,18,4,40.35
Document Verification,10,2,0,22,2,54.97
Bill Payment,14,5,1,13,3,15.44
Bill Payment,14,0,0,32,2,57.06
Customer Support,9,1,0,20,1,124.97
Document Verification,10,5,1,68,1,454.24
Customer Support,16,4,0,34,4,67.41
Customer Support,10,4,0,35,3,83.74
General Enquiry,17,1,0,45,2,92.28
Bill Payment,12,3,0,9,4,7.63
Bill Payment,11,3,0,37,4,33.83
Document Verification,10,2,0,10,3,22.2
Customer Support,14,0,0,72,2,262.45
Document Verification,14,2,0,10,2,34.15
Bill Payment,12,3,0,7,1,25.18
Bill Payment,15,5,1,10,3,11.53
General Enquiry,17,0,0,6,2,13.39
Account Services,10,2,0,39,4,79.45
Bill Payment,10,6,1,60,1,219.36
Document Verification,11,5,1,4,1,24.57
Account Services,10,5,1,4,2,16.99
General Enquiry,12,0,0,30,4,27.42
Account Services,11,2,0,3,1,24.27
Bill Payment,13,2,0,13,2,26.91
Account Services,11,4,0,25,3,57.83
Customer Support,15,4,0,7,1,60.29
Document Verification,10,2,0,32,4,41.69
Customer Support,12,4,0,16,2,53.04
General Enquiry,17,4,0,44,3,65.44
General Enquiry,11,5,1,28,2,50.62
General Enquiry,10,3,0,34,4,30.25
General Enquiry,12,2,0,13,2,25.52
Customer Support,14,5,1,28,1,203.86
Account Services,15,3,0,7,3,17.73
Account Services,12,5,1,2,1,9.2
Customer Support,14,2,0,51,4,82.09
General Enquiry,12,1,0,15,2,27.99
Customer Support,12,4,0,13,4,25.37
Account Services,16,6,1,58,4,128.64
Customer Support,10,3,0,20,4,25.54
Customer Support,13,0,0,50,4,106.02
Customer Support,17,4,0,12,1,71.85
General Enquiry,13,2,0,34,4,31.41
Account Services,15,3,0,39,4,78.47
General Enquiry,11,0,0,26,1,114.55
Customer Support,10,4,0,48,3,99.62
Customer Support,12,2,0,8,1,62.88
Document Verification,10,3,0,9,2,28.87
Bill Payment,11,2,0,28,2,42.96
Account Services,17,5,1,10,4,24.36
Customer Support,9,1,0,8,1,58.87
Account Services,17,1,0,5,4,9.98
Customer Support,14,0,0,21,1,156.36
Bill Payment,11,2,0,4,4,1.71
Bill Payment,16,0,0,32,3,36.17
Customer Support,10,0,0,74,4,141.52
Bill Payment,11,4,0,13,3,13.56
General Enquiry,10,6,1,36,3,54.96
Customer Support,15,6,1,14,2,40.52
Account Services,12,0,0,14,2,52.92
Bill Payment,17,5,1,52,1,188.78
Document Verification,15,6,1,18,3,34.1
Bill Payment,11,2,0,10,4,9.8
Customer Support,12,4,0,5,4,12.3
Bill Payment,14,3,0,18,1,60.21
Bill Payment,9,5,1,14,1,52.76
General Enquiry,13,3,0,3,3,4.75
Bill Payment,10,4,0,63,3,74.54
Account Services,12,4,0,7,4,15.72
Bill Payment,9,4,0,39,4,35.31
Bill Payment,17,2,0,31,2,60.0
Account Services,12,2,0,7,1,54.9
General Enquiry,10,1,0,20,4,21.24
Bill Payment,14,0,0,31,1,93.49
Document Verification,17,4,0,10,2,26.06
Account Services,9,5,1,11,3,25.56
Bill Payment,13,1,0,22,1,68.63
Account Services,15,2,0,14,3,43.19
Account Services,14,4,0,44,1,360.26
Customer Support,14,1,0,4,2,16.58
Bill Payment,15,1,0,2,3,2.13
General Enquiry,16,1,0,26,3,36.41
Bill Payment,15,2,0,14,3,13.08
Customer Support,16,1,0,40,2,128.7
Customer Support,15,3,0,21,2,64.74
General Enquiry,13,0,0,26,4,25.85
Customer Support,17,5,1,43,1,326.58
Document Verification,13,4,0,55,4,88.66
Document Verification,14,1,0,35,4,56.12
General Enquiry,14,6,1,38,4,40.35
Bill Payment,12,2,0,38,2,62.93
General Enquiry,10,3,0,43,1,168.82
Customer Support,16,3,0,7,4,15.72
Account Services,17,4,0,21,2,92.92
General Enquiry,10,3,0,25,2,46.42
Document Verification,16,0,0,55,1,298.01
Customer Support,9,0,0,68,3,166.36
General Enquiry,17,6,1,9,2,13.4
Customer Support,17,0,0,27,4,39.55
Account Services,12,2,0,26,4,46.14
Document Verification,10,1,0,62,1,376.79
Document Verification,12,2,0,10,2,31.39
Document Verification,15,0,0,20,4,26.64
Document Verification,17,1,0,33,3,57.64
Document Verification,16,2,0,40,1,255.05
Account Services,13,1,0,22,2,85.72
Customer Support,17,4,0,27,4,57.69
Customer Support,14,4,0,26,4,38.87
Bill Payment,12,3,0,7,4,4.31
Bill Payment,10,2,0,54,2,84.78
General Enquiry,13,3,0,40,1,171.28
Customer Support,11,2,0,8,2,25.1
Bill Payment,14,2,0,11,1,34.94
General Enquiry,10,6,1,35,4,39.49
Bill Payment,12,5,1,25,2,42.96
Account Services,17,1,0,46,2,205.98
Document Verification,11,6,1,27,1,180.63
Customer Support,15,2,0,13,3,34.24
Account Services,17,5,1,19,3,43.57
Bill Payment,17,5,1,25,3,25.3
General Enquiry,13,3,0,19,2,36.19
General Enquiry,12,1,0,16,3,19.97
Account Services,15,0,0,30,2,124.84
Account Services,16,5,1,7,4,9.13
Customer Support,12,1,0,13,2,42.66
Document Verification,13,0,0,47,4,62.12
Customer Support,9,4,0,26,2,82.06
Customer Support,16,4,0,17,4,28.01
Customer Support,14,0,0,42,3,106.01
General Enquiry,16,1,0,52,4,48.17
Document Verification,12,6,1,23,3,43.18
General Enquiry,13,1,0,62,4,68.46
Customer Support,10,5,1,14,3,23.97
General Enquiry,16,2,0,8,4,9.64
Bill Payment,16,1,0,49,3,66.03
Bill Payment,15,1,0,33,3,39.94
Bill Payment,10,1,0,9,3,12.41
Bill Payment,11,0,0,27,1,90.92
General Enquiry,14,3,0,56,3,81.83
Bill Payment,15,3,0,21,2,39.23
Customer Support,15,2,0,29,3,59.61
Account Services,14,4,0,32,4,69.86
Document Verification,14,5,1,60,2,192.45
General Enquiry,15,1,0,36,1,153.93
Account Services,11,3,0,21,1,170.85
Bill Payment,11,2,0,7,1,26.85
Bill Payment,17,1,0,32,1,101.1
Account Services,17,1,0,43,3,122.05
Customer Support,17,0,0,6,4,7.16
Bill Payment,14,3,0,3,4,3.11
Document Verification,13,5,1,22,4,30.73
Account Services,11,5,1,21,1,192.09
Document Verification,15,0,0,6,1,36.42
Customer Support,12,6,1,4,1,24.22
General Enquiry,14,1,0,38,1,161.95
Account Services,10,0,0,36,2,130.94
Document Verification,16,4,0,38,4,62.84
Document Verification,12,0,0,15,4,25.15
Account Services,11,2,0,25,1,176.87
Bill Payment,11,5,1,7,3,10.31
Account Services,12,0,0,32,3,85.33
Bill Payment,17,0,0,34,1,114.41
General Enquiry,15,1,0,7,1,23.09
Account Services,16,1,0,2,4,1.77
Account Services,10,6,1,61,1,464.81
Document Verification,15,4,0,6,4,7.56
Bill Payment,9,4,0,43,2,80.76
Customer Support,15,4,0,15,4,22.25
Document Verification,10,4,0,52,1,348.41
General Enquiry,12,4,0,7,3,8.68
Document Verification,10,3,0,44,2,131.83
Document Verification,11,4,0,11,2,32.7
Bill Payment,17,2,0,15,2,23.32
General Enquiry,12,3,0,27,4,20.67
Bill Payment,16,0,0,39,2,67.88
Customer Support,15,3,0,7,1,46.7
Customer Support,17,4,0,37,2,117.18
Bill Payment,11,3,0,4,2,7.9
Customer Support,13,6,1,18,4,29.36
General Enquiry,11,6,1,8,2,17.53
Bill Payment,13,6,1,16,2,24.11
Document Verification,17,4,0,40,2,111.62
General Enquiry,14,0,0,10,4,14.14
General Enquiry,10,6,1,55,1,211.51
Customer Support,17,4,0,8,1,45.12
Customer Support,17,2,0,31,4,48.97
Bill Payment,10,1,0,28,3,37.02
Account Services,9,6,1,11,1,75.77
General Enquiry,15,3,0,15,3,18.27
Bill Payment,16,0,0,69,3,86.52
Customer Support,12,1,0,19,2,70.1
Bill Payment,13,1,0,46,4,39.82
Document Verification,15,2,0,12,1,69.85
Bill Payment,10,0,0,72,2,127.94
General Enquiry,17,4,0,46,4,49.19
Document Verification,14,1,0,49,2,166.13
General Enquiry,15,6,1,18,2,29.41
Bill Payment,10,2,0,9,2,16.9
Bill Payment,17,6,1,46,3,53.44
Bill Payment,9,2,0,6,1,22.6
General Enquiry,10,6,1,25,1,93.37
Account Services,12,1,0,31,4,62.43
Customer Support,13,6,1,5,3,12.13
General Enquiry,12,5,1,10,3,12.93
General Enquiry,15,0,0,17,4,19.73
General Enquiry,15,3,0,23,4,22.5
Bill Payment,17,6,1,4,2,3.17
Customer Support,9,6,1,11,1,76.04
Account Services,14,6,1,39,1,284.38
General Enquiry,14,3,0,28,4,33.14
Customer Support,14,5,1,63,2,213.12
Document Verification,13,1,0,35,1,237.88
Customer Support,13,2,0,57,1,381.31
Account Services,16,5,1,33,2,119.61
Account Services,14,6,1,52,1,376.09
Bill Payment,17,5,1,40,2,73.58
Account Services,15,3,0,34,3,92.24
Account Services,12,6,1,13,3,36.37
Bill Payment,16,5,1,57,1,173.13
Bill Payment,16,2,0,26,1,99.43
Customer Support,16,3,0,9,3,23.42
General Enquiry,15,0,0,20,1,83.01
Account Services,14,2,0,9,1,75.45
Customer Support,13,6,1,7,2,26.55
General Enquiry,14,0,0,79,2,145.32
General Enquiry,10,0,0,57,3,82.92
Customer Support,11,2,0,38,2,140.62
General Enquiry,14,4,0,8,4,11.1
Account Services,15,5,1,5,3,19.03
Account Services,14,1,0,45,1,316.39
Bill Payment,11,6,1,7,1,27.5
Customer Support,16,5,1,7,3,14.01
Account Services,16,2,0,17,4,36.13
Customer Support,14,3,0,19,4,28.32
Bill Payment,13,2,0,27,4,24.91
Account Services,14,6,1,45,1,320.27
Customer Support,11,2,0,2,2,5.09
Document Verification,15,3,0,26,3,59.74
Document Verification,14,2,0,50,3,93.89
General Enquiry,11,0,0,34,3,39.26
Bill Payment,13,1,0,10,4,7.09
Account Services,13,1,0,39,4,76.94
General Enquiry,11,1,0,25,3,33.32
Account Services,17,3,0,48,4,97.61
Document Verification,15,6,1,23,1,123.6
Document Verification,14,6,1,34,3,72.24
Account Services,10,4,0,32,1,294.24
General Enquiry,12,6,1,14,3,16.89
Account Services,12,6,1,19,1,166.25
Bill Payment,9,0,0,57,2,93.33
Account Services,11,6,1,48,4,103.19
Account Services,13,2,0,4,4,10.99
Bill Payment,17,5,1,14,1,49.63
Bill Payment,12,3,0,4,3,6.5
Customer Support,17,4,0,37,3,75.68
General Enquiry,16,6,1,35,4,36.96
General Enquiry,13,0,0,13,1,56.75
General Enquiry,11,2,0,14,4,17.13
Bill Payment,9,3,0,13,4,9.74
General Enquiry,11,5,1,12,1,50.57
Account Services,13,6,1,19,4,43.5
Account Services,15,5,1,37,3,92.35
Customer Support,16,6,1,47,2,149.55
General Enquiry,10,3,0,33,1,144.32
Account Services,12,4,0,4,2,20.58
Account Services,12,6,1,10,1,71.12
Customer Support,9,1,0,48,3,108.86
Bill Payment,15,4,0,34,1,116.02
Bill Payment,10,4,0,19,2,36.47
Document Verification,12,6,1,31,1,199.34
Account Services,9,4,0,21,4,48.28
General Enquiry,13,4,0,34,1,136.65
Bill Payment,10,2,0,5,2,13.59
Customer Support,14,1,0,42,4,66.4
General Enquiry,12,5,1,32,2,73.59
Document Verification,11,4,0,32,1,162.41
Bill Payment,17,3,0,26,3,33.22
General Enquiry,12,4,0,13,3,16.18
Customer Support,17,6,1,32,1,226.7
Bill Payment,12,5,1,17,1,56.17
Document Verification,17,1,0,23,2,73.64
Customer Support,15,1,0,23,2,82.34
Document Verification,11,0,0,17,2,51.48
Account Services,11,4,0,4,4,8.37
Bill Payment,11,3,0,7,1,24.28
Bill Payment,14,5,1,31,3,37.32
Bill Payment,11,6,1,33,3,40.22
Bill Payment,11,6,1,33,1,97.3
Account Services,14,1,0,20,3,58.88
Document Verification,12,0,0,35,1,235.38
Customer Support,14,3,0,46,1,308.58
General Enquiry,13,5,1,9,1,36.97
Document Verification,16,4,0,2,4,0.5
General Enquiry,10,2,0,53,1,219.69
Account Services,17,6,1,56,4,113.81
Account Services,12,2,0,17,4,30.69
Customer Support,9,5,1,17,2,64.55
Document Verification,13,5,1,32,4,48.62
Customer Support,11,6,1,20,2,77.88
Bill Payment,13,3,0,43,3,49.56
General Enquiry,12,3,0,9,3,7.76
Customer Support,17,6,1,10,4,20.13
Customer Support,9,5,1,6,1,37.07
Account Services,13,5,1,42,1,317.71
Account Services,17,2,0,14,2,64.12
General Enquiry,14,3,0,55,4,50.14
Document Verification,9,6,1,53,3,92.28
Bill Payment,9,3,0,10,4,9.0
Customer Support,17,4,0,8,1,65.55
Account Services,9,5,1,4,3,8.23
Account Services,15,5,1,6,4,9.8
Bill Payment,10,5,1,18,1,61.16
Bill Payment,17,6,1,50,4,46.19
Customer Support,17,2,0,34,3,74.84
Document Verification,11,5,1,29,1,182.69
Bill Payment,16,1,0,18,1,67.95
General Enquiry,12,2,0,27,4,27.68
Bill Payment,13,3,0,58,2,105.36
Customer Support,11,5,1,10,2,30.2
General Enquiry,9,2,0,26,1,90.83
Document Verification,9,2,0,12,2,30.8
General Enquiry,14,6,1,51,1,188.5
Document Verification,14,3,0,39,1,263.61
Customer Support,10,0,0,31,4,50.9
Bill Payment,11,2,0,20,4,13.33
Customer Support,9,5,1,8,2,29.88
General Enquiry,15,0,0,33,1,133.6
Document Verification,12,2,0,7,4,11.72
Customer Support,14,4,0,49,3,90.6
Document Verification,14,4,0,38,1,215.52
Document Verification,9,0,0,15,2,44.38
Customer Support,9,4,0,48,1,385.89
Document Verification,14,3,0,28,1,173.53
Bill Payment,16,2,0,53,2,91.92
General Enquiry,11,4,0,7,2,15.42
Customer Support,11,2,0,28,1,215.67
Customer Support,15,3,0,7,1,48.12
Account Services,10,2,0,53,4,107.18
Customer Support,14,4,0,16,1,125.99
Customer Support,10,3,0,26,1,155.1
Customer Support,10,3,0,7,1,51.69
Customer Support,9,5,1,78,4,148.45
Document Verification,13,6,1,44,2,125.53
General Enquiry,17,6,1,5,3,6.39
Bill Payment,12,0,0,20,1,59.31
Document Verification,16,1,0,31,4,47.63
Account Services,15,1,0,11,3,26.58
Account Services,17,1,0,40,2,167.01
Customer Support,16,4,0,27,4,50.23
Bill Payment,13,1,0,47,4,42.57
Document Verification,17,4,0,47,1,247.55
Document Verification,16,5,1,14,1,78.15
General Enquiry,17,0,0,58,3,88.76
Document Verification,16,0,0,32,4,42.32
Bill Payment,9,6,1,39,2,62.63
Customer Support,11,4,0,21,4,31.51
Account Services,13,2,0,39,3,112.05
General Enquiry,15,6,1,2,2,4.73
Customer Support,11,3,0,32,1,185.02
Bill Payment,13,5,1,35,4,27.77
Customer Support,12,5,1,22,2,79.81
Document Verification,14,0,0,61,4,95.92
Document Verification,13,4,0,27,1,180.95
Account Services,9,0,0,39,2,167.82
Customer Support,13,6,1,54,4,90.19
General Enquiry,16,3,0,27,3,32.61
Customer Support,10,5,1,43,4,73.73
Customer Support,15,3,0,9,4,18.15
Bill Payment,15,2,0,20,1,59.98
Bill Payment,16,1,0,11,3,11.95
General Enquiry,14,0,0,22,4,23.87
Document Verification,9,1,0,46,3,82.24
General Enquiry,15,1,0,6,4,3.68
Account Services,17,0,0,20,2,81.67
Customer Support,14,6,1,27,2,86.72
Bill Payment,15,2,0,7,4,5.56
Bill Payment,10,2,0,28,1,87.29
Account Services,12,2,0,28,2,94.69
Document Verification,11,3,0,18,1,109.89
Customer Support,9,5,1,18,4,38.62
Account Services,17,3,0,11,3,23.99
Customer Support,10,4,0,39,1,235.83
Account Services,17,5,1,46,2,207.95
Account Services,14,0,0,37,3,89.06
Customer Support,11,6,1,29,4,50.33
Account Services,16,3,0,49,2,209.63
General Enquiry,13,1,0,24,1,102.96
Document Verification,17,0,0,53,1,295.28
Account Services,16,6,1,40,1,353.72
Document Verification,12,6,1,9,2,25.79
Document Verification,9,5,1,66,2,198.9
General Enquiry,15,0,0,19,1,74.86
Account Services,9,0,0,75,4,159.2
Customer Support,13,2,0,9,4,16.29
Account Services,16,4,0,5,4,10.38
Document Verification,15,2,0,28,2,72.55
Bill Payment,12,0,0,8,3,9.7
Document Verification,14,3,0,44,1,270.63
Customer Support,13,2,0,43,4,85.23
Document Verification,11,5,1,34,1,184.39
Account Services,12,6,1,21,3,65.55
General Enquiry,11,4,0,18,2,41.19
Document Verification,15,3,0,4,3,6.27
Customer Support,14,5,1,33,1,248.74
General Enquiry,15,3,0,26,4,30.95
Document Verification,15,3,0,22,2,64.9
Customer Support,14,1,0,19,3,34.64
General Enquiry,16,3,0,49,3,73.84
Bill Payment,17,4,0,43,2,74.21
Document Verification,14,1,0,4,4,4.16
Bill Payment,9,2,0,39,2,68.72
Customer Support,17,2,0,34,3,76.87
General Enquiry,14,3,0,38,3,45.53
Document Verification,16,4,0,26,2,73.87
Bill Payment,15,4,0,12,3,13.51
Customer Support,9,1,0,12,2,42.44
Account Services,10,0,0,56,2,217.35
Bill Payment,16,4,0,35,4,24.25
General Enquiry,9,3,0,8,1,35.03
Customer Support,15,2,0,13,2,42.64
Document Verification,11,2,0,16,4,23.65
Customer Support,12,2,0,34,3,71.32
Document Verification,9,5,1,55,4,77.48
Customer Support,10,4,0,29,4,50.66
General Enquiry,11,3,0,29,1,100.16
Account Services,12,2,0,5,3,13.86
Customer Support,17,1,0,39,3,95.5
General Enquiry,11,0,0,28,4,27.53
Document Verification,10,1,0,27,4,30.51
General Enquiry,12,4,0,8,1,31.98
Bill Payment,13,6,1,68,1,252.04
Document Verification,10,5,1,7,2,16.95
Document Verification,14,4,0,9,4,12.02
Customer Support,13,3,0,57,3,118.94
Document Verification,10,6,1,64,2,210.74
General Enquiry,11,5,1,25,3,34.99
Bill Payment,17,4,0,5,2,9.08
Account Services,9,0,0,36,3,85.86
Bill Payment,14,3,0,12,1,35.69
General Enquiry,13,4,0,10,4,11.7
Customer Support,17,0,0,9,3,15.58
Account Services,12,4,0,29,1,194.29
Customer Support,9,0,0,35,3,89.8
Document Verification,10,5,1,41,2,118.71
General Enquiry,16,4,0,13,1,46.99
Customer Support,15,5,1,29,3,73.94
Account Services,9,1,0,15,3,37.63
Bill Payment,16,5,1,52,1,182.17
Document Verification,11,5,1,6,4,8.04
Document Verification,11,4,0,34,1,189.85
Account Services,10,0,0,45,3,121.25
Document Verification,15,2,0,16,1,90.49
Account Services,14,5,1,49,3,152.69
Bill Payment,15,5,1,14,4,12.34
Document Verification,14,0,0,9,3,20.45
General Enquiry,11,1,0,25,1,116.78
Bill Payment,9,3,0,26,2,48.22
Customer Support,17,1,0,13,4,28.2
Account Services,16,6,1,48,2,183.95
Account Services,9,1,0,13,4,24.11
General Enquiry,13,5,1,45,4,46.78
Document Verification,12,2,0,13,2,42.94
General Enquiry,16,1,0,12,2,24.24
Document Verification,12,2,0,30,4,45.45
General Enquiry,17,0,0,19,1,82.65
General Enquiry,14,2,0,11,1,44.78
Document Verification,16,2,0,12,3,22.72
Customer Support,13,2,0,25,1,179.88
Document Verification,13,4,0,47,3,88.27
Document Verification,9,5,1,7,3,15.48
Document Verification,9,6,1,45,1,290.18
Bill Payment,13,4,0,17,1,62.47
Bill Payment,14,6,1,40,1,143.24
General Enquiry,12,4,0,11,1,47.33
Customer Support,13,4,0,42,2,148.19
Document Verification,9,6,1,47,3,101.24
Bill Payment,13,5,1,32,3,35.38
General Enquiry,9,0,0,15,4,12.3
General Enquiry,9,0,0,66,2,136.17
Account Services,13,2,0,10,4,15.15
Account Services,17,1,0,35,2,117.75
Document Verification,15,0,0,4,3,8.47
Document Verification,14,5,1,33,4,43.96
General Enquiry,14,0,0,27,2,44.01
Customer Support,10,4,0,12,3,25.43
Customer Support,9,0,0,52,3,115.47
Customer Support,15,5,1,35,3,79.72
Document Verification,10,0,0,31,1,203.91
General Enquiry,9,1,0,49,3,73.89
Customer Support,12,5,1,7,1,49.76
Bill Payment,11,3,0,34,3,41.18
Document Verification,15,4,0,4,3,5.46
Document Verification,14,1,0,50,3,114.66
Account Services,12,2,0,30,3,72.97
Bill Payment,14,0,0,12,2,19.03
Bill Payment,11,6,1,44,4,35.45
Account Services,13,3,0,54,2,214.4
Customer Support,13,0,0,67,4,107.17
Account Services,17,6,1,32,3,81.78
General Enquiry,12,2,0,4,3,5.09
Account Services,16,2,0,45,3,113.0
Bill Payment,14,6,1,52,2,89.08
General Enquiry,9,6,1,28,4,27.46
Account Services,14,1,0,27,4,55.22
Customer Support,13,2,0,44,2,166.72
Document Verification,17,2,0,45,4,68.82
Account Services,10,2,0,29,4,64.04
Customer Support,11,1,0,28,1,212.15
General Enquiry,9,4,0,28,3,39.45
Bill Payment,9,5,1,44,1,152.97
Bill Payment,14,4,0,54,4,53.21
Customer Support,14,2,0,26,1,169.01
Bill Payment,13,0,0,21,1,82.06
General Enquiry,15,0,0,10,1,33.57
Account Services,11,6,1,11,1,99.04
Customer Support,17,6,1,38,4,56.46
General Enquiry,15,4,0,17,1,72.71
Document Verification,9,2,0,39,2,117.73
General Enquiry,16,5,1,4,4,2.83
Account Services,11,5,1,17,2,63.72
Document Verification,17,3,0,14,3,30.02
General Enquiry,12,5,1,35,2,64.28
Document Verification,15,6,1,18,4,29.42
General Enquiry,13,0,0,35,1,152.55
Customer Support,12,3,0,25,3,61.73
Customer Support,11,4,0,4,3,8.44
Account Services,14,2,0,29,4,60.31
Bill Payment,17,2,0,35,3,42.7
General Enquiry,17,1,0,32,3,42.84
Document Verification,14,5,1,7,2,22.3
Customer Support,15,3,0,19,1,122.49
Account Services,9,1,0,24,2,89.88
General Enquiry,15,1,0,18,1,69.84
Bill Payment,13,4,0,36,3,38.44
Bill Payment,15,1,0,26,4,23.75
General Enquiry,12,4,0,11,4,7.21
Customer Support,9,3,0,24,1,190.36
Bill Payment,9,3,0,40,3,39.94
Bill Payment,10,2,0,38,1,127.84
Account Services,14,6,1,27,3,73.7
Document Verification,15,5,1,19,4,31.48
Account Services,13,0,0,33,4,61.56
Bill Payment,13,3,0,17,4,13.16
General Enquiry,12,5,1,33,3,48.36
Document Verification,13,3,0,28,3,58.61
Account Services,13,3,0,11,4,30.13
Bill Payment,11,6,1,14,2,26.16
Bill Payment,10,2,0,31,2,57.68
Document Verification,16,5,1,13,2,46.85
General Enquiry,16,5,1,10,3,14.81
General Enquiry,15,4,0,21,1,81.08
Account Services,15,5,1,39,2,180.86
General Enquiry,9,0,0,62,1,249.71
Document Verification,10,3,0,4,2,10.81
Document Verification,15,0,0,20,2,59.4
Document Verification,13,5,1,60,3,106.49
General Enquiry,14,0,0,23,4,25.51
Bill Payment,14,0,0,55,2,93.13
Document Verification,14,0,0,11,2,38.43
Customer Support,16,3,0,43,4,70.98
Customer Support,13,4,0,54,4,90.68
Account Services,14,6,1,7,1,54.2
General Enquiry,15,1,0,3,1,11.0
Customer Support,16,5,1,7,3,17.76
Document Verification,9,0,0,56,2,183.62
Account Services,12,1,0,25,4,47.32
General Enquiry,17,1,0,19,3,27.64
Account Services,10,5,1,57,3,165.93
Customer Support,16,3,0,42,3,90.12
Customer Support,13,5,1,36,3,77.04
Account Services,17,3,0,21,3,48.29
Bill Payment,12,6,1,2,3,1.62
Customer Support,11,4,0,23,1,165.99
Bill Payment,16,5,1,18,1,68.53
Bill Payment,14,4,0,28,4,27.49
Account Services,14,4,0,10,4,24.79
Account Services,10,4,0,38,2,139.3
Document Verification,10,3,0,36,3,66.63
General Enquiry,16,5,1,34,4,32.92
Customer Support,12,6,1,16,1,101.81
Document Verification,13,4,0,45,3,78.49
Bill Payment,17,4,0,32,1,125.35
Account Services,16,1,0,28,1,191.75
Bill Payment,16,6,1,56,2,101.65
Bill Payment,16,2,0,32,2,58.23
General Enquiry,15,1,0,21,1,95.29
Document Verification,17,6,1,40,3,81.46
Customer Support,10,1,0,25,3,53.69
Customer Support,15,1,0,2,2,8.24
Bill Payment,14,5,1,18,1,64.29
Account Services,9,2,0,43,3,118.99
Bill Payment,13,6,1,32,4,25.32
Account Services,13,6,1,37,2,132.62
Customer Support,14,3,0,35,2,132.65
Customer Support,12,1,0,8,4,9.14
Customer Support,12,0,0,19,3,42.81
Customer Support,13,6,1,7,3,15.96
Bill Payment,16,2,0,29,3,31.49
Document Verification,13,2,0,11,1,68.61
Customer Support,17,1,0,26,1,193.14
General Enquiry,12,5,1,20,2,36.79
Account Services,13,4,0,30,4,58.28
Customer Support,16,5,1,4,1,20.65
Account Services,16,2,0,28,1,198.76
Bill Payment,14,6,1,71,4,60.17
Bill Payment,10,6,1,60,2,97.11
Account Services,17,2,0,25,2,102.06
Customer Support,12,2,0,24,1,175.89
Bill Payment,13,4,0,5,1,17.68
Customer Support,11,3,0,24,3,53.28
Customer Support,13,6,1,30,3,60.84
General Enquiry,14,6,1,25,3,36.62
Document Verification,12,0,0,29,2,79.66
Customer Support,10,4,0,5,1,36.7
General Enquiry,9,0,0,59,4,60.53
Account Services,10,2,0,4,4,9.56
Document Verification,9,0,0,73,4,93.44
Bill Payment,13,0,0,53,1,193.5
Bill Payment,15,6,1,30,4,24.24
Bill Payment,12,1,0,28,3,34.01
General Enquiry,14,1,0,6,1,24.05
Customer Support,14,5,1,32,4,55.45
Account Services,11,2,0,3,1,26.36
Account Services,15,2,0,15,3,36.95
Customer Support,9,0,0,77,3,186.7
Account Services,15,3,0,3,2,11.61
General Enquiry,11,3,0,14,1,61.43
Document Verification,12,5,1,3,1,16.96
Customer Support,10,5,1,6,2,22.9
Bill Payment,9,5,1,45,3,47.94
Account Services,13,2,0,4,3,11.88
Bill Payment,10,1,0,37,3,36.58
Document Verification,11,3,0,23,3,43.27
Customer Support,9,2,0,36,4,58.83
General Enquiry,14,5,1,54,2,98.68
Document Verification,16,1,0,26,3,55.91
Document Verification,14,4,0,56,4,77.2
General Enquiry,12,4,0,36,3,51.75
Bill Payment,16,0,0,29,4,24.99
Customer Support,9,5,1,60,1,394.7
Document Verification,16,5,1,37,4,54.08
General Enquiry,9,2,0,37,1,167.62
Bill Payment,17,5,1,33,2,57.55
General Enquiry,9,1,0,52,3,74.56
Bill Payment,14,1,0,45,4,46.13
Account Services,16,2,0,32,3,90.77
Bill Payment,16,2,0,17,4,13.59
Bill Payment,14,5,1,30,3,35.6
Document Verification,14,5,1,43,3,96.67
Customer Support,10,1,0,24,4,43.67
Document Verification,15,3,0,26,3,56.02
Bill Payment,14,6,1,34,1,107.86
Document Verification,11,2,0,3,4,6.47
Bill Payment,13,0,0,39,4,27.76
Customer Support,13,0,0,31,2,98.83
Document Verification,17,5,1,50,1,280.48
General Enquiry,14,4,0,22,1,92.75
Bill Payment,11,3,0,16,2,30.28
General Enquiry,16,1,0,22,4,26.05
Document Verification,16,3,0,26,4,32.37
General Enquiry,12,5,1,7,2,15.2
Document Verification,13,6,1,14,4,14.87
Document Verification,10,2,0,33,2,100.61
General Enquiry,16,4,0,44,4,48.89
Customer Support,9,0,0,34,4,60.14
General Enquiry,13,2,0,4,3,2.76
Document Verification,10,3,0,31,1,169.8
Customer Support,12,2,0,9,4,15.12
Bill Payment,17,5,1,9,4,12.61
Bill Payment,13,6,1,43,1,136.83
Customer Support,14,2,0,53,3,124.97
General Enquiry,14,3,0,15,3,21.25
Customer Support,9,2,0,47,4,88.07
Document Verification,10,5,1,11,2,29.42
Document Verification,9,4,0,48,2,149.67
Account Services,14,3,0,41,4,92.92
General Enquiry,16,6,1,10,4,9.82
Customer Support,13,2,0,32,2,128.94
General Enquiry,15,4,0,21,4,19.87
Customer Support,14,4,0,34,1,260.48
Bill Payment,15,5,1,29,3,36.12
Customer Support,13,3,0,4,1,30.62
Account Services,13,1,0,24,4,45.54
Customer Support,17,1,0,43,3,95.17
Bill Payment,10,1,0,63,2,116.48
General Enquiry,10,5,1,54,3,72.8
Bill Payment,13,6,1,20,2,30.72
Document Verification,13,1,0,37,1,225.74
Document Verification,15,2,0,14,1,82.96
Document Verification,17,6,1,48,1,326.23
Account Services,10,3,0,66,4,131.59
Customer Support,12,0,0,18,3,38.86
Bill Payment,16,1,0,6,2,10.21
Bill Payment,10,1,0,21,4,17.32
General Enquiry,17,5,1,36,1,153.07
Bill Payment,17,2,0,20,2,34.76
Account Services,13,2,0,31,1,244.75
General Enquiry,11,6,1,8,2,13.61
Document Verification,15,6,1,26,1,134.08
Customer Support,16,4,0,43,1,339.72
Bill Payment,15,6,1,28,2,46.57
General Enquiry,11,3,0,12,3,15.8
Customer Support,15,0,0,23,1,158.23
Account Services,16,6,1,37,4,70.31
Bill Payment,14,1,0,11,2,22.18
General Enquiry,17,5,1,32,4,30.24
Account Services,13,4,0,36,4,73.21
Bill Payment,9,4,0,68,2,112.42
Account Services,16,6,1,41,4,78.36
Customer Support,9,4,0,50,4,86.31
Account Services,17,0,0,37,3,100.74
General Enquiry,9,3,0,12,2,23.4
Document Verification,15,1,0,27,2,80.14
Account Services,11,2,0,38,4,68.02
Bill Payment,15,3,0,18,2,33.79
Document Verification,13,4,0,11,1,56.56
General Enquiry,12,6,1,36,2,68.31
Customer Support,14,0,0,57,4,103.77
Account Services,11,1,0,22,1,164.47
General Enquiry,11,2,0,1,4,2.59
Customer Support,14,6,1,42,3,104.65
Customer Support,15,5,1,11,2,32.53
Customer Support,17,1,0,5,1,34.29
Account Services,10,5,1,59,4,109.22
Customer Support,16,3,0,37,1,267.8
Account Services,17,2,0,45,3,125.49
Document Verification,15,2,0,10,4,10.59
Customer Support,9,5,1,5,1,30.61
General Enquiry,17,6,1,7,3,9.93
General Enquiry,14,3,0,32,2,63.66
General Enquiry,14,6,1,3,2,5.67
General Enquiry,12,3,0,20,4,22.95
Bill Payment,14,1,0,24,4,17.89
Document Verification,13,6,1,53,1,310.19
Customer Support,13,3,0,2,1,12.98
Account Services,13,5,1,8,4,19.73
Account Services,14,1,0,27,3,84.09
Bill Payment,12,6,1,15,4,11.66
Bill Payment,15,6,1,7,3,10.47
Customer Support,17,4,0,56,2,218.18
Bill Payment,15,6,1,23,1,73.95
General Enquiry,15,0,0,44,2,92.59
Bill Payment,17,0,0,33,2,47.75
Bill Payment,15,0,0,15,4,14.28
General Enquiry,10,0,0,32,4,29.48
Account Services,17,4,0,53,3,125.71
Customer Support,13,4,0,24,2,71.86
Customer Support,15,0,0,30,2,113.95
Bill Payment,14,3,0,4,1,16.71
General Enquiry,13,4,0,23,3,30.7
Bill Payment,11,1,0,11,3,13.76
Account Services,9,3,0,43,3,127.52
Account Services,11,3,0,15,1,128.7
Bill Payment,12,3,0,24,3,25.24
Customer Support,12,4,0,9,1,57.14
Customer Support,11,0,0,33,2,122.81
Document Verification,12,5,1,20,2,53.33
Account Services,16,5,1,27,1,214.24
Account Services,11,0,0,24,4,48.29
Bill Payment,15,6,1,20,2,37.14
Customer Support,14,0,0,35,4,65.39
Document Verification,15,1,0,28,4,35.63
Bill Payment,16,2,0,39,4,30.1
Account Services,9,6,1,4,1,32.48
Customer Support,13,1,0,10,2,30.09
Bill Payment,16,2,0,11,2,14.79
Document Verification,17,3,0,20,1,123.86
Document Verification,9,3,0,45,1,282.13
Document Verification,16,3,0,40,2,133.53
Bill Payment,15,5,1,38,3,45.02
Document Verification,12,3,0,8,2,26.55
Bill Payment,10,1,0,44,2,65.38
Customer Support,13,4,0,51,4,87.61
Account Services,17,4,0,37,2,163.28
Document Verification,17,6,1,9,3,13.95
Document Verification,16,5,1,54,1,332.94
Bill Payment,9,4,0,9,3,10.63
Customer Support,14,3,0,23,1,164.34
Bill Payment,9,5,1,24,3,27.59
Customer Support,10,4,0,33,2,110.35
Customer Support,11,1,0,20,4,41.68
Account Services,11,0,0,2,1,19.72
Customer Support,14,4,0,20,4,44.23
Bill Payment,13,2,0,6,1,19.3
Account Services,13,0,0,49,4,105.73
Account Services,12,6,1,28,1,242.81
Bill Payment,15,1,0,34,3,35.27
Document Verification,12,5,1,7,1,42.6
Customer Support,15,6,1,43,1,283.48
Customer Support,14,0,0,28,3,69.0
General Enquiry,17,4,0,37,3,46.53
Customer Support,11,3,0,38,2,144.64
Document Verification,10,2,0,18,3,37.07
Customer Support,17,0,0,31,4,46.68
General Enquiry,13,3,0,41,3,60.25
General Enquiry,13,6,1,59,2,115.89
Customer Support,15,2,0,30,4,47.72
General Enquiry,13,5,1,70,1,241.12
Customer Support,11,0,0,30,2,87.04
Customer Support,17,4,0,26,4,46.26
Document Verification,14,0,0,65,2,179.88
Document Verification,9,2,0,6,3,8.33
Customer Support,14,5,1,43,4,73.63
General Enquiry,13,4,0,36,3,48.45
General Enquiry,16,4,0,18,2,36.23
Document Verification,10,1,0,15,2,37.49
Document Verification,14,0,0,18,3,44.03
Account Services,17,2,0,31,4,67.42
Document Verification,9,4,0,37,1,197.72
General Enquiry,9,0,0,36,4,40.54
Document Verification,14,2,0,41,1,221.62
Document Verification,13,3,0,22,4,29.72
General Enquiry,14,6,1,32,3,35.87
Document Verification,10,6,1,5,4,6.28
Bill Payment,13,1,0,34,1,130.14
Customer Support,17,6,1,31,1,242.69
Customer Support,13,0,0,28,4,45.79
General Enquiry,14,2,0,36,1,142.21
General Enquiry,13,6,1,35,1,150.11
Account Services,14,6,1,22,2,78.06
Customer Support,14,5,1,25,3,49.71
Customer Support,15,2,0,12,3,30.23
General Enquiry,14,6,1,37,3,51.04
Customer Support,15,2,0,35,3,69.78
General Enquiry,17,1,0,33,4,32.66
Document Verification,12,1,0,7,4,9.88
General Enquiry,14,5,1,54,2,108.49
Account Services,10,3,0,53,3,153.68
Customer Support,13,2,0,42,1,338.1
Account Services,9,2,0,45,4,82.68
Bill Payment,12,1,0,6,1,18.69
Customer Support,15,1,0,26,2,104.38
General Enquiry,15,3,0,2,3,1.12
Document Verification,14,2,0,58,4,104.06
Bill Payment,14,5,1,51,2,78.94
Customer Support,15,3,0,36,2,109.25
General Enquiry,9,2,0,2,3,1.47
Bill Payment,16,2,0,39,2,62.95
Customer Support,11,3,0,21,4,35.71
General Enquiry,15,2,0,19,1,84.62
Bill Payment,14,3,0,32,1,107.6
Bill Payment,9,5,1,55,3,62.19
Account Services,12,5,1,19,4,32.47
Bill Payment,10,6,1,61,4,57.32
Customer Support,10,3,0,34,1,213.53
Bill Payment,13,2,0,30,4,24.8
Customer Support,11,4,0,32,2,103.51
General Enquiry,11,3,0,26,1,86.17
Customer Support,15,0,0,35,2,121.51
Customer Support,15,4,0,9,3,18.49
Bill Payment,9,1,0,43,4,39.64
Account Services,9,6,1,41,1,313.27
Bill Payment,16,2,0,31,2,58.57
Bill Payment,13,2,0,26,4,25.76
Account Services,10,3,0,37,1,320.56
General Enquiry,11,1,0,24,4,20.75
Document Verification,12,1,0,9,4,11.92
Customer Support,15,2,0,5,4,12.99
Customer Support,14,3,0,9,3,21.91
Account Services,17,1,0,50,4,113.06
General Enquiry,12,6,1,25,2,50.46
General Enquiry,11,1,0,30,2,52.34
Customer Support,16,6,1,31,1,198.21
Account Services,10,5,1,51,1,437.13
Account Services,10,4,0,23,4,43.27
Document Verification,16,4,0,40,2,109.44
Account Services,14,0,0,30,2,122.07
General Enquiry,11,4,0,5,4,5.94
General Enquiry,15,6,1,20,3,23.6
Customer Support,11,3,0,6,3,13.89
Document Verification,14,3,0,41,1,227.81
Account Services,13,1,0,7,2,28.06
General Enquiry,14,6,1,51,4,46.64
Customer Support,16,0,0,26,1,190.43
General Enquiry,16,4,0,20,1,75.56
Document Verification,9,5,1,48,3,97.6
Customer Support,14,1,0,22,2,75.58
Account Services,14,1,0,48,3,141.02
Bill Payment,13,5,1,20,4,18.7
Bill Payment,12,0,0,4,3,4.85
Account Services,17,6,1,48,1,428.4
General Enquiry,12,4,0,2,1,9.1
Document Verification,16,2,0,33,3,55.86
Document Verification,11,4,0,3,4,4.15
Customer Support,13,1,0,24,2,89.5
Account Services,9,1,0,60,4,124.77
General Enquiry,15,6,1,28,4,27.43
Account Services,16,4,0,37,1,289.44
General Enquiry,11,5,1,30,4,30.66
Bill Payment,9,4,0,49,1,178.88
Bill Payment,15,1,0,31,1,115.64
Customer Support,13,1,0,55,3,128.66
Document Verification,10,2,0,12,3,22.08
Customer Support,13,0,0,17,4,26.93
Account Services,17,6,1,8,1,65.65
Customer Support,11,3,0,18,3,42.36
Bill Payment,17,6,1,20,4,17.29
Document Verification,11,3,0,31,2,89.71
Customer Support,15,3,0,30,3,64.52
Customer Support,11,6,1,47,3,98.92
Bill Payment,11,0,0,41,4,37.14
Account Services,13,3,0,52,3,153.42
Account Services,17,1,0,15,4,40.41
Customer Support,12,3,0,15,4,25.6
Document Verification,12,4,0,18,3,33.59
General Enquiry,12,0,0,3,4,1.5
Account Services,11,2,0,10,4,22.49
Document Verification,12,3,0,27,2,92.06
Bill Payment,16,3,0,46,4,40.04
Customer Support,10,2,0,46,3,96.16
Bill Payment,9,0,0,19,2,39.27
Customer Support,15,6,1,6,2,20.04
Bill Payment,9,1,0,49,4,42.22
Document Verification,11,5,1,37,3,80.74
General Enquiry,14,5,1,32,2,58.39
Document Verification,17,5,1,27,1,168.18
Bill Payment,12,1,0,5,2,8.0
Bill Payment,15,2,0,6,4,6.06
General Enquiry,13,0,0,19,3,25.11
General Enquiry,15,3,0,26,4,29.13
Document Verification,9,6,1,46,2,130.83
Customer Support,13,1,0,11,2,45.61
General Enquiry,16,4,0,27,4,28.85
Customer Support,14,3,0,42,4,74.13
Account Services,16,0,0,5,1,39.09
Bill Payment,17,6,1,33,4,27.11
Bill Payment,16,1,0,44,2,83.7
Document Verification,14,5,1,55,2,159.33
Customer Support,10,6,1,47,3,114.27
Document Verification,16,4,0,51,3,115.24
General Enquiry,10,6,1,75,1,341.67
Account Services,15,0,0,26,2,103.89
Account Services,16,0,0,49,3,122.18
Bill Payment,14,5,1,12,4,11.58
Account Services,13,4,0,19,2,71.75
Customer Support,13,5,1,37,1,245.97
Bill Payment,10,0,0,38,4,30.52
Document Verification,14,0,0,11,1,72.57
General Enquiry,17,4,0,10,4,10.53
Account Services,16,1,0,13,4,23.38
Account Services,11,6,1,37,4,67.78
Bill Payment,10,3,0,43,4,35.4
Customer Support,15,4,0,6,4,15.22
General Enquiry,15,6,1,14,3,19.18
Bill Payment,12,4,0,7,4,6.34
Bill Payment,11,3,0,14,4,9.03
Customer Support,13,0,0,8,2,27.47
Customer Support,10,4,0,21,3,50.58
General Enquiry,17,4,0,23,2,42.45
General Enquiry,9,5,1,24,3,34.67
Customer Support,11,6,1,4,3,9.04
General Enquiry,12,3,0,28,4,28.44
Bill Payment,10,3,0,8,1,31.96
Customer Support,16,4,0,17,1,125.38
Document Verification,11,0,0,4,4,3.72
Account Services,13,2,0,25,1,175.06
Account Services,9,2,0,33,1,273.38
Customer Support,14,6,1,55,3,120.16
Document Verification,11,4,0,25,3,48.28
General Enquiry,12,0,0,40,4,37.36
Customer Support,16,3,0,40,1,282.66
Bill Payment,11,4,0,9,1,33.09
General Enquiry,13,0,0,23,4,17.96
General Enquiry,17,0,0,3,2,4.23
Customer Support,12,6,1,30,4,51.08
Customer Support,9,5,1,47,4,75.31
Account Services,14,6,1,47,2,175.01
General Enquiry,15,0,0,24,2,43.47
Bill Payment,17,3,0,8,2,11.88
General Enquiry,15,0,0,48,1,166.35
General Enquiry,9,2,0,61,4,67.63
Account Services,17,2,0,14,2,62.71
General Enquiry,17,3,0,41,4,46.09
Bill Payment,11,1,0,5,3,3.77
General Enquiry,13,2,0,8,3,10.76
Document Verification,13,3,0,37,3,67.16
Bill Payment,10,3,0,8,2,13.22
Document Verification,13,3,0,22,1,150.27
Document Verification,11,1,0,7,4,11.63
Account Services,9,0,0,68,4,137.42
Document Verification,15,1,0,7,4,10.38
Bill Payment,14,6,1,15,1,57.01
Document Verification,14,0,0,5,1,27.24
Document Verification,13,5,1,29,4,37.3
Account Services,12,1,0,9,1,75.35
General Enquiry,16,1,0,49,4,49.82
Document Verification,17,4,0,3,3,5.29
Document Verification,13,4,0,44,4,70.4
Document Verification,9,3,0,21,1,130.09
Document Verification,17,3,0,24,2,75.27
Document Verification,13,0,0,58,1,370.25
Bill Payment,12,6,1,6,3,7.96
Bill Payment,13,2,0,12,4,9.35
General Enquiry,13,5,1,50,4,54.86
General Enquiry,12,0,0,18,4,16.95
General Enquiry,14,1,0,16,3,18.87
Bill Payment,11,5,1,6,3,4.25
Bill Payment,17,4,0,21,3,25.65
Account Services,9,3,0,29,3,71.79
General Enquiry,15,5,1,13,2,28.64
General Enquiry,17,0,0,49,1,177.1
Account Services,16,1,0,4,1,32.64
Bill Payment,13,5,1,18,2,27.93
General Enquiry,11,2,0,9,2,15.79
General Enquiry,16,5,1,40,1,151.49
Customer Support,13,1,0,46,3,97.7
Customer Support,10,1,0,17,2,57.22
Bill Payment,10,2,0,40,3,38.61
Bill Payment,10,5,1,17,2,25.76
Account Services,13,3,0,38,2,163.0
Account Services,10,4,0,17,3,38.05
Bill Payment,14,2,0,41,2,68.81
Customer Support,9,6,1,61,3,127.92
Account Services,16,6,1,17,1,118.66
Document Verification,10,2,0,29,1,150.87
General Enquiry,16,2,0,20,1,82.7
Document Verification,14,5,1,31,3,55.16
Bill Payment,15,2,0,26,3,29.66
Bill Payment,17,6,1,3,2,6.4
General Enquiry,14,4,0,12,1,55.01
Document Verification,11,1,0,9,3,21.46
Account Services,10,2,0,27,2,98.78
Account Services,12,6,1,36,2,152.17
Bill Payment,13,0,0,14,2,29.36
Customer Support,15,6,1,11,4,20.31
Document Verification,12,6,1,23,3,49.08
Account Services,16,6,1,59,4,120.49
Customer Support,11,0,0,9,3,22.11
Document Verification,15,2,0,39,4,62.93
Account Services,14,6,1,42,4,76.25
Customer Support,17,0,0,23,2,92.3
Document Verification,14,4,0,21,1,123.75
Customer Support,17,3,0,51,1,360.53
Document Verification,11,1,0,19,4,26.71
Customer Support,15,1,0,18,2,63.52
Document Verification,15,6,1,29,2,90.11
Customer Support,14,0,0,31,3,75.78
Bill Payment,15,2,0,34,4,33.0
Document Verification,14,4,0,59,3,107.73
Bill Payment,15,2,0,8,2,14.24
Bill Payment,9,6,1,42,3,44.45
Bill Payment,17,2,0,12,4,12.41
Account Services,12,0,0,10,2,44.02
